# Blender 5.1.2
# www.blender.org
mtllib cubes.mtl
o torso
v 0.000000 -0.004039 0.244134
v 0.103380 0.011802 0.177498
v -0.109528 0.011802 0.177810
v -0.000064 -0.011344 0.021390
v -0.044023 -0.117045 0.097101
v -0.108792 0.023671 0.183072
v 0.103381 0.023671 0.182820
v 0.106538 0.011535 0.177534
v -0.106673 0.011535 0.177441
v 0.077070 -0.068766 0.026956
v -0.023109 -0.066567 0.202614
v -0.044023 -0.117045 0.102748
v 0.108954 0.023197 0.182883
v -0.074785 -0.014301 0.202613
v -0.103753 0.023197 0.182420
v 0.055931 -0.051917 0.132800
v 0.109550 0.010751 0.177568
v -0.023109 0.037701 0.212627
v -0.030966 -0.104311 0.026956
v -0.103949 0.010751 0.177089
v 0.114313 0.021795 0.182944
v 0.059258 -0.051917 0.135187
v -0.098907 0.021795 0.181794
v -0.105008 -0.011255 0.026956
v -0.045727 -0.117690 0.104973
v 0.023109 -0.060940 0.229892
v 0.112281 0.009499 0.177599
v -0.101479 0.009499 0.176769
v -0.060309 -0.051917 0.135187
v -0.056982 -0.051917 0.132800
v 0.119252 0.019517 0.183001
v -0.064840 -0.056482 0.229892
v -0.094441 0.019517 0.181217
v 0.020073 -0.066197 0.083910
v -0.068950 -0.053640 0.130399
v 0.114624 0.007850 0.177626
v -0.099361 0.007850 0.176496
v -0.044734 -0.115198 0.091312
v -0.069497 0.029535 0.229892
v -0.065142 -0.053640 0.127730
v -0.032449 0.081800 0.026956
v 0.023109 0.042600 0.229892
v 0.123581 0.016451 0.183050
v -0.090526 0.016451 0.180712
v 0.074785 -0.014301 0.229892
v 0.116497 0.005892 0.177647
v -0.097667 0.005892 0.176277
v 0.026857 -0.071201 0.083910
v 0.000000 -0.014301 0.251645
v 0.084953 0.046256 0.026956
v -0.087313 0.012715 0.180297
v 0.127134 0.012715 0.183091
v -0.096440 0.003714 0.176118
v 0.117854 0.003714 0.177662
v 0.031160 -0.067334 0.086294
v 0.064092 -0.053640 0.127730
v -0.013583 -0.037484 0.232917
v 0.129774 0.008453 0.183121
v 0.035562 -0.024709 0.232917
v 0.032426 -0.077298 0.083910
v 0.067900 -0.053640 0.130399
v -0.084926 0.008453 0.179989
v -0.095700 0.001399 0.176022
v 0.021979 -0.058154 0.208511
v 0.118673 0.001399 0.177672
v 0.019373 -0.134657 0.096978
v -0.083456 0.003829 0.179799
v -0.042971 -0.119400 0.106475
v 0.071124 -0.014301 0.208511
v 0.131400 0.003829 0.183140
v -0.095452 -0.000981 0.175990
v 0.035562 0.006370 0.232917
v -0.058747 0.027216 0.132191
v 0.037485 -0.074260 0.086294
v 0.118946 -0.000981 0.177675
v -0.045526 -0.112770 0.097219
v -0.060049 0.028712 0.136543
v 0.131948 -0.000981 0.183146
v -0.043957 -0.004039 0.232916
v -0.095700 -0.003360 0.176022
v 0.118673 -0.003360 0.177672
v -0.065130 0.023387 0.127730
v 0.036563 -0.084254 0.083910
v -0.068950 0.023387 0.130408
v 0.131400 -0.005790 0.183140
v -0.013583 0.019145 0.232917
v -0.043818 -0.117077 0.092628
v 0.039111 -0.091803 0.083910
v 0.117854 -0.005676 0.177662
v -0.096440 -0.005676 0.176118
v 0.021979 0.039815 0.208511
v 0.129774 -0.010415 0.183121
v 0.018983 -0.138742 0.109610
v -0.084926 -0.010415 0.179989
v 0.075884 -0.064299 0.201918
v 0.059117 -0.048284 0.074569
v 0.116497 -0.007854 0.177647
v -0.097667 -0.007854 0.176277
v 0.127134 -0.014677 0.183091
v 0.079520 0.018615 0.208655
v 0.039971 -0.099653 0.083910
v 0.024553 -0.133306 0.097101
v 0.114624 -0.009812 0.177626
v 0.000000 -0.070930 0.204415
v 0.061535 0.027216 0.134882
v -0.099361 -0.009812 0.176496
v -0.090526 -0.018412 0.180712
v 0.046314 -0.069468 0.198472
v 0.046056 -0.099653 0.086294
v 0.123581 -0.018412 0.183050
v 0.057697 0.027216 0.132191
v -0.101479 -0.011461 0.176769
v -0.083858 -0.043270 0.204415
v 0.112281 -0.011461 0.177599
v 0.039111 -0.107502 0.083910
v 0.055773 0.028911 0.136442
v 0.119252 -0.021478 0.183001
v -0.017876 -0.059118 0.038095
v 0.067900 0.023387 0.130408
v -0.094441 -0.021478 0.181217
v -0.053484 -0.066454 0.204415
v -0.103949 -0.012713 0.177089
v 0.045079 -0.108569 0.086294
v 0.109550 -0.012713 0.177568
v 0.064080 0.023387 0.127730
v -0.058141 0.043586 0.213481
v 0.046800 -0.040836 0.038095
v 0.114313 -0.023756 0.182944
v -0.098907 -0.023756 0.181794
v 0.106538 -0.013497 0.177534
v 0.036563 -0.115051 0.083910
v -0.106673 -0.013497 0.177441
v 0.049146 0.052061 0.204415
v -0.103753 -0.025159 0.182420
v -0.000000 0.047692 0.213481
v 0.024553 -0.133306 0.102748
v 0.108954 -0.025159 0.182883
v -0.109528 -0.013764 0.177810
v 0.103380 -0.013764 0.177498
v 0.061112 -0.055817 0.234365
v 0.042184 -0.117143 0.086294
v 0.023029 -0.134569 0.091312
v -0.021979 -0.058154 0.234365
v 0.103381 -0.025633 0.182820
v -0.108792 -0.025633 0.183072
v 0.100222 -0.013497 0.177463
v 0.032426 -0.122007 0.083910
v -0.071124 -0.014301 0.234365
v -0.112384 -0.013497 0.178179
v -0.028411 0.030516 0.195077
v -0.021979 0.039815 0.234365
v 0.033581 -0.099756 0.022245
v 0.097807 -0.025159 0.182758
v -0.113832 -0.025159 0.183723
v -0.030857 0.030516 0.193363
v 0.097211 -0.012713 0.177428
v -0.115107 -0.012713 0.178531
v -0.032611 0.030407 0.196265
v 0.037485 -0.125045 0.086294
v 0.057541 0.031390 0.234365
v 0.029806 0.030516 0.193842
v 0.092448 -0.023756 0.182697
v -0.118678 -0.023756 0.184350
v 0.099868 -0.011255 0.022245
v 0.013583 -0.047746 0.247432
v 0.028044 0.030516 0.195077
v 0.094479 -0.011461 0.177398
v 0.026857 -0.128105 0.083910
v -0.117577 -0.011461 0.178850
v 0.043957 -0.014301 0.247431
v 0.087509 -0.021478 0.182642
v -0.123144 -0.021478 0.184928
v 0.030993 0.030442 0.195986
v -0.035562 -0.034971 0.247432
v 0.017631 -0.135266 0.088711
v -0.035562 0.006370 0.247432
v -0.119695 -0.009812 0.179124
v 0.031160 -0.131971 0.086294
v 0.092137 -0.009812 0.177371
v -0.030857 0.030516 0.157871
v 0.013583 0.019145 0.247432
v 0.083180 -0.018413 0.182594
v -0.127058 -0.018413 0.185435
v -0.028636 0.030516 0.156314
v 0.026450 -0.131558 0.106475
v 0.020073 -0.133109 0.083910
v -0.121390 -0.007854 0.179343
v -0.032449 0.030417 0.155236
v 0.090263 -0.007854 0.177350
v 0.046800 0.018325 0.038095
v 0.028595 0.030516 0.156314
v -0.130271 -0.014677 0.185851
v -0.076858 -0.027345 0.220879
v 0.023453 -0.137655 0.086294
v 0.088906 -0.005676 0.177334
v 0.029806 0.030516 0.157163
v -0.122617 -0.005676 0.179501
v -0.057848 -0.011255 0.038095
v 0.030622 0.030465 0.155690
v -0.132658 -0.010415 0.186160
v 0.012332 -0.136827 0.083910
v 0.088087 -0.003360 0.177325
v -0.123357 -0.003360 0.179597
v -0.085266 -0.025638 0.204415
v 0.020981 -0.136094 0.097219
v -0.081672 0.022573 0.204415
v -0.134128 -0.005790 0.186350
v 0.014660 -0.141879 0.086294
v 0.087814 -0.000981 0.177322
v -0.123604 -0.000981 0.179629
v -0.083070 0.021034 0.204415
v 0.003933 -0.139117 0.083910
v -0.134625 -0.000981 0.186414
v -0.080018 0.021515 0.215797
v -0.080795 -0.065952 0.022245
v 0.088087 0.001399 0.177325
v -0.123357 0.001399 0.179597
v -0.134128 0.003829 0.186350
v 0.005120 -0.144480 0.086294
v 0.028044 0.057333 0.195077
v 0.075362 0.003829 0.182507
v -0.073217 0.017067 0.206438
v -0.122617 0.003714 0.179501
v 0.088906 0.003714 0.177334
v -0.017876 0.036608 0.038095
v -0.079019 0.023425 0.212600
v -0.132658 0.008453 0.186160
v -0.083601 -0.004410 0.127846
v 0.029806 0.057333 0.193842
v -0.004802 -0.139890 0.083910
v 0.076988 0.008453 0.182525
v -0.121390 0.005892 0.179343
v 0.090263 0.005892 0.177350
v -0.093787 0.002445 0.142498
v -0.027104 0.059560 0.158908
v 0.017631 -0.135266 0.105235
v -0.028636 0.057333 0.156314
v -0.004802 -0.145358 0.086294
v -0.130271 0.012715 0.185851
v 0.079627 0.012715 0.182554
v -0.096750 0.001727 0.146014
v -0.119695 0.007850 0.179124
v 0.092137 0.007850 0.177371
v -0.094390 -0.001094 0.145738
v -0.032337 -0.067762 0.097101
v -0.027157 0.059560 0.158945
v -0.013537 -0.139117 0.083910
v 0.083180 0.016451 0.182594
v -0.127058 0.016451 0.185435
v -0.030857 0.057333 0.157871
v -0.087919 -0.019665 0.146896
v -0.080795 0.043441 0.022245
v -0.117577 0.009499 0.178850
v 0.094479 0.009499 0.177398
v 0.026106 0.059560 0.158238
v -0.083622 -0.015006 0.137325
v 0.087509 0.019517 0.182642
v -0.123144 0.019517 0.184928
v 0.029806 0.057333 0.157163
v -0.014724 -0.144480 0.086294
v -0.091229 -0.018585 0.145921
v -0.115107 0.010751 0.178531
v 0.030861 0.077245 0.022245
v 0.097211 0.010751 0.177428
v 0.027062 0.059560 0.158908
v -0.095199 -0.012621 0.148559
v -0.082727 0.023639 0.138718
v 0.028595 0.057333 0.156314
v -0.021937 -0.136827 0.083910
v -0.118678 0.021795 0.184350
v 0.092448 0.021795 0.182697
v 0.024046 -0.087263 0.095158
v -0.112384 0.011535 0.178179
v 0.100222 0.011535 0.177463
v -0.084093 0.017645 0.138718
v 0.057063 -0.028483 0.065246
v -0.080253 0.019672 0.140742
v 0.097807 0.023197 0.182758
v -0.113832 0.023197 0.183723
v -0.102932 0.025975 0.224971
v 0.103385 0.025975 0.225197
v -0.049304 0.043419 0.128263
v -0.024265 -0.141879 0.086294
v -0.102770 0.024733 0.226131
v 0.103385 0.024733 0.226370
v -0.029677 -0.133109 0.083910
v -0.097746 0.024239 0.225481
v 0.108940 0.024239 0.226433
v -0.064398 0.029093 0.155556
v -0.032337 -0.067762 0.102748
v 0.109215 0.025457 0.225263
v -0.021303 -0.071472 0.077187
v -0.097660 0.025457 0.224289
v -0.069773 0.032969 0.154638
v -0.092916 0.022776 0.224857
v 0.114282 0.022776 0.226494
v -0.086027 -0.043569 0.125751
v -0.033058 -0.137655 0.086294
v 0.057063 0.005973 0.065246
v -0.076060 -0.049479 0.125751
v 0.114821 0.023923 0.225327
v -0.092591 0.023923 0.223634
v -0.077391 -0.044360 0.129847
v -0.036462 -0.128105 0.083910
v -0.088464 0.020400 0.224282
v 0.119205 0.020400 0.226549
v 0.119988 0.021432 0.225385
v -0.030312 -0.068940 0.173998
v -0.087919 0.021432 0.223030
v -0.030813 -0.066500 0.091312
v -0.023800 -0.058950 0.185331
v -0.084562 0.017202 0.223777
v -0.040765 -0.131971 0.086294
v 0.123520 0.017202 0.226598
v -0.054175 -0.064464 0.167509
v 0.124516 0.018080 0.225436
v 0.000000 -0.067006 0.065246
v -0.083824 0.018080 0.222501
v 0.010851 -0.066487 0.181915
v -0.042030 -0.122007 0.083910
v -0.081360 0.013305 0.223364
v 0.127062 0.013305 0.226638
v 0.013260 -0.065428 0.175973
v 0.128233 0.013995 0.225478
v 0.035267 -0.056359 0.065246
v -0.080463 0.013995 0.222066
v 0.011994 -0.057229 0.186012
v -0.078981 0.008860 0.223056
v -0.047089 -0.125045 0.086294
v 0.129693 0.008860 0.226668
v 0.081515 -0.034616 0.138423
v 0.024046 -0.087263 0.099251
v 0.130994 0.009335 0.225509
v -0.077966 0.009335 0.221744
v -0.046168 -0.115051 0.083910
v 0.077521 -0.029112 0.126458
v -0.077515 0.004036 0.222867
v 0.131313 0.004036 0.226687
v 0.072533 -0.031767 0.142519
v 0.132695 0.004278 0.225529
v -0.057063 -0.028483 0.065246
v 0.131861 -0.000981 0.226693
v -0.051789 -0.117143 0.086294
v 0.069603 0.045989 0.138193
v 0.074745 0.025145 0.128069
v 0.133269 -0.000981 0.225535
v -0.034234 -0.069510 0.106475
v -0.048716 -0.107502 0.083910
v 0.131313 -0.005997 0.226687
v 0.083356 0.023641 0.138193
v -0.077515 -0.005997 0.222867
v -0.054683 -0.108569 0.086294
v 0.048873 0.064111 0.195966
v 0.132695 -0.006240 0.225529
v 0.129693 -0.010821 0.226668
v -0.035267 -0.056359 0.065246
v -0.000273 0.064472 0.195966
v -0.078981 -0.010821 0.223056
v -0.049576 -0.099653 0.083910
v 0.130994 -0.011296 0.225509
v 0.021706 0.055761 0.200063
v -0.077966 -0.011296 0.221744
v -0.081360 -0.015267 0.223364
v 0.127062 -0.015267 0.226638
v -0.021336 -0.068456 0.105235
v -0.047989 0.053113 0.137761
v 0.128233 -0.015957 0.225478
v -0.080463 -0.015956 0.222066
v -0.055661 -0.099653 0.086294
v -0.048716 -0.091803 0.083910
v -0.084562 -0.019164 0.223777
v -0.021954 0.069794 0.151099
v 0.123520 -0.019164 0.226598
v -0.001611 0.069404 0.189309
v 0.124516 -0.020041 0.225436
v -0.083824 -0.020041 0.222501
v -0.035267 0.033848 0.065246
v -0.088464 -0.022362 0.224282
v 0.119205 -0.022362 0.226549
v -0.057791 0.050742 0.190419
v -0.057063 0.005973 0.065246
v 0.119988 -0.023393 0.225385
v -0.087919 -0.023393 0.223030
v -0.054683 -0.090736 0.086294
v 0.083074 0.021843 0.170920
v -0.028764 -0.064975 0.097219
v -0.092916 -0.024738 0.224857
v 0.114282 -0.024738 0.226494
v 0.052700 0.055289 0.170920
v -0.092591 -0.025884 0.223634
v 0.114821 -0.025884 0.225327
v -0.046168 -0.084254 0.083910
v 0.030916 -0.090204 0.093509
v -0.097746 -0.026201 0.225481
v 0.108940 -0.026201 0.226433
v 0.109215 -0.027418 0.225263
v -0.097660 -0.027418 0.224289
v 0.050923 0.053675 0.187667
v -0.042030 -0.077298 0.083910
v 0.035267 0.033848 0.065246
v -0.102770 -0.026695 0.226131
v 0.103385 -0.026695 0.226370
v -0.047089 -0.074260 0.086294
v -0.102932 -0.027936 0.224971
v 0.103385 -0.027936 0.225197
v 0.097830 -0.026201 0.226307
v -0.058433 0.049037 0.200311
v -0.107793 -0.026201 0.226780
v 0.036239 -0.084024 0.102748
v -0.000292 0.062463 0.199200
v -0.108204 -0.027418 0.225652
v -0.036462 -0.071201 0.083910
v 0.097555 -0.027418 0.225131
v -0.112624 -0.024738 0.227404
v -0.023402 0.052614 0.201080
v 0.000000 0.044496 0.065246
v 0.092488 -0.024738 0.226247
v 0.091949 -0.025884 0.225067
v 0.075161 0.013680 0.141236
v -0.040765 -0.067334 0.086294
v -0.113273 -0.025884 0.226307
v 0.034409 -0.086107 0.106562
v 0.071829 -0.023034 0.175515
v 0.087565 -0.022362 0.226191
v -0.117075 -0.022362 0.227979
v 0.083879 -0.042116 0.171419
v -0.117945 -0.023393 0.226911
v -0.029677 -0.066197 0.083910
v 0.086782 -0.023393 0.225008
v 0.035188 -0.081669 0.106475
v 0.071476 -0.018667 0.192013
v -0.120977 -0.019164 0.228484
v 0.083250 -0.019164 0.226142
v 0.085061 -0.045865 0.187917
v -0.122040 -0.020041 0.227440
v 0.082254 -0.020041 0.224957
v -0.033058 -0.061650 0.086294
v -0.072206 -0.012571 0.077609
v -0.124179 -0.015267 0.228898
v 0.079709 -0.015267 0.226102
v 0.076901 0.012354 0.175418
v -0.125401 -0.015956 0.227874
v 0.078537 -0.015956 0.224915
v 0.036950 -0.085871 0.091312
v 0.071653 -0.020851 0.183764
v -0.126559 -0.010821 0.229205
v 0.077077 -0.010821 0.226072
v 0.037742 -0.088299 0.097219
v -0.127898 -0.011296 0.228196
v 0.075776 -0.011296 0.224883
v 0.030916 -0.090204 0.100648
v 0.084470 -0.043990 0.179668
v 0.078795 -0.009583 0.171792
v 0.036239 -0.084024 0.097101
v -0.128024 -0.005997 0.229395
v 0.075457 -0.005997 0.226054
v 0.076721 -0.014617 0.163282
v -0.032337 -0.067762 0.095188
v -0.129436 -0.006240 0.228395
v 0.072681 -0.059425 0.145684
v 0.074910 -0.000981 0.226048
v -0.028764 -0.064975 0.099220
v -0.128519 -0.000981 0.229458
v 0.065881 -0.053472 0.132450
v -0.129955 -0.000981 0.228462
v -0.057071 -0.084775 0.055278
v -0.032337 -0.067762 0.089414
v 0.059610 -0.061500 0.142238
v -0.128024 0.004036 0.229395
v 0.075457 0.004036 0.226054
v 0.046770 0.067202 0.149571
v 0.074075 0.004278 0.224864
v 0.031160 -0.067334 0.089462
v -0.129436 0.004278 0.228395
v 0.026705 0.067563 0.149571
v -0.023245 0.048036 0.076828
v 0.077077 0.008860 0.226072
v -0.126559 0.008860 0.229205
v 0.035678 0.058853 0.153668
v 0.075776 0.009335 0.224883
v -0.127898 0.009335 0.228196
v 0.037485 -0.074260 0.089462
v 0.079709 0.013305 0.226102
v 0.055846 -0.085442 0.054760
v -0.032348 0.064869 0.158933
v -0.124179 0.013305 0.228898
v 0.078537 0.013995 0.224915
v -0.034264 0.060404 0.189954
v -0.043235 -0.102250 0.095447
v -0.125401 0.013995 0.227874
v -0.035280 0.060085 0.199868
v 0.083250 0.017202 0.226142
v 0.045079 -0.090736 0.089462
v -0.120977 0.017202 0.228484
v -0.122040 0.018079 0.227440
v -0.034088 0.064290 0.156577
v 0.082254 0.018079 0.224957
v 0.046056 -0.099653 0.089462
v -0.043268 -0.011361 0.024845
v -0.034403 0.064185 0.156151
v -0.117075 0.020400 0.227979
v 0.087565 0.020400 0.226191
v 0.045079 -0.108569 0.089462
v 0.086782 0.021432 0.225008
v -0.117945 0.021432 0.226911
v 0.036043 -0.031664 0.024734
v 0.092488 0.022776 0.226247
v -0.112624 0.022776 0.227404
v 0.042184 -0.117143 0.089462
v 0.091949 0.023923 0.225067
v -0.113273 0.023923 0.226307
v 0.097830 0.024239 0.226307
v -0.032337 -0.067762 0.100834
v -0.107793 0.024239 0.226780
v 0.037485 -0.125045 0.089462
v 0.097555 0.025457 0.225131
v -0.108204 0.025457 0.225652
v -0.014702 0.023507 0.025063
v 0.107704 0.017100 0.177547
v -0.105619 0.017100 0.177304
v -0.109528 0.017465 0.177810
v 0.103380 0.017465 0.177498
v 0.027367 -0.123657 0.106707
v 0.031160 -0.131971 0.089462
v -0.101871 0.016022 0.176820
v 0.111848 0.016022 0.177594
v 0.115645 0.014281 0.177637
v -0.098437 0.014281 0.176376
v 0.023453 -0.137655 0.089462
v -0.095452 0.011956 0.175990
v -0.034234 -0.069510 0.104562
v 0.118947 0.011956 0.177675
v -0.014257 -0.045167 0.024661
v 0.121632 0.009150 0.177705
v -0.093024 0.009150 0.175677
v 0.123609 0.005977 0.177728
v 0.014660 -0.141879 0.089462
v -0.091236 0.005977 0.175445
v 0.005120 -0.144480 0.089462
v 0.124818 0.002559 0.177741
v -0.030813 -0.066500 0.093314
v 0.125224 -0.000981 0.177746
v 0.037593 0.009813 0.024981
v 0.124818 -0.004521 0.177741
v 0.123609 -0.007939 0.177728
v -0.004802 -0.145358 0.089462
v -0.031517 -0.025054 0.024771
v 0.121632 -0.011112 0.177705
v -0.093024 -0.011112 0.175677
v -0.095452 -0.013918 0.175990
v -0.014724 -0.144480 0.089462
v 0.118947 -0.013918 0.177675
v -0.024265 -0.141879 0.089462
v -0.098437 -0.016242 0.176376
v 0.115645 -0.016242 0.177637
v -0.101871 -0.017983 0.176820
v -0.043235 -0.102250 0.098795
v 0.111848 -0.017983 0.177594
v -0.105619 -0.019062 0.177304
v 0.107704 -0.019062 0.177547
v -0.033058 -0.137655 0.089462
v 0.057918 0.026592 0.075924
v -0.109528 -0.019427 0.177810
v 0.103380 -0.019427 0.177498
v -0.113438 -0.019062 0.178315
v 0.099057 -0.019062 0.177449
v -0.040765 -0.131971 0.089462
v -0.117186 -0.017983 0.178799
v 0.094912 -0.017983 0.177402
v -0.029156 -0.045611 0.038095
v 0.091115 -0.016242 0.177359
v -0.120619 -0.016242 0.179243
v -0.086546 -0.098179 0.050632
v 0.087813 -0.013918 0.177322
v -0.123605 -0.013918 0.179629
v -0.047089 -0.125045 0.089462
v -0.126033 -0.011112 0.179943
v -0.044023 -0.117045 0.095188
v 0.085129 -0.011112 0.177292
v -0.051789 -0.117143 0.089462
v 0.083151 -0.007939 0.177269
v -0.127820 -0.007939 0.180174
v -0.054683 -0.108569 0.089462
v 0.081943 -0.004521 0.177255
v -0.128913 -0.004521 0.180315
v -0.050981 -0.106384 0.048103
v 0.081536 -0.000981 0.177251
v -0.129281 -0.000981 0.180362
v 0.081943 0.002559 0.177255
v -0.044734 -0.115198 0.093314
v -0.128913 0.002559 0.180315
v 0.083151 0.005977 0.177269
v -0.055661 -0.099653 0.089462
v -0.127820 0.005977 0.180174
v -0.044023 -0.117045 0.089414
v 0.085129 0.009150 0.177292
v -0.126033 0.009150 0.179943
v -0.054683 -0.090736 0.089462
v -0.123605 0.011956 0.179629
v 0.087813 0.011956 0.177322
v 0.091115 0.014281 0.177359
v -0.041766 -0.102580 0.019258
v -0.120619 0.014281 0.179243
v -0.080937 -0.088043 0.013714
v 0.094912 0.016022 0.177402
v -0.117186 0.016022 0.178799
v -0.113438 0.017100 0.178315
v 0.099057 0.017100 0.177449
v -0.040765 -0.067334 0.089462
v -0.108576 0.011471 0.161750
v -0.008522 -0.126836 0.102890
v 0.106854 0.011471 0.161706
v 0.105696 0.005233 0.159460
v -0.109931 0.005233 0.159678
v -0.033058 -0.061650 0.089462
v 0.019139 -0.048655 0.038095
v -0.111828 0.005415 0.159707
v 0.103631 0.005415 0.159222
v -0.111598 0.011760 0.161798
v 0.103563 0.011760 0.161328
v -0.045526 -0.112770 0.099220
v -0.016154 -0.124661 0.099145
v 0.109991 0.010667 0.162013
v -0.105701 0.010667 0.161652
v -0.004802 -0.071684 0.087122
v -0.108161 0.004739 0.159618
v 0.107627 0.004739 0.159650
v 0.112838 0.009398 0.162238
v -0.103100 0.009398 0.161510
v 0.063640 -0.097364 0.013647
v 0.109312 0.003990 0.159783
v -0.106622 0.003990 0.159534
v -0.042971 -0.119400 0.104562
v 0.074236 -0.107840 0.051847
v 0.115279 0.007737 0.162375
v -0.100877 0.007737 0.161332
v -0.105380 0.003064 0.159435
v 0.000993 -0.072222 0.087122
v 0.110677 0.003064 0.159860
v -0.009278 -0.129362 0.106822
v -0.099107 0.005771 0.161127
v 0.117233 0.005771 0.162420
v 0.111691 0.002047 0.159883
v 0.006565 -0.073813 0.087122
v -0.104461 0.002047 0.159328
v 0.050160 -0.114061 0.045256
v -0.097835 0.003589 0.160903
v 0.118649 0.003589 0.162378
v 0.112367 0.001009 0.159863
v -0.044023 -0.117045 0.100834
v -0.103853 0.001009 0.159221
v -0.097079 0.001275 0.160670
v 0.119505 0.001275 0.162252
v 0.011700 -0.076398 0.087122
v 0.112746 -0.000012 0.159807
v 0.067637 -0.118318 0.056587
v -0.103519 -0.000012 0.159118
v 0.020708 -0.065342 0.087712
v 0.119793 -0.001099 0.162050
v -0.096847 -0.001099 0.160433
v 0.112868 -0.001015 0.159721
v -0.103421 -0.001015 0.159017
v 0.076865 -0.109618 0.020799
v 0.016201 -0.079876 0.087122
v -0.097139 -0.003469 0.160200
v 0.119512 -0.003469 0.161778
v -0.016154 -0.124661 0.095080
v 0.112748 -0.002021 0.159605
v -0.103545 -0.002021 0.158918
v 0.027666 -0.070474 0.087712
v 0.118663 -0.005770 0.161442
v -0.097952 -0.005770 0.159976
v -0.103911 -0.003050 0.158818
v 0.112366 -0.003050 0.159454
v 0.043321 -0.115443 0.025826
v -0.099279 -0.007931 0.159769
v 0.117253 -0.007931 0.161050
v -0.008522 -0.126836 0.091164
v -0.104557 -0.004096 0.158717
v 0.111680 -0.004096 0.159264
v 0.019895 -0.084114 0.087122
v 0.115304 -0.009869 0.160613
v -0.101099 -0.009869 0.159587
v 0.024553 -0.133306 0.089414
v -0.105517 -0.005114 0.158622
v 0.110650 -0.005114 0.159034
v 0.033377 -0.076727 0.087712
v -0.103364 -0.011495 0.159438
v -0.071809 -0.106484 0.057306
v 0.112866 -0.011495 0.160147
v 0.022640 -0.088949 0.087122
v -0.106801 -0.006031 0.158538
v 0.109269 -0.006031 0.158770
v -0.105998 -0.012722 0.159331
v 0.037620 -0.083861 0.087712
v 0.110021 -0.012722 0.159669
v 0.107568 -0.006761 0.158486
v 0.020981 -0.136094 0.099220
v -0.108376 -0.006761 0.158475
v -0.089288 -0.095091 0.030966
v 0.106884 -0.013480 0.159203
v -0.108894 -0.013480 0.159271
v -0.110168 -0.007227 0.158439
v 0.105627 -0.007227 0.158198
v 0.024331 -0.094196 0.087122
v -0.111925 -0.013722 0.159264
v 0.103592 -0.013722 0.158769
v 0.040233 -0.091602 0.087712
v 0.103558 -0.007377 0.157926
v -0.028626 -0.123282 0.105250
v -0.112073 -0.007377 0.158435
v -0.089375 -0.094908 0.030341
v -0.114950 -0.013431 0.159309
v 0.100300 -0.013431 0.158388
v 0.101493 -0.007194 0.157688
v -0.113970 -0.007194 0.158464
v 0.024901 -0.099653 0.087122
v 0.097160 -0.012627 0.158077
v -0.117827 -0.012627 0.159404
v 0.003474 -0.132940 0.101505
v 0.099562 -0.006700 0.157499
v -0.115739 -0.006700 0.158524
v 0.041115 -0.099653 0.087712
v 0.094311 -0.011358 0.157850
v -0.059984 -0.098970 0.014402
v -0.120431 -0.011358 0.159544
v -0.117279 -0.005951 0.158607
v 0.024331 -0.105109 0.087122
v 0.097877 -0.005951 0.157365
v -0.047893 -0.108655 0.039095
v 0.091867 -0.009696 0.157712
v -0.122656 -0.009696 0.159721
v -0.118521 -0.005026 0.158707
v 0.040233 -0.107703 0.087712
v 0.096512 -0.005026 0.157289
v -0.124427 -0.007730 0.159926
v 0.022640 -0.110356 0.087122
v 0.089912 -0.007730 0.157666
v 0.095498 -0.004009 0.157265
v 0.024553 -0.133306 0.100834
v -0.119439 -0.004009 0.158813
v 0.037620 -0.115444 0.087712
v -0.125701 -0.005548 0.160150
v 0.088494 -0.005548 0.157710
v 0.094822 -0.002971 0.157286
v -0.120047 -0.002971 0.158920
v -0.080698 -0.065798 0.022422
v -0.126456 -0.003235 0.160386
v 0.016234 -0.057596 0.122221
v 0.087638 -0.003235 0.157837
v -0.120382 -0.001950 0.159024
v 0.094443 -0.001950 0.157341
v 0.019895 -0.115191 0.087122
v 0.087351 -0.000861 0.158042
v 0.033377 -0.122578 0.087712
v -0.126686 -0.000861 0.160625
v -0.120480 -0.000947 0.159124
v 0.094321 -0.000947 0.157427
v 0.024553 -0.133306 0.095188
v -0.080378 -0.065864 0.022639
v -0.126393 0.001509 0.160861
v 0.087634 0.001509 0.158317
v 0.016201 -0.119429 0.087122
v -0.120355 0.000059 0.159224
v 0.094441 0.000059 0.157543
v -0.080890 -0.065736 0.022263
v -0.125577 0.003810 0.161087
v 0.088486 0.003810 0.158656
v -0.119990 0.001089 0.159324
v 0.094823 0.001089 0.157694
v 0.027666 -0.128832 0.087712
v 0.011700 -0.122907 0.087122
v -0.124247 0.005970 0.161296
v 0.089899 0.005970 0.159051
v 0.095510 0.002134 0.157884
v -0.119344 0.002134 0.159424
v -0.031066 -0.125948 0.110531
v -0.122425 0.007907 0.161480
v 0.023029 -0.134569 0.093314
v 0.091850 0.007907 0.159489
v -0.118383 0.003152 0.159520
v 0.096539 0.003152 0.158115
v 0.020708 -0.133963 0.087712
v 0.006565 -0.125492 0.087122
v -0.120158 0.009533 0.161629
v 0.094290 0.009533 0.159956
v -0.117099 0.004069 0.159604
v 0.097921 0.004069 0.158378
v -0.068027 -0.070835 0.040956
v -0.117524 0.010760 0.161735
v -0.037809 -0.094046 0.042748
v 0.097136 0.010760 0.160432
v 0.099621 0.004799 0.158663
v 0.012770 -0.137777 0.087712
v -0.115525 0.004799 0.159667
v -0.114627 0.011518 0.161793
v 0.100273 0.011518 0.160897
v 0.003474 -0.132940 0.092612
v 0.000993 -0.127084 0.087122
v 0.101562 0.005265 0.158950
v -0.113733 0.005265 0.159703
v 0.026450 -0.131558 0.104562
v -0.109052 0.009879 0.160135
v 0.106581 0.009879 0.160037
v -0.111797 0.010143 0.160177
v 0.004156 -0.140125 0.087712
v 0.103593 0.010143 0.159693
v 0.109421 0.009153 0.160316
v -0.033718 -0.082716 0.044199
v -0.106450 0.009153 0.160047
v 0.111981 0.008015 0.160519
v -0.104111 0.008015 0.159920
v -0.004802 -0.127621 0.087122
v -0.004802 -0.140918 0.087712
v 0.114155 0.006540 0.160641
v -0.102131 0.006540 0.159762
v -0.028626 -0.123282 0.088695
v -0.100573 0.004815 0.159581
v 0.115876 0.004815 0.160681
v -0.099466 0.002924 0.159386
v -0.059221 -0.061406 0.042621
v 0.117108 0.002924 0.160644
v -0.010597 -0.127084 0.087122
v 0.117845 0.000939 0.160535
v -0.098815 0.000939 0.159185
v -0.013760 -0.140125 0.087712
v -0.098617 -0.001086 0.158982
v 0.118091 -0.001086 0.160362
v -0.098868 -0.003108 0.158782
v 0.117849 -0.003108 0.160129
v 0.069682 -0.077515 0.038918
v 0.117116 -0.005085 0.159839
v -0.016170 -0.125492 0.087122
v -0.099570 -0.005085 0.158590
v 0.115885 -0.006961 0.159497
v 0.036239 -0.084024 0.095188
v -0.100728 -0.006961 0.158410
v -0.022374 -0.137777 0.087712
v -0.102335 -0.008663 0.158250
v 0.114164 -0.008663 0.159113
v -0.104357 -0.010107 0.158118
v 0.036950 -0.085871 0.093314
v 0.111987 -0.010107 0.158697
v -0.106729 -0.011206 0.158022
v -0.021305 -0.122907 0.087122
v 0.109426 -0.011206 0.158269
v 0.106584 -0.011888 0.157848
v -0.109352 -0.011888 0.157970
v 0.058840 -0.062245 0.047079
v -0.030313 -0.133963 0.087712
v 0.103596 -0.012105 0.157455
v -0.112103 -0.012105 0.157964
v -0.114848 -0.011841 0.158007
v 0.100608 -0.011841 0.157111
v 0.041227 -0.093817 0.046540
v -0.042502 -0.039932 0.122221
v 0.097768 -0.011114 0.156832
v -0.117450 -0.011114 0.158095
v 0.095208 -0.009976 0.156629
v -0.119789 -0.009976 0.158222
v -0.025806 -0.119429 0.087122
v 0.033009 -0.078601 0.043206
v 0.093034 -0.008502 0.156507
v -0.121769 -0.008502 0.158380
v -0.123328 -0.006776 0.158561
v 0.091313 -0.006776 0.156467
v -0.037271 -0.128832 0.087712
v 0.090081 -0.004886 0.156505
v -0.029500 -0.115191 0.087122
v -0.124435 -0.004886 0.158756
v -0.040285 -0.097706 0.091530
v 0.089344 -0.002901 0.156613
v -0.125085 -0.002901 0.158957
v 0.089098 -0.000876 0.156786
v -0.125283 -0.000876 0.159160
v -0.042982 -0.122578 0.087712
v -0.125033 0.001146 0.159359
v 0.035188 -0.081669 0.104562
v 0.089340 0.001146 0.157020
v -0.124330 0.003123 0.159552
v -0.032245 -0.110356 0.087122
v 0.090073 0.003123 0.157309
v -0.123172 0.004999 0.159732
v 0.072864 -0.115496 0.033143
v 0.091304 0.004999 0.157651
v -0.121565 0.006701 0.159892
v 0.093026 0.006701 0.158036
v 0.067388 -0.106606 0.013644
v -0.047225 -0.115444 0.087712
v 0.095202 0.008145 0.158451
v -0.119543 0.008145 0.160024
v 0.028021 -0.118052 0.098795
v 0.097763 0.009244 0.158879
v -0.117172 0.009244 0.160119
v -0.114549 0.009926 0.160172
v 0.100605 0.009926 0.159300
v -0.033935 -0.105109 0.087122
v 0.037742 -0.088299 0.099220
v -0.109979 0.006693 0.144858
v 0.107894 0.006693 0.144756
v -0.110103 0.006151 0.144260
v 0.107850 0.006151 0.144146
v -0.049838 -0.107703 0.087712
v 0.105962 0.006323 0.144059
v -0.111819 0.006323 0.144416
v 0.050755 -0.115273 0.022913
v 0.105879 0.006875 0.144664
v -0.034506 -0.099653 0.087122
v -0.111810 0.006875 0.145024
v -0.108274 0.006199 0.144671
v -0.043191 -0.096479 0.108615
v 0.109775 0.006199 0.144811
v -0.050720 -0.099653 0.087712
v 0.109608 0.005689 0.144197
v -0.108509 0.005689 0.144085
v 0.067077 -0.113073 0.021591
v -0.106792 0.005451 0.144476
v 0.111413 0.005451 0.144826
v -0.107133 0.004992 0.143904
v -0.033935 -0.094196 0.087122
v 0.111130 0.004992 0.144211
v -0.105600 0.004526 0.144287
v 0.053609 -0.121481 0.049117
v 0.112737 0.004526 0.144807
v -0.049838 -0.091602 0.087712
v -0.106035 0.004139 0.143730
v 0.112349 0.004139 0.144193
v -0.104721 0.003509 0.144115
v 0.113719 0.003509 0.144759
v -0.032245 -0.088949 0.087122
v -0.105237 0.003214 0.143573
v 0.036239 -0.084024 0.100834
v 0.113240 0.003214 0.144150
v -0.104142 0.002471 0.143964
v 0.057162 -0.102074 0.015139
v 0.114370 0.002471 0.144691
v 0.113823 0.002285 0.144089
v -0.104719 0.002285 0.143439
v -0.047225 -0.083861 0.087712
v -0.103827 0.001450 0.143837
v -0.029500 -0.084114 0.087122
v 0.114731 0.001450 0.144609
v -0.104442 0.001384 0.143326
v 0.114141 0.001384 0.144017
v 0.036239 -0.084024 0.089414
v -0.103741 0.000447 0.143730
v 0.114842 0.000447 0.144515
v 0.059341 -0.107273 0.014029
v -0.042982 -0.076727 0.087712
v 0.114237 0.000508 0.143934
v -0.104367 0.000508 0.143233
v -0.103869 -0.000559 0.143640
v -0.025806 -0.079876 0.087122
v 0.114716 -0.000559 0.144408
v -0.104480 -0.000372 0.143154
v -0.040285 -0.097706 0.102539
v 0.114126 -0.000372 0.143840
v -0.104231 -0.001589 0.143566
v 0.114334 -0.001589 0.144284
v 0.031921 -0.099873 0.022366
v -0.037271 -0.070474 0.087712
v 0.113789 -0.001283 0.143731
v -0.104799 -0.001283 0.143089
v 0.113655 -0.002635 0.144142
v -0.021305 -0.076398 0.087122
v -0.104863 -0.002635 0.143513
v 0.113179 -0.002222 0.143604
v 0.036659 -0.092512 0.108893
v -0.105367 -0.002222 0.143041
v 0.112641 -0.003653 0.143985
v 0.031793 -0.098344 0.022795
v -0.105800 -0.003653 0.143487
v -0.106221 -0.003151 0.143018
v 0.112255 -0.003151 0.143460
v -0.030313 -0.065342 0.087712
v -0.042502 0.012713 0.123657
v -0.107048 -0.004570 0.143497
v 0.111284 -0.004570 0.143819
v 0.111003 -0.003998 0.143307
v -0.107373 -0.003998 0.143026
v -0.016170 -0.073813 0.087122
v 0.109618 -0.005300 0.143654
v -0.035197 -0.075239 0.095447
v -0.108575 -0.005300 0.143548
v -0.010597 -0.072222 0.087122
v -0.108794 -0.004678 0.143074
v 0.109451 -0.004678 0.143153
v -0.110310 -0.005767 0.143641
v 0.107719 -0.005767 0.143503
v 0.023155 -0.044619 0.034921
v -0.110418 -0.005115 0.143161
v 0.041551 -0.036360 0.031575
v 0.107675 -0.005115 0.143012
v -0.035197 -0.075239 0.098795
v -0.112152 -0.005917 0.143775
v 0.105698 -0.005917 0.143377
v 0.105779 -0.005256 0.142894
v 0.048586 -0.111661 0.018311
v -0.112145 -0.005256 0.143287
v -0.113984 -0.005735 0.143942
v 0.103683 -0.005735 0.143284
v 0.031111 -0.096202 0.099448
v 0.016234 0.029017 0.116896
v -0.113862 -0.005084 0.143443
v 0.103890 -0.005084 0.142807
v 0.029723 -0.038016 0.029729
v 0.101802 -0.005242 0.143230
v -0.115689 -0.005242 0.144129
v 0.102133 -0.004622 0.142756
v 0.031111 -0.096202 0.094970
v -0.115456 -0.004622 0.143618
v -0.117170 -0.004493 0.144324
v 0.100163 -0.004493 0.143214
v 0.066806 -0.119700 0.046372
v 0.100610 -0.003925 0.142742
v 0.017564 -0.079090 0.109835
v -0.116832 -0.003925 0.143799
v 0.082371 -0.104905 0.038279
v -0.118363 -0.003568 0.144512
v 0.098839 -0.003568 0.143234
v 0.099392 -0.003072 0.142760
v -0.117930 -0.003072 0.143973
v 0.052535 -0.011352 0.121060
v -0.119243 -0.002551 0.144685
v 0.097858 -0.002551 0.143281
v -0.118728 -0.002147 0.144130
v -0.035483 -0.081572 0.091530
v 0.098500 -0.002147 0.142803
v 0.097206 -0.001514 0.143349
v -0.119821 -0.001514 0.144835
v -0.037619 -0.077801 0.109926
v -0.119246 -0.001218 0.144265
v 0.097918 -0.001218 0.142864
v 0.032842 -0.101854 0.095447
v 0.028334 -0.101295 0.108277
v 0.096845 -0.000493 0.143431
v -0.120136 -0.000493 0.144962
v -0.039751 -0.089463 0.109296
v -0.119523 -0.000317 0.144377
v 0.097600 -0.000317 0.142936
v -0.120223 0.000510 0.145069
v 0.096734 0.000510 0.143524
v 0.022151 -0.067821 0.072809
v -0.119598 0.000559 0.144470
v 0.026131 -0.109407 0.107707
v 0.097504 0.000559 0.143019
v 0.096860 0.001517 0.143632
v 0.068715 -0.010180 0.072066
v -0.120094 0.001517 0.145159
v 0.097614 0.001439 0.143112
v -0.040265 -0.097765 0.093689
v -0.119485 0.001439 0.144549
v -0.040265 -0.097765 0.100476
v 0.097242 0.002546 0.143756
v -0.119732 0.002546 0.145233
v -0.043171 -0.096334 0.105591
v 0.097952 0.002349 0.143222
v -0.119165 0.002349 0.144614
v -0.045706 -0.117546 0.101950
v -0.119100 0.003592 0.145286
v 0.097921 0.003592 0.143897
v -0.042226 -0.116285 0.099012
v 0.098562 0.003289 0.143349
v -0.118597 0.003289 0.144662
v 0.098935 0.004610 0.144055
v -0.118163 0.004610 0.145312
v 0.019323 -0.134696 0.095267
v 0.099486 0.004218 0.143493
v -0.117743 0.004218 0.144685
v -0.016205 -0.124699 0.097239
v -0.008502 -0.126895 0.093322
v -0.116915 0.005527 0.145303
v 0.100292 0.005527 0.144221
v 0.100738 0.005065 0.143646
v -0.008502 -0.126895 0.100826
v -0.116592 0.005065 0.144677
v -0.016205 -0.124699 0.097082
v 0.101959 0.006258 0.144386
v -0.115388 0.006258 0.145252
v -0.115170 0.005745 0.144630
v -0.009258 -0.129218 0.103798
v 0.102289 0.005745 0.143799
v 0.103858 0.006724 0.144537
v -0.056634 -0.036089 0.073669
v -0.113652 0.006724 0.145158
v -0.113547 0.006182 0.144542
v -0.043869 -0.117115 0.094786
v 0.104066 0.006182 0.143941
v -0.043869 -0.117115 0.099427
v 0.017651 -0.135325 0.103171
v 0.019003 -0.138598 0.106587
v 0.017651 -0.135325 0.090869
v 0.036679 -0.092367 0.105870
v -0.035247 -0.075277 0.096731
v 0.033113 -0.095699 0.093689
v -0.035247 -0.075277 0.097605
v 0.033113 -0.095699 0.100476
v 0.034430 -0.085963 0.103538
v -0.056181 0.022817 0.073459
v -0.030295 -0.071945 0.099584
v -0.030295 -0.071945 0.094840
v 0.015317 -0.083705 0.093689
v 0.017585 -0.078945 0.106812
v 0.020304 0.045837 0.072468
v 0.015317 -0.083705 0.100476
v -0.021316 -0.068311 0.102212
v 0.055862 -0.033224 0.101434
v -0.043286 -0.102288 0.096731
v 0.025106 -0.122603 0.100476
v 0.027387 -0.123513 0.103683
v 0.055862 0.005447 0.100322
v -0.043286 -0.102288 0.097605
v 0.025106 -0.122603 0.093689
v -0.028606 -0.123341 0.103186
v -0.028606 -0.123341 0.090853
v -0.031046 -0.125803 0.107507
v 0.003423 -0.132978 0.099442
v 0.000000 -0.065715 0.100322
v 0.003423 -0.132978 0.094770
v -0.037222 -0.091717 0.100605
v -0.037222 -0.091717 0.093554
v 0.034524 -0.055333 0.100322
v -0.039730 -0.089319 0.106273
v -0.057718 -0.028151 0.100322
v 0.025608 -0.103187 0.093689
v 0.025608 -0.103187 0.100476
v -0.034524 -0.055333 0.100322
v -0.035463 -0.081631 0.100476
v -0.035463 -0.081631 0.093689
v -0.037599 -0.077657 0.106902
v -0.034524 0.032629 0.100322
v -0.055862 0.005447 0.100322
v 0.023722 -0.110199 0.093689
v 0.023722 -0.110199 0.100476
v 0.034524 0.032629 0.100322
v -0.000438 0.039720 0.100302
v 0.040422 -0.038534 0.126065
v -0.015440 -0.055333 0.126065
v -0.049964 -0.011352 0.122349
v -0.015149 0.026950 0.120899
v 0.093496 -0.011687 0.078174
v 0.083899 -0.041278 0.079893
v -0.088864 -0.039510 0.082099
v -0.096634 -0.015992 0.086039
v -0.076544 -0.030149 0.105246
v -0.080289 -0.018506 0.108751
v -0.085391 -0.026709 0.101662
v -0.089629 -0.037240 0.100914
v -0.080289 -0.011040 0.108751
v -0.069704 0.003508 0.105099
v -0.085212 -0.003401 0.101911
v -0.078979 -0.014773 0.113019
v -0.061324 -0.013367 0.121303
v 0.080643 -0.018050 0.106430
v 0.070651 -0.034688 0.104893
v 0.081585 -0.040641 0.101331
v 0.083876 -0.025137 0.099322
v 0.070647 0.004548 0.103966
v 0.080643 -0.007667 0.106430
v 0.083968 -0.000102 0.099121
v 0.079615 -0.012859 0.113198
v 0.065588 -0.013367 0.120775
v -0.083831 -0.040239 0.084616
v -0.061432 -0.036818 0.078449
v -0.062185 -0.028880 0.097947
v -0.084363 -0.037970 0.098380
v -0.075269 -0.030878 0.101549
v 0.060384 -0.034617 0.097338
v 0.062495 -0.049677 0.079444
v 0.078561 -0.042671 0.082990
v 0.069972 -0.036080 0.099642
v 0.077061 -0.042034 0.097269
v -0.079982 -0.061113 0.081360
v -0.057583 -0.057692 0.075193
v -0.058336 -0.049754 0.094691
v -0.080514 -0.058843 0.095124
v -0.071420 -0.051752 0.098293
v 0.048963 -0.057926 0.094721
v 0.051074 -0.072986 0.076827
v 0.067140 -0.065980 0.080373
v 0.058551 -0.059390 0.097025
v 0.065640 -0.065343 0.094652
v 0.057490 -0.040754 0.088002
v 0.057114 -0.042147 0.085317
v 0.045692 -0.065456 0.082700
v -0.053841 -0.019752 0.110442
v -0.079634 -0.016639 0.110885
v -0.068934 -0.021758 0.112832
v -0.064779 -0.085680 0.087798
v -0.048624 -0.083643 0.084249
v -0.049232 -0.077766 0.095846
v -0.064920 -0.084657 0.096227
v -0.058709 -0.078965 0.097930
v 0.042837 -0.086435 0.092695
v 0.045687 -0.091569 0.087155
v 0.052809 -0.086787 0.090052
v 0.050370 -0.082019 0.099402
v 0.054165 -0.086595 0.098613
v 0.044329 -0.081556 0.098359
v 0.038561 -0.083643 0.088321
v 0.043943 -0.091173 0.082448
v 0.060009 -0.084168 0.085995
v 0.051420 -0.077577 0.102646
v 0.058509 -0.083530 0.100274
v 0.041832 -0.076113 0.100342
v -0.067746 -0.083762 0.084549
v -0.045347 -0.080341 0.078382
v -0.046100 -0.072403 0.097881
v -0.068278 -0.081492 0.098314
v -0.059184 -0.074401 0.101483
v 0.056192 -0.044026 0.085106
v 0.057605 -0.042835 0.084780
v 0.057561 -0.041083 0.087415
v -0.030921 -0.114859 0.089414
v -0.031140 -0.120100 0.089414
v -0.017110 -0.123427 0.089414
v -0.031584 -0.116793 0.089414
v 0.019491 -0.132092 0.089414
v 0.019484 -0.132104 0.089414
v 0.019448 -0.132095 0.089414
v -0.014999 -0.123094 0.089414
v -0.029947 -0.120382 0.089016
v -0.029379 -0.120517 0.088931
v -0.018319 -0.123140 0.089239
v 0.019484 -0.132104 0.089412
v -0.039946 -0.098448 0.091448
v -0.040609 -0.100766 0.091783
v -0.042225 -0.116020 0.093045
v -0.042088 -0.116308 0.093011
v -0.042214 -0.115918 0.093036
v -0.037011 -0.117406 0.091312
v -0.039389 -0.099671 0.091312
v -0.042126 -0.116336 0.095188
v -0.038722 -0.101149 0.093314
v -0.041391 -0.108400 0.094568
v -0.042084 -0.116358 0.095174
v -0.042138 -0.116244 0.095188
v -0.036523 -0.117545 0.093314
v -0.030484 -0.119272 0.091312
v -0.030493 -0.119201 0.091312
v -0.036262 -0.119148 0.093298
v -0.037152 -0.118913 0.093593
v 0.005118 -0.125094 0.091312
v 0.024510 -0.123527 0.091312
v -0.039009 -0.095171 0.091474
v -0.036976 -0.092633 0.091312
v 0.020959 -0.122600 0.091312
v -0.027106 -0.078269 0.095188
v -0.024380 -0.076930 0.095188
v -0.019280 -0.074426 0.095188
v -0.001561 -0.079151 0.093314
v -0.005377 -0.081025 0.093314
v 0.029375 -0.089557 0.093314
v 0.031131 -0.090741 0.093314
v -0.035155 -0.081688 0.091530
v -0.033521 -0.079875 0.093314
v -0.035003 -0.081157 0.091966
v 0.000327 -0.091822 0.093314
v -0.026225 -0.079939 0.095188
v -0.031459 -0.078092 0.095188
v 0.004486 -0.087672 0.093314
v -0.025581 -0.079297 0.095188
v -0.036048 -0.084812 0.091487
v -0.004748 -0.126628 0.093314
v 0.018713 -0.133335 0.091312
v 0.018823 -0.133326 0.091312
v 0.024114 -0.124296 0.093314
v -0.030070 -0.117967 0.091312
v -0.036454 -0.094534 0.093314
v -0.005531 -0.126405 0.093314
v 0.018000 -0.122700 0.093314
v -0.016816 -0.123179 0.091476
v -0.023920 -0.121148 0.091312
v 0.001144 -0.079926 0.095188
v -0.002064 -0.081501 0.095188
v 0.018146 -0.085612 0.093689
v 0.023051 -0.086953 0.094668
v 0.017662 -0.085225 0.093719
v 0.027153 -0.088675 0.095188
v 0.024152 -0.087415 0.094808
v 0.027863 -0.092161 0.093689
v 0.031463 -0.091580 0.095188
v 0.004370 -0.093682 0.095188
v -0.005812 -0.090188 0.095113
v -0.033813 -0.080205 0.095188
v -0.003923 -0.090755 0.095188
v -0.006680 -0.089782 0.095188
v 0.020192 -0.092934 0.093689
v 0.021225 -0.094890 0.093689
v 0.022071 -0.091939 0.093689
v 0.031413 -0.097395 0.093689
v 0.031414 -0.097394 0.093689
v 0.031080 -0.096226 0.093689
v 0.000346 -0.086063 0.095188
v 0.003831 -0.092662 0.095188
v -0.042227 -0.116284 0.095188
v -0.042227 -0.116283 0.095168
v -0.037154 -0.118904 0.093218
v -0.042216 -0.116186 0.095188
v -0.042078 -0.114676 0.093314
v -0.042213 -0.115918 0.093065
v -0.040579 -0.100662 0.093314
v -0.035022 -0.081222 0.093314
v -0.039065 -0.095366 0.093314
v -0.037224 -0.091710 0.093314
v 0.025605 -0.103177 0.093314
v 0.023719 -0.110188 0.093314
v 0.030932 -0.090250 0.095188
v 0.033109 -0.095688 0.093314
v 0.031414 -0.097394 0.093688
v 0.015314 -0.083695 0.093314
v -0.035982 -0.084582 0.093314
v 0.025103 -0.122593 0.093314
v 0.024023 -0.087326 0.093314
v 0.023791 -0.087229 0.093314
v -0.043764 -0.115475 0.093314
v 0.009550 -0.129255 0.093314
v 0.008514 -0.130420 0.093314
v 0.005899 -0.129672 0.093314
v -0.043676 -0.113470 0.093314
v 0.024001 -0.087297 0.093314
v -0.043755 -0.115478 0.092932
v 0.007913 -0.130248 0.093124
v 0.015366 -0.131127 0.095188
v 0.016181 -0.134312 0.096102
v 0.019368 -0.134657 0.096977
v 0.020569 -0.132361 0.096767
v 0.025778 -0.119412 0.095188
v 0.020559 -0.132359 0.096764
v 0.018377 -0.131841 0.096102
v 0.008974 -0.129612 0.095411
v 0.012120 -0.133918 0.097159
v 0.015958 -0.134332 0.098213
v 0.015787 -0.134272 0.098157
v 0.014543 -0.130932 0.097101
v 0.023604 -0.120739 0.097101
v 0.024102 -0.120436 0.097159
v -0.024103 -0.118083 0.095188
v -0.041210 -0.105180 0.095188
v -0.040961 -0.104132 0.095416
v -0.003188 -0.122721 0.095188
v -0.039461 -0.097803 0.095447
v -0.021708 -0.115261 0.095188
v 0.003183 -0.080423 0.097101
v 0.005948 -0.084162 0.097159
v 0.006609 -0.084479 0.097219
v 0.004326 -0.080797 0.097219
v 0.028609 -0.095005 0.099220
v 0.023746 -0.087165 0.099220
v 0.003185 -0.080426 0.097101
v 0.003741 -0.080606 0.097159
v -0.033904 -0.074369 0.095963
v -0.034109 -0.075235 0.095447
v -0.031056 -0.072453 0.097101
v -0.027408 -0.072440 0.097101
v -0.027900 -0.072345 0.097159
v -0.027394 -0.072440 0.097101
v -0.031056 -0.072453 0.097101
v -0.030912 -0.072356 0.097159
v -0.030761 -0.072255 0.097219
v -0.028429 -0.072246 0.097219
v -0.034186 -0.075558 0.095508
v 0.027339 -0.095009 0.099220
v -0.005829 -0.084523 0.097219
v -0.006827 -0.084208 0.097159
v -0.034202 -0.075628 0.095447
v 0.032075 -0.099351 0.097219
v 0.031210 -0.096524 0.099220
v 0.032101 -0.099436 0.097159
v 0.032374 -0.100325 0.096529
v 0.032497 -0.100931 0.096081
v 0.032082 -0.101557 0.095447
v 0.032356 -0.100400 0.096464
v 0.032249 -0.100851 0.096067
v 0.032126 -0.099517 0.097101
v 0.031067 -0.099103 0.097101
v -0.005792 -0.084684 0.097101
v 0.032123 -0.099516 0.097101
v 0.032037 -0.101745 0.095447
v 0.031017 -0.106047 0.095387
v -0.043378 -0.104638 0.097159
v -0.043576 -0.115160 0.095188
v -0.043266 -0.102305 0.097605
v -0.016212 -0.124693 0.097239
v -0.017109 -0.124451 0.097159
v -0.039726 -0.118064 0.095188
v -0.019692 -0.122814 0.097101
v -0.041492 -0.106372 0.097101
v -0.043265 -0.102272 0.097605
v -0.040840 -0.099406 0.097605
v -0.040845 -0.099422 0.097605
v -0.017995 -0.122425 0.097268
v -0.016197 -0.124698 0.097239
v -0.015609 -0.124610 0.097244
v -0.011524 -0.124751 0.097101
v -0.012482 -0.124358 0.097219
v -0.015568 -0.124968 0.097159
v -0.012915 -0.124207 0.097266
v 0.023693 -0.120227 0.097219
v -0.016201 -0.124696 0.097239
v 0.002749 -0.080335 0.099220
v 0.005567 -0.081259 0.099510
v 0.004830 -0.083690 0.099220
v 0.014937 -0.084331 0.100476
v 0.018636 -0.090296 0.100476
v 0.002812 -0.080436 0.099220
v 0.002762 -0.080357 0.099220
v 0.003042 -0.080431 0.099250
v -0.035225 -0.075262 0.097614
v -0.035222 -0.075277 0.097605
v -0.033697 -0.074234 0.098225
v -0.032010 -0.074228 0.098225
v -0.031206 -0.072558 0.099220
v -0.027098 -0.072543 0.099220
v -0.031491 -0.072750 0.099106
v 0.032093 -0.099611 0.099220
v 0.031411 -0.097385 0.100796
v 0.031184 -0.097623 0.100476
v 0.015877 -0.134304 0.097219
v 0.019369 -0.134660 0.097159
v 0.019368 -0.134662 0.097219
v 0.020565 -0.132360 0.097101
v 0.019369 -0.134659 0.097219
v 0.027981 -0.118082 0.097159
v 0.027982 -0.118081 0.097101
v 0.032366 -0.100357 0.097101
v 0.032802 -0.101884 0.097159
v 0.031421 -0.097387 0.100476
v 0.031087 -0.096220 0.100476
v 0.032125 -0.099524 0.097219
v 0.028696 -0.111316 0.097101
v 0.028695 -0.111317 0.097159
v -0.016201 -0.124696 0.097084
v -0.016212 -0.124693 0.097082
v -0.016203 -0.124697 0.097159
v -0.032845 -0.085742 0.097159
v -0.032847 -0.085743 0.097219
v -0.035116 -0.092668 0.097159
v -0.035118 -0.092670 0.097219
v -0.030286 -0.071938 0.099220
v -0.035237 -0.075269 0.097159
v -0.033904 -0.074371 0.097101
v -0.031490 -0.072745 0.097380
v -0.031069 -0.072462 0.097219
v -0.034109 -0.080215 0.097219
v -0.034116 -0.080233 0.097605
v -0.034682 -0.077649 0.096731
v -0.035223 -0.075277 0.096731
v -0.035226 -0.075263 0.096723
v -0.034664 -0.077573 0.095447
v 0.003055 -0.080435 0.099236
v 0.022993 -0.086928 0.099546
v 0.017468 -0.085155 0.100476
v 0.024009 -0.087291 0.100834
v 0.023695 -0.087189 0.100834
v -0.012908 -0.075189 0.097101
v 0.003132 -0.080409 0.097219
v -0.012910 -0.075190 0.097159
v 0.031050 -0.105910 0.097101
v 0.027889 -0.092178 0.100476
v 0.024164 -0.087420 0.099404
v 0.024043 -0.087334 0.100834
v -0.043265 -0.102273 0.096731
v -0.043266 -0.102291 0.096731
v -0.043267 -0.102304 0.096732
v -0.043267 -0.102301 0.096733
v -0.043275 -0.102280 0.097159
v -0.039456 -0.097785 0.096731
v -0.040842 -0.099413 0.097219
v -0.027361 -0.072449 0.097219
v -0.042916 -0.105327 0.097219
v -0.031489 -0.072745 0.097219
v -0.031070 -0.072462 0.097219
v -0.027347 -0.072449 0.097219
v -0.012908 -0.075189 0.097219
v 0.003130 -0.080405 0.097219
v -0.022205 -0.120949 0.097219
v 0.019371 -0.134659 0.097219
v 0.028277 -0.115289 0.097219
v 0.028696 -0.111316 0.097219
v 0.032803 -0.101883 0.097219
v 0.032129 -0.099525 0.097219
v 0.025875 -0.122139 0.097219
v 0.012559 -0.133140 0.097219
v 0.023557 -0.120767 0.097219
v -0.043712 -0.113406 0.099220
v -0.021141 -0.121322 0.099220
v -0.018642 -0.122198 0.099220
v 0.025837 -0.113770 0.099220
v 0.031668 -0.092090 0.099220
v 0.030950 -0.090295 0.099220
v 0.024171 -0.120387 0.099220
v 0.012770 -0.133214 0.099220
v -0.043422 -0.106771 0.099220
v -0.035910 -0.107063 0.099220
v -0.034018 -0.080381 0.099220
v -0.042797 -0.104988 0.099220
v -0.031663 -0.078268 0.099220
v -0.017525 -0.074894 0.099220
v -0.022604 -0.080127 0.099220
v -0.024955 -0.078542 0.099220
v 0.000088 -0.081774 0.099220
v 0.025688 -0.088060 0.099220
v 0.030930 -0.090245 0.099220
v 0.015777 -0.134269 0.098275
v -0.043723 -0.113402 0.098752
v -0.019489 -0.121901 0.099102
v -0.006507 -0.126454 0.098866
v 0.005941 -0.130819 0.099185
v 0.006601 -0.131051 0.099091
v 0.025837 -0.122246 0.098425
v 0.028330 -0.115138 0.098850
v 0.027115 -0.118601 0.098895
v -0.043467 -0.106899 0.097570
v -0.042151 -0.103147 0.098809
v -0.034100 -0.080190 0.097605
v -0.031489 -0.072744 0.097379
v -0.040852 -0.099443 0.098795
v -0.041896 -0.102418 0.098797
v -0.042099 -0.102997 0.098861
v -0.032361 -0.075229 0.098795
v -0.032647 -0.076045 0.098648
v -0.034080 -0.080131 0.098795
v -0.028429 -0.072246 0.097101
v 0.004326 -0.080797 0.097101
v -0.005829 -0.084523 0.097101
v 0.032075 -0.099351 0.097101
v 0.006609 -0.084479 0.097101
v -0.035118 -0.092670 0.097101
v -0.039455 -0.097779 0.097101
v -0.034688 -0.077678 0.097101
v -0.032847 -0.085743 0.097101
v -0.030761 -0.072255 0.097101
v -0.027098 -0.072543 0.095188
v 0.004830 -0.083690 0.095188
v 0.002749 -0.080335 0.095188
v 0.032093 -0.099611 0.095188
v 0.031210 -0.096524 0.095188
v 0.028609 -0.095005 0.095188
v 0.023746 -0.087165 0.095188
v -0.007060 -0.089983 0.095188
v -0.031206 -0.072558 0.095188
v -0.030286 -0.071938 0.095188
v 0.020542 -0.132355 0.095474
v 0.032057 -0.101661 0.095447
v 0.032347 -0.100440 0.095749
v -0.039453 -0.097773 0.096731
v -0.034694 -0.077701 0.096731
v 0.008965 -0.129610 0.100899
v 0.009187 -0.129662 0.100834
v 0.009549 -0.129255 0.100834
v -0.043776 -0.116002 0.101295
v -0.043373 -0.117199 0.101452
v -0.043251 -0.113790 0.100834
v -0.036262 -0.119148 0.100850
v -0.041391 -0.108400 0.099635
v -0.037154 -0.118904 0.100925
v -0.037950 -0.118485 0.100957
v -0.042078 -0.114676 0.100834
v 0.007707 -0.129311 0.101073
v 0.010039 -0.127313 0.100834
v -0.008736 -0.124918 0.100797
v -0.006697 -0.126665 0.100808
v -0.004828 -0.127485 0.101024
v 0.000119 -0.126235 0.100834
v 0.003642 -0.125344 0.100700
v -0.002488 -0.126894 0.100934
v -0.042207 -0.116101 0.099026
v -0.042084 -0.116358 0.099055
v -0.042227 -0.116283 0.099061
v -0.043820 -0.117093 0.100834
v -0.043834 -0.117089 0.100834
v -0.037152 -0.118913 0.100567
v -0.043789 -0.116058 0.100834
v -0.024546 -0.069610 0.102748
v -0.021811 -0.074123 0.102748
v -0.018442 -0.071057 0.102748
v 0.024510 -0.123527 0.102748
v -0.039389 -0.099671 0.102748
v -0.036830 -0.118750 0.102748
v -0.033767 -0.073825 0.102748
v -0.032736 -0.072840 0.102748
v -0.030347 -0.120288 0.102748
v -0.030493 -0.119201 0.102748
v -0.021413 -0.115014 0.102748
v 0.004556 -0.120060 0.102748
v 0.019526 -0.132114 0.102748
v 0.005118 -0.125094 0.102748
v -0.028786 -0.120658 0.102748
v -0.019290 -0.082795 0.100834
v -0.005377 -0.081025 0.100834
v -0.001561 -0.079151 0.100834
v 0.004486 -0.087672 0.100834
v 0.015314 -0.083695 0.100834
v 0.023719 -0.110188 0.100834
v 0.024114 -0.124296 0.100834
v 0.025103 -0.122593 0.100834
v 0.033109 -0.095688 0.100834
v 0.031131 -0.090741 0.100834
v 0.029375 -0.089557 0.100834
v 0.025605 -0.103177 0.100834
v -0.040941 -0.104046 0.100834
v -0.038722 -0.101149 0.100834
v -0.038720 -0.094681 0.100834
v -0.037224 -0.091710 0.100834
v -0.035467 -0.081621 0.100834
v -0.033521 -0.079875 0.100834
v -0.010894 -0.124901 0.100834
v -0.036346 -0.118865 0.100834
v -0.024597 -0.069598 0.102042
v 0.019532 -0.132115 0.102491
v -0.037830 -0.118513 0.102429
v -0.040969 -0.104163 0.102029
v -0.039727 -0.098929 0.102669
v -0.038682 -0.094521 0.102607
v -0.030952 -0.121505 0.104562
v -0.029304 -0.121793 0.105092
v -0.031584 -0.116793 0.104562
v -0.024801 -0.122582 0.104562
v -0.018499 -0.081270 0.099465
v -0.001531 -0.085996 0.100476
v -0.006236 -0.082825 0.100476
v -0.019662 -0.082277 0.100476
v -0.015008 -0.075103 0.106475
v -0.012957 -0.073237 0.106475
v 0.014322 -0.078546 0.106475
v -0.002846 -0.081367 0.106475
v 0.019317 -0.079667 0.106475
v 0.014738 -0.078167 0.106475
v 0.013872 -0.077935 0.106475
v -0.009473 -0.077953 0.106475
v -0.020060 -0.077690 0.106475
v 0.026139 -0.109349 0.106475
v 0.034411 -0.086105 0.106475
v 0.034410 -0.086103 0.106475
v 0.032543 -0.096769 0.106475
v 0.027368 -0.123646 0.106475
v 0.028346 -0.101209 0.106475
v 0.024408 -0.083741 0.106475
v -0.042547 -0.116976 0.106475
v -0.041851 -0.119596 0.106475
v -0.034437 -0.074619 0.106475
v -0.035267 -0.075412 0.106475
v -0.035599 -0.077303 0.106475
v -0.034676 -0.120853 0.106475
v -0.037577 -0.109930 0.106475
v -0.036999 -0.085297 0.106475
v 0.023254 -0.130999 0.106475
v -0.028604 -0.121916 0.106475
v -0.025326 -0.083741 0.106475
v -0.020518 -0.083741 0.106475
v -0.027207 -0.070741 0.104562
v -0.004223 -0.076276 0.104562
v 0.021296 -0.112000 0.104562
v -0.002831 -0.075010 0.104562
v 0.034423 -0.086012 0.104562
v 0.034426 -0.086019 0.104562
v 0.034124 -0.087740 0.104562
v 0.027381 -0.123555 0.104562
v 0.026301 -0.110993 0.104562
v 0.029162 -0.083768 0.104562
v 0.024850 -0.128079 0.104562
v -0.041534 -0.111190 0.104562
v -0.042341 -0.119510 0.104562
v -0.039177 -0.120064 0.104562
v -0.042934 -0.119188 0.104562
v -0.035251 -0.075317 0.104562
v -0.035283 -0.075503 0.104562
v -0.032749 -0.072927 0.104562
v -0.023709 -0.115206 0.104562
v -0.017189 -0.123915 0.104562
v 0.014720 -0.129504 0.104562
v -0.027177 -0.070746 0.104933
v 0.013923 -0.077944 0.106379
v 0.023229 -0.130994 0.105123
v -0.042566 -0.119471 0.106171
v 0.032551 -0.096723 0.105564
v 0.033683 -0.090261 0.106017
v -0.042946 -0.119256 0.106027
v -0.039066 -0.097100 0.105537
v -0.039547 -0.099848 0.105400
v -0.040197 -0.103561 0.106061
v -0.037805 -0.089902 0.106226
v -0.000789 -0.081947 0.106601
v -0.005837 -0.078399 0.106850
v -0.020428 -0.078058 0.106874
v 0.046679 -0.040241 0.072764
v 0.054606 -0.030142 0.072576
v 0.056493 -0.025595 0.072343
v 0.056546 -0.018154 0.071693
v 0.024562 0.034964 0.071977
v 0.031362 0.032676 0.072723
v 0.036292 0.030916 0.073253
v 0.045833 0.018688 0.073385
v 0.010227 0.039234 0.072159
v 0.002886 0.041131 0.073177
v -0.003298 0.040867 0.073689
v -0.018606 0.036088 0.074193
v -0.042447 0.023049 0.072801
v -0.036696 0.030162 0.073933
v -0.031823 0.032133 0.074078
v -0.051651 0.011250 0.072937
v -0.055940 0.002761 0.074018
v -0.054163 0.007911 0.073521
v -0.055883 -0.012306 0.074462
v -0.055947 -0.025291 0.073962
v -0.053920 -0.031477 0.073326
v -0.054419 -0.030824 0.073449
v -0.048848 -0.037966 0.073310
v -0.037155 -0.052700 0.075053
v -0.031143 -0.056359 0.075199
v -0.017460 -0.060547 0.074738
v 0.054504 0.007700 0.072878
v 0.056484 0.003036 0.072462
v 0.056549 -0.002787 0.071656
v 0.013276 -0.062428 0.072509
v 0.003391 -0.065304 0.073903
v -0.003061 -0.064940 0.074377
v 0.025350 -0.058795 0.072353
v 0.031939 -0.056772 0.072787
v 0.036249 -0.053551 0.072914
v -0.015112 -0.069799 0.083910
v -0.012012 -0.068961 0.087277
v -0.004802 -0.068242 0.087274
v -0.011403 -0.068901 0.087272
v 0.002128 -0.067541 0.087334
v 0.013213 -0.066971 0.083910
v 0.010349 -0.066699 0.087467
v 0.010147 -0.066720 0.087462
v -0.025145 -0.066782 0.083910
v -0.027313 -0.064136 0.087703
v -0.019865 -0.066496 0.087473
v -0.026995 -0.064908 0.083910
v -0.030685 -0.060510 0.089462
v -0.030936 -0.060631 0.086294
v -0.027470 -0.063976 0.087712
v 0.018424 -0.065404 0.083910
v 0.018358 -0.064213 0.087712
v 0.024880 -0.062703 0.086294
v 0.021644 -0.064083 0.085019
v 0.022891 -0.062406 0.089103
v 0.023908 -0.061986 0.089462
v -0.052399 -0.083968 0.086294
v -0.050440 -0.083756 0.085583
v -0.052368 -0.083876 0.087000
v -0.051553 -0.082250 0.089371
v -0.051848 -0.082335 0.089462
v -0.048662 -0.083272 0.084979
v -0.048742 -0.083296 0.085002
v -0.048856 -0.081395 0.088684
v -0.046767 -0.073907 0.089462
v -0.047089 -0.074260 0.086522
v -0.047110 -0.074295 0.086294
v -0.045606 -0.077612 0.085087
v -0.045745 -0.076146 0.088688
v -0.046429 -0.074657 0.089180
v 0.044853 -0.090066 0.088776
v 0.044642 -0.089443 0.089462
v 0.044523 -0.089472 0.089418
v 0.041336 -0.087526 0.085293
v 0.038769 -0.083934 0.088095
v 0.038734 -0.083201 0.088185
v 0.038754 -0.083439 0.088147
v 0.041152 -0.082546 0.085856
v 0.040351 -0.079079 0.086910
v 0.040904 -0.080009 0.086294
v 0.040385 -0.079136 0.089462
v 0.045098 -0.090914 0.087251
v 0.045079 -0.090736 0.087659
v 0.039262 -0.084423 0.088206
v 0.045135 -0.091249 0.086294
v 0.044673 -0.090808 0.086132
v -0.046855 -0.079341 0.085164
v -0.047662 -0.078806 0.088793
v -0.039644 -0.112869 0.087413
v -0.041621 -0.106915 0.087413
v -0.033339 -0.077376 0.087413
v -0.035065 -0.079267 0.087413
v -0.023506 -0.069857 0.087413
v -0.025754 -0.070937 0.087413
v -0.028032 -0.072697 0.087413
v 0.030039 -0.086436 0.087413
v 0.028650 -0.083989 0.087413
v 0.027428 -0.081934 0.087413
v -0.031469 -0.075232 0.087413
v -0.038255 -0.115316 0.087413
v -0.036159 -0.118840 0.087413
v -0.036083 -0.118928 0.087413
v 0.016150 -0.128368 0.087413
v 0.018427 -0.126608 0.087413
v 0.012228 -0.130252 0.087413
v 0.012051 -0.130341 0.087413
v 0.028975 -0.114659 0.087413
v 0.027943 -0.116393 0.087413
v 0.026554 -0.118840 0.087413
v 0.023734 -0.121929 0.087413
v 0.032795 -0.098550 0.087413
v 0.032185 -0.092915 0.087413
v 0.021864 -0.124073 0.087413
v -0.032337 -0.067762 0.087681
v -0.027384 -0.068937 0.087520
v 0.036239 -0.084024 0.087663
v -0.044023 -0.117045 0.087638
v 0.022318 -0.132776 0.087712
v 0.024553 -0.133306 0.088379
v -0.036248 -0.118888 0.087417
v 0.019123 -0.132018 0.087608
v 0.025948 -0.127423 0.087623
v 0.027819 -0.119533 0.087469
v 0.036160 -0.084357 0.087654
v 0.034209 -0.092585 0.087488
v 0.025179 -0.130666 0.087712
v -0.043330 -0.114121 0.087558
v -0.033679 -0.073420 0.087527
v 0.018483 -0.038533 0.127730
v 0.010276 -0.040623 0.127730
v -0.022219 -0.036021 0.127730
v -0.026903 -0.029443 0.127730
v -0.038305 -0.004080 0.127730
v -0.035521 0.009333 0.127730
v 0.010661 0.016355 0.127730
v 0.003581 0.016986 0.127730
v 0.040443 0.012866 0.127730
v 0.032878 -0.011352 0.127730
v 0.040396 0.012925 0.127730
v -0.020324 0.014993 0.127730
v -0.027779 -0.026270 0.127730
v 0.002309 -0.043398 0.127730
v 0.033642 -0.019221 0.127730
v 0.040428 0.012905 0.127730
v 0.040419 0.012917 0.127730
v -0.029431 -0.119572 0.091409
v -0.030373 -0.119303 0.091312
v -0.027174 -0.077722 0.106697
v -0.027005 -0.077777 0.106688
v -0.027163 -0.077710 0.106684
v -0.049010 -0.048298 0.032991
v -0.063622 -0.064087 0.026571
v -0.061411 -0.061146 0.027649
v -0.070819 -0.073632 0.023188
v -0.039977 -0.097374 0.026104
v -0.066783 -0.071917 0.041344
v -0.066770 -0.071800 0.041031
v -0.062870 -0.076492 0.045460
v -0.041159 -0.092434 0.044927
v -0.040379 -0.092073 0.042596
v -0.041537 -0.092252 0.045173
v -0.045006 -0.089747 0.045363
v -0.070627 -0.072273 0.028536
v -0.040118 -0.096044 0.030413
v -0.066929 -0.071827 0.040541
v 0.029426 -0.066644 0.032093
v 0.037111 -0.080084 0.027608
v 0.037667 -0.081541 0.027145
v 0.042345 -0.093511 0.023194
v 0.062293 -0.079296 0.025355
v 0.052639 -0.054979 0.033396
v 0.047703 -0.049814 0.035390
v 0.062408 -0.080286 0.046163
v 0.063166 -0.081248 0.046380
v 0.063260 -0.081194 0.046271
v 0.062669 -0.080081 0.045821
v 0.036826 -0.097503 0.029121
v 0.037793 -0.097048 0.028396
v 0.040794 -0.094315 0.043094
v 0.049526 -0.089505 0.045531
v 0.038032 -0.096867 0.028211
v 0.039821 -0.095511 0.026831
v 0.065894 -0.077237 0.035573
v 0.061791 -0.080624 0.044128
v 0.054143 -0.086256 0.046832
v -0.040967 -0.092086 0.045076
v 0.063077 -0.080588 0.046254
v 0.067900 -0.024975 0.206721
v 0.067900 -0.012426 0.210724
v 0.067900 -0.015244 0.210724
v 0.067900 -0.003626 0.206721
v 0.067900 0.023387 0.169830
v 0.067900 0.021220 0.193295
v 0.067900 0.020899 0.173253
v 0.067900 0.018722 0.186398
v 0.067900 0.019990 0.204963
v 0.067900 -0.053640 0.202695
v -0.060049 0.028711 0.153325
v -0.059609 0.028739 0.152702
v -0.052576 0.029173 0.147379
v -0.053108 0.029141 0.152466
v -0.053740 0.029101 0.210575
v -0.057779 0.028852 0.210485
v -0.022726 0.054146 0.195077
v -0.014937 0.057333 0.195077
v -0.028411 0.053412 0.195077
v 0.027188 0.057333 0.195077
v 0.023208 0.056094 0.195077
v 0.022200 0.056927 0.195077
v 0.021027 0.057333 0.195077
v -0.039041 0.029115 0.210722
v 0.028889 0.028865 0.214926
v -0.032083 0.028760 0.214873
v 0.043130 0.029692 0.205274
v 0.042572 0.029685 0.205359
v 0.059258 -0.051917 0.197940
v 0.058764 -0.051917 0.202106
v -0.018311 -0.051917 0.217878
v -0.060309 -0.051917 0.187251
v 0.049639 -0.051917 0.204277
v -0.040454 -0.051917 0.205584
v -0.055520 -0.051917 0.206470
v 0.024512 -0.051917 0.213063
v 0.011247 -0.051917 0.215876
v -0.053372 -0.007173 0.223661
v -0.049108 -0.016722 0.223661
v -0.049108 0.004753 0.223661
v -0.024077 0.023387 0.223661
v -0.030253 0.019145 0.223661
v 0.013740 0.023387 0.223661
v 0.030411 0.019053 0.223661
v -0.030253 -0.037484 0.223661
v -0.016493 -0.046367 0.223661
v -0.000097 -0.045323 0.223661
v 0.049048 -0.020762 0.223661
v 0.049048 -0.001469 0.223661
v 0.043179 -0.032270 0.223661
v 0.043179 0.010797 0.223661
v 0.030411 -0.037392 0.223661
v 0.066350 0.024319 0.160311
v 0.064409 0.025487 0.167151
v 0.067378 0.023701 0.169433
v 0.063308 0.026150 0.169237
v 0.061535 0.027216 0.179159
v 0.020044 0.027216 0.219200
v -0.026536 0.027216 0.219200
v -0.062942 0.026981 0.166800
v -0.068295 0.023778 0.178042
v -0.068950 0.023387 0.180392
v 0.026106 0.059560 0.158908
v -0.027157 0.059560 0.160244
v -0.025100 0.059560 0.163365
v -0.026803 0.059560 0.160223
v -0.015879 0.059560 0.190606
v 0.016606 0.059560 0.192483
v -0.013500 0.059560 0.192483
v 0.023315 0.059560 0.183814
v 0.026804 0.059560 0.174675
v 0.026106 0.059560 0.176502
v 0.027798 0.028497 0.215988
v -0.027932 0.027672 0.218056
v 0.026754 0.028057 0.217091
v 0.057789 0.028318 0.203044
v 0.055773 0.028911 0.203351
v 0.060437 0.027539 0.186158
v -0.068950 -0.041436 0.163297
v -0.068950 -0.044874 0.157524
v -0.068950 -0.053640 0.151358
v -0.068950 -0.039992 0.206735
v -0.068950 -0.022144 0.204609
v -0.068950 -0.012358 0.208348
v -0.068950 -0.002985 0.204609
v -0.068950 0.022885 0.181820
v -0.068950 0.017632 0.207002
v 0.064030 -0.052868 0.202454
v 0.064866 -0.053035 0.182214
v 0.065451 -0.053152 0.138062
v -0.030857 0.054077 0.191003
v -0.030857 0.053509 0.193363
v -0.030857 0.054463 0.173376
v -0.030857 0.057333 0.158798
v 0.028957 0.057844 0.193595
v 0.029023 0.057862 0.193519
v 0.028957 0.057844 0.193595
v 0.027897 0.057547 0.194828
v -0.013719 0.057992 0.194310
v -0.029750 0.057999 0.158192
v -0.029788 0.057976 0.158181
v -0.029755 0.057992 0.158184
v -0.027845 0.059145 0.160597
v -0.027823 0.059159 0.160630
v 0.027739 0.058577 0.157764
v 0.027873 0.058496 0.175243
v 0.029538 0.057494 0.174056
v -0.083135 0.000721 0.179758
v -0.082028 -0.000981 0.185251
v -0.079355 -0.004533 0.203213
v -0.086534 0.007822 0.178831
v -0.086879 0.008565 0.178925
v -0.084541 0.003623 0.179070
v -0.090846 0.009469 0.177032
v 0.075708 -0.007881 0.225750
v 0.075129 -0.006055 0.225772
v 0.073942 -0.000981 0.225230
v 0.073684 0.000698 0.224860
v 0.078115 0.012484 0.213356
v 0.078777 0.013454 0.211985
v 0.075977 0.009188 0.217854
v 0.075714 0.008509 0.218529
v 0.074143 0.004254 0.222641
v -0.077298 0.001835 0.222839
v -0.077781 -0.003070 0.222901
v -0.077255 0.004094 0.222550
v -0.081694 0.013765 0.214564
v -0.085798 0.017110 0.208054
v -0.078197 0.009305 0.220362
v -0.077466 0.007691 0.221679
v -0.078326 0.009465 0.220148
v -0.085053 0.015498 0.204873
v -0.084649 0.015016 0.204864
v -0.080822 0.008973 0.204609
v -0.081810 0.010725 0.204697
v -0.083288 0.013467 0.204843
v -0.078916 -0.000981 0.203677
v -0.079346 0.004091 0.204215
v 0.078097 -0.013823 0.206019
v 0.075811 -0.011271 0.223646
v 0.075659 -0.010948 0.224882
v 0.078890 0.013581 0.211217
v 0.079312 0.013872 0.208269
v 0.074165 -0.002378 0.208563
v 0.074010 -0.000981 0.208411
v 0.074581 0.004101 0.208209
v 0.077689 0.011439 0.208623
v 0.076248 0.008991 0.208361
v -0.081160 -0.013022 0.209133
v -0.078970 -0.011169 0.215722
v -0.077307 -0.006044 0.222613
v -0.077418 -0.005007 0.222854
v -0.077167 -0.008669 0.221640
v -0.085749 -0.016782 0.197890
v -0.083533 -0.015383 0.203346
v -0.082070 -0.013961 0.206916
v -0.085871 -0.016893 0.197736
v -0.087673 -0.018425 0.195416
v -0.085871 0.017117 0.207709
v -0.085986 0.017128 0.207163
v -0.086565 0.017186 0.204415
v -0.090457 0.002456 0.175345
v -0.090460 0.002493 0.175345
v -0.090706 0.006186 0.175827
v -0.090571 0.003896 0.175359
v -0.092076 0.002101 0.175554
v -0.091815 -0.008024 0.175520
v -0.091824 -0.007684 0.175521
v -0.091915 -0.004151 0.175533
v -0.091997 -0.000981 0.175544
v -0.091498 -0.008403 0.175479
v -0.091089 -0.008955 0.175927
v -0.088375 -0.009062 0.177505
v -0.083902 -0.012857 0.193341
v -0.084146 -0.010514 0.184667
v -0.084562 -0.009271 0.179942
v -0.089880 -0.017661 0.180628
v -0.091230 -0.012232 0.177128
v -0.091260 -0.012102 0.177060
v -0.088764 -0.012453 0.178610
v -0.086305 -0.012877 0.180167
v -0.087652 0.015548 0.191594
v -0.087669 0.016295 0.194818
v 0.078670 0.011520 0.187419
v 0.078913 0.011745 0.185103
v 0.081909 0.013922 0.181902
v 0.080390 0.013517 0.182563
v 0.079689 0.012840 0.183542
v 0.079599 0.012749 0.183674
v 0.079511 0.012852 0.187088
v 0.079332 0.012605 0.187667
v 0.081197 0.014365 0.182572
v 0.079218 0.012499 0.188750
v 0.079413 0.012967 0.190882
v 0.080353 0.014463 0.198810
v 0.079361 0.013028 0.192923
v 0.074713 -0.004762 0.199515
v 0.079158 0.013266 0.200791
v 0.079300 0.013369 0.199889
v 0.077902 0.011722 0.207528
v 0.075054 -0.005898 0.192652
v 0.075210 -0.006121 0.190383
v 0.082735 -0.018800 0.196622
v 0.079879 0.014439 0.207311
v 0.079077 -0.015324 0.203962
v 0.081773 -0.017263 0.188353
v 0.075138 -0.005868 0.189866
v 0.074945 0.000181 0.182502
v 0.074789 -0.000981 0.183277
v 0.075985 0.003708 0.182010
v 0.077527 0.008236 0.182065
v 0.077992 0.009436 0.182263
v 0.081546 -0.016806 0.184523
v 0.080847 -0.013887 0.181388
v 0.081293 -0.016428 0.182573
v 0.079493 -0.004994 0.179210
v 0.080091 -0.009168 0.179878
v 0.078100 0.008006 0.181577
v 0.078989 -0.000981 0.179240
v 0.078536 0.003216 0.179974
vn 0.0876 -0.0872 -0.9923
vn 0.0891 -0.0848 -0.9924
vn 0.0892 -0.0847 -0.9924
vn 0.2363 -0.1271 -0.9633
vn 0.0981 -0.9831 0.1543
vn -0.2871 0.0179 -0.9577
vn -0.6078 0.7657 0.2103
vn 0.4322 0.8801 0.1967
vn 0.6372 -0.6368 0.4342
vn -0.2572 -0.8553 0.4497
vn -0.0187 0.7468 0.6648
vn -0.1786 0.8599 0.4782
vn 0.6741 0.5291 0.5154
vn 0.0725 -0.2848 0.9558
vn -0.2292 -0.1632 0.9596
vn -0.4662 0.0968 0.8794
vn 0.0565 0.6346 0.7707
vn 0.3197 -0.0999 0.9422
vn 0.0726 0.6298 0.7734
vn -0.0425 0.5094 0.8595
vn -0.2052 0.5510 0.8089
vn -0.3313 -0.1572 0.9303
vn -0.2846 -0.0786 0.9554
vn -0.0288 -0.0959 0.9950
vn 0.0963 -0.2766 0.9562
vn 0.0755 -0.0593 0.9954
vn 0.3212 0.0312 0.9465
vn 0.8601 0.3201 0.3972
vn 0.7585 0.5954 0.2651
vn 0.3053 0.8030 0.5119
vn 0.0123 0.8459 0.5332
vn -0.1847 0.8889 0.4192
vn -0.3459 0.7688 0.5379
vn -0.8721 0.2475 0.4222
vn -0.2784 0.8399 -0.4659
vn -0.8599 -0.2121 0.4644
vn -0.4987 -0.7840 0.3697
vn -0.2816 -0.9365 0.2088
vn -0.0226 -0.9318 0.3622
vn 0.5378 -0.7571 0.3709
vn 0.6830 -0.6734 0.2830
vn 0.8381 -0.2882 0.4632
vn 0.1822 0.8995 0.3971
vn 0.1866 0.9212 0.3415
vn 0.0753 0.9607 0.2672
vn -0.7616 0.5979 0.2499
vn -0.7282 0.5716 0.3783
vn -0.8606 0.4230 0.2837
vn -0.7488 -0.6389 0.1765
vn -0.7509 -0.6407 0.1603
vn -0.7093 -0.7000 0.0830
vn 0.2851 -0.9482 0.1402
vn 0.2754 -0.9159 0.2919
vn 0.4513 -0.8713 0.1925
vn 0.9887 -0.0000 0.1502
vn 0.9267 0.2419 0.2877
vn 0.1416 0.0999 -0.9849
vn 0.0009 0.0454 -0.9990
vn -0.0889 0.1815 -0.9794
vn -0.0502 0.1965 -0.9792
vn -0.0483 0.0261 -0.9985
vn -0.1888 -0.0296 -0.9816
vn -0.1898 0.0387 -0.9811
vn -0.0560 -0.0412 -0.9976
vn -0.0904 -0.1875 -0.9781
vn -0.0865 -0.1889 -0.9782
vn -0.0902 -0.1875 -0.9781
vn 0.1167 0.1375 -0.9836
vn 0.0322 -0.0025 -0.9995
vn -0.0826 -0.1902 -0.9783
vn 0.0025 -0.0513 -0.9987
vn 0.0908 -0.0823 -0.9925
vn -0.1657 -0.6453 0.7458
vn 0.9102 -0.0000 0.4141
vn -0.0049 0.7348 0.6783
vn 0.9521 -0.2348 0.1962
vn 0.1582 0.8928 -0.4218
vn -0.8117 -0.0000 0.5841
vn -0.9560 -0.0000 0.2935
vn 0.3251 -0.7863 0.5254
vn -0.9567 -0.1348 0.2580
vn -0.4238 -0.1615 0.8912
vn -0.3746 0.4728 0.7976
vn -0.4210 0.5319 0.7347
vn -0.4119 -0.4297 0.8036
vn 0.1514 -0.8031 0.5764
vn 0.4859 -0.1731 0.8567
vn 0.4459 0.5128 0.7336
vn 0.4316 0.5861 0.6858
vn 0.5212 -0.4820 0.7043
vn 0.1395 0.8709 -0.4713
vn -0.6722 -0.6899 0.2686
vn -0.9836 -0.1801 -0.0083
vn 0.2288 -0.9177 0.3248
vn 0.1620 -0.9755 0.1491
vn -0.1388 -0.9816 0.1312
vn 0.0696 -0.9778 -0.1977
vn -0.4595 0.3183 -0.8292
vn -0.1670 -0.9616 0.2178
vn 0.2656 -0.9620 0.0627
vn -0.3821 -0.8048 0.4541
vn 0.3598 -0.9048 -0.2277
vn 0.2209 0.2520 0.9422
vn -0.1911 -0.1856 0.9639
vn -0.2780 0.0978 -0.9556
vn 0.2780 -0.0978 0.9556
vn 0.9816 0.1870 -0.0382
vn 0.9364 -0.3322 0.1132
vn -0.2329 0.0049 0.9725
vn 0.2134 0.0051 -0.9769
vn 0.8871 -0.4474 0.1132
vn 0.1649 -0.1895 0.9679
vn -0.8960 0.4428 -0.0336
vn 0.2260 -0.8447 0.4852
vn 0.2193 -0.7750 0.5927
vn -0.3491 -0.5228 0.7777
vn 0.2905 -0.8706 0.3971
vn 0.2085 -0.8680 0.4507
vn -0.0535 -0.5877 -0.8073
vn 0.8785 0.4534 -0.1506
vn -0.8815 -0.4701 0.0434
vn -0.3067 -0.0317 0.9513
vn -0.2209 -0.2520 -0.9422
vn -0.1063 -0.8271 0.5519
vn 0.4051 0.1213 0.9062
vn -0.7003 0.0546 -0.7117
vn -0.7003 0.0546 -0.7118
vn -0.1679 0.3506 0.9213
vn -0.9286 0.3705 0.0206
vn 0.3609 -0.4017 -0.8417
vn -0.6994 -0.6667 0.2577
vn -0.7115 -0.6706 0.2101
vn 0.4577 -0.8889 -0.0209
vn -0.1768 -0.4462 0.8773
vn -0.2399 -0.4811 0.8432
vn 0.4474 -0.8937 0.0353
vn -0.7299 -0.4513 0.5133
vn -0.0024 -0.8678 -0.4970
vn 0.8511 -0.4579 0.2568
vn 0.8087 -0.5287 0.2579
vn 0.1718 -0.5237 0.8344
vn 0.2772 -0.5265 0.8037
vn -0.6341 -0.7675 0.0946
vn -0.0000 -0.0000 -1.0000
vn -0.0000 -0.0000 1.0000
vn 0.2307 0.9730 -0.0000
vn -0.2307 -0.9730 -0.0000
vn 0.9730 -0.2307 -0.0000
vn -0.9730 0.2307 -0.0000
vn -0.3254 -0.0436 -0.9446
vn 0.3254 0.0436 0.9446
vn -0.0183 0.2265 -0.9738
vn -0.1373 0.0471 -0.9894
vn 0.0386 0.0438 -0.9983
vn -0.0677 0.1379 -0.9881
vn 0.2880 0.4273 -0.8570
vn 0.2066 0.5852 -0.7841
vn 0.0070 0.1718 -0.9851
vn 0.0044 0.0126 -0.9999
vn 0.0183 -0.2265 0.9738
vn -0.0185 -0.0087 0.9998
vn 0.2280 0.7974 0.5587
vn 0.0677 -0.1379 0.9881
vn -0.2880 -0.4273 0.8570
vn 0.0853 0.0611 0.9945
vn 0.0455 -0.0859 0.9953
vn -0.0858 -0.3150 0.9452
vn -0.0034 -0.0071 1.0000
vn -0.4649 -0.8851 -0.0199
vn -0.4649 -0.8851 -0.0197
vn -0.9943 0.1063 0.0121
vn -0.9943 0.1064 0.0120
vn -0.9943 0.1063 0.0122
vn -0.6676 0.7440 0.0266
vn -0.8929 0.4497 0.0206
vn -0.3087 -0.9509 -0.0232
vn 0.9655 -0.2597 -0.0161
vn 0.9285 0.3713 0.0015
vn 0.7061 -0.7076 -0.0259
vn 0.2600 0.9653 0.0240
vn -0.9851 0.1716 0.0139
vn 0.8647 -0.5018 -0.0218
vn 0.9938 0.1109 -0.0062
vn 0.3847 0.9228 0.0217
vn -0.1710 -0.9849 -0.0254
vn 0.2749 0.9615 -0.0000
vn -0.2749 -0.9615 -0.0000
vn -0.2749 -0.9615 0.0001
vn 0.9615 -0.2749 -0.0000
vn -0.9615 0.2749 -0.0000
vn 0.2376 -0.2112 -0.9481
vn 0.2377 -0.2113 -0.9481
vn -0.2376 0.2113 0.9481
vn -0.2376 0.2112 0.9481
vn 0.1357 0.1799 -0.9743
vn -0.0185 0.1721 -0.9849
vn -0.0080 0.0068 -0.9999
vn 0.1279 0.0793 -0.9886
vn 0.1275 0.0791 -0.9887
vn -0.0018 0.5125 -0.8587
vn -0.0000 0.5148 -0.8573
vn -0.0017 0.5137 -0.8580
vn 0.0094 -0.0022 -1.0000
vn 0.1273 0.2180 -0.9676
vn 0.1683 0.3571 -0.9188
vn 0.2254 0.5763 -0.7855
vn 0.2377 0.6084 -0.7572
vn 0.0018 0.0132 -0.9999
vn -0.1357 -0.1799 0.9743
vn -0.1356 -0.1797 0.9743
vn 0.0080 -0.0068 0.9999
vn 0.0724 -0.1190 0.9902
vn -0.3901 -0.9183 0.0674
vn -0.3309 -0.9437 0.0002
vn -0.3309 -0.9437 -0.0000
vn 0.0261 -0.2283 0.9732
vn 0.0081 -0.0024 1.0000
vn -0.1279 -0.0793 0.9886
vn -0.1278 -0.0793 0.9886
vn 0.0019 -0.5122 0.8588
vn 0.0018 -0.5125 0.8587
vn -0.3563 -0.6100 0.7078
vn -0.1019 -0.9946 -0.0200
vn -0.1027 -0.9945 -0.0200
vn 0.8872 -0.4612 0.0127
vn 0.8873 -0.4609 0.0127
vn 0.9611 0.2748 0.0274
vn 0.9943 -0.1049 0.0215
vn -0.2624 -0.9647 -0.0233
vn -0.2624 -0.9647 -0.0231
vn -0.9501 0.3115 -0.0168
vn -0.5587 0.8294 0.0016
vn -0.5585 0.8295 0.0016
vn -0.5587 0.8294 0.0018
vn -0.5587 0.8294 -0.0000
vn -0.9746 -0.2225 -0.0268
vn 0.3092 0.9507 0.0241
vn 0.9168 -0.3992 0.0145
vn 0.7839 0.6202 0.0294
vn -0.9988 0.0432 -0.0223
vn -0.9988 0.0434 -0.0225
vn -0.9988 0.0433 -0.0224
vn -0.9988 0.0436 -0.0227
vn -0.7623 0.6471 -0.0064
vn -0.7624 0.6472 0.0002
vn 0.1864 0.9822 0.0217
vn 0.1864 0.9822 0.0218
vn -0.3913 -0.9199 -0.0255
vn -0.3912 -0.9199 -0.0260
vn 0.3309 0.9437 -0.0000
vn -0.3309 -0.9437 -0.0003
vn 0.9437 -0.3309 -0.0000
vn -0.9437 0.3309 -0.0000
vn 0.2281 -0.2028 0.9523
vn -0.2281 0.2028 -0.9523
vn 0.1300 0.1724 0.9764
vn 0.1292 -0.0325 0.9911
vn -0.0089 0.0069 0.9999
vn -0.0076 0.0537 0.9985
vn 0.1224 0.0759 0.9896
vn 0.1225 0.0760 0.9895
vn -0.0018 0.4956 0.8685
vn -0.0018 0.4956 0.8686
vn -0.0000 0.5028 0.8644
vn -0.0018 0.4954 0.8687
vn 0.3481 0.5961 0.7235
vn 0.1439 0.5850 0.7982
vn 0.1437 0.5844 0.7987
vn 0.0518 -0.0182 0.9985
vn 0.0017 -0.1742 0.9847
vn -0.1300 -0.1724 -0.9764
vn -0.1300 -0.1723 -0.9764
vn -0.1294 -0.1715 -0.9766
vn 0.2450 0.5298 -0.8120
vn 0.0250 -0.2188 -0.9755
vn -0.1292 0.0325 -0.9911
vn 0.0021 -0.0015 -1.0000
vn 0.2181 0.2490 -0.9436
vn -0.1224 -0.0759 -0.9896
vn 0.0017 -0.4954 -0.8686
vn 0.0018 -0.4956 -0.8686
vn -0.1437 -0.5844 -0.7986
vn -0.0455 0.0859 -0.9953
vn -0.1060 -0.3004 -0.9479
vn -0.1019 -0.9946 0.0209
vn -0.1019 -0.9946 0.0210
vn -0.1006 -0.9947 0.0207
vn 0.8873 -0.4609 -0.0133
vn 0.9611 0.2748 -0.0287
vn 0.9611 0.2749 -0.0286
vn 0.9942 -0.1049 -0.0225
vn -0.2624 -0.9647 0.0243
vn -0.9501 0.3115 0.0176
vn -0.5587 0.8294 -0.0016
vn -0.5586 0.8294 -0.0016
vn -0.9745 -0.2225 0.0281
vn 0.3092 0.9507 -0.0252
vn 0.3092 0.9507 -0.0251
vn 0.9168 -0.3992 -0.0151
vn 0.7838 0.6202 -0.0308
vn -0.9988 0.0436 0.0237
vn -0.7623 0.6471 0.0067
vn 0.1864 0.9822 -0.0228
vn 0.1864 0.9822 -0.0229
vn -0.3912 -0.9199 0.0272
vn -0.3912 -0.9199 0.0267
vn -0.3126 -0.0419 0.9490
vn 0.3125 0.0419 -0.9490
vn 0.3126 0.0419 -0.9490
vn -0.0175 0.2170 0.9760
vn 0.0870 0.1047 0.9907
vn -0.1314 0.0450 0.9903
vn -0.0648 0.1320 0.9891
vn 0.2785 0.4132 0.8670
vn 0.0179 0.2704 0.9626
vn -0.0081 0.1813 0.9834
vn 0.0175 -0.2170 -0.9760
vn -0.0117 -0.0163 -0.9998
vn 0.0648 -0.1320 -0.9891
vn -0.2785 -0.4132 -0.8670
vn -0.0283 -0.6920 -0.7213
vn -0.0062 -0.0654 -0.9978
vn 0.1555 0.7580 -0.6334
vn -0.0033 -0.0068 -1.0000
vn -0.4649 -0.8851 0.0208
vn -0.4649 -0.8851 0.0209
vn -0.9942 0.1064 -0.0127
vn -0.9943 0.1063 -0.0127
vn -0.6676 0.7440 -0.0278
vn -0.8929 0.4497 -0.0216
vn -0.3087 -0.9509 0.0242
vn 0.9655 -0.2597 0.0168
vn 0.9285 0.3713 -0.0016
vn 0.7061 -0.7076 0.0271
vn 0.2599 0.9653 -0.0251
vn -0.9851 0.1716 -0.0145
vn 0.8647 -0.5018 0.0228
vn 0.9938 0.1109 0.0065
vn 0.3847 0.9228 -0.0227
vn -0.1710 -0.9849 0.0266
vn 0.1725 0.9850 -0.0000
vn -0.1725 -0.9850 -0.0000
vn 0.9850 -0.1725 -0.0000
vn -0.9850 0.1725 -0.0000
vn -0.4048 -0.1075 0.9081
vn 0.4048 0.1075 -0.9081
vn -0.0287 0.2043 0.9785
vn 0.0363 -0.0267 0.9990
vn -0.0901 0.0990 0.9910
vn 0.3400 0.4248 0.8390
vn 0.0034 0.0882 0.9961
vn 0.0293 0.2293 0.9729
vn -0.0260 0.0064 0.9996
vn -0.0095 -0.2440 -0.9697
vn 0.0043 -0.0615 0.9981
vn 0.0287 -0.2043 -0.9785
vn -0.0385 0.0252 -0.9989
vn 0.1041 0.0114 -0.9945
vn 0.0901 -0.0990 -0.9910
vn -0.3400 -0.4248 -0.8390
vn 0.1298 0.2519 -0.9590
vn -0.0367 -0.6784 -0.7338
vn 0.0006 0.0191 -0.9998
vn -0.0181 -0.7266 -0.6868
vn -0.0000 0.0700 -0.9975
vn 0.0041 0.1051 0.9945
vn -0.0059 0.0581 -0.9983
vn -0.4772 -0.8776 -0.0451
vn -0.9929 0.1189 -0.0011
vn -0.6905 0.7227 0.0298
vn -0.8983 0.4391 0.0149
vn -0.3104 -0.9494 -0.0474
vn 0.9651 -0.2617 -0.0059
vn 0.9407 0.3386 0.0226
vn 0.7265 -0.6866 -0.0278
vn 0.2581 0.9649 0.0478
vn -0.9837 0.1797 0.0019
vn -0.3666 0.9294 0.0419
vn 0.8725 -0.4883 -0.0174
vn 0.9963 0.0857 0.0109
vn 0.3918 0.9189 0.0465
vn -0.1627 -0.9855 -0.0481
vn 0.0307 -0.1090 -0.9936
vn -0.3086 0.0445 -0.9502
vn -0.0795 -0.0628 -0.9949
vn -0.0795 0.0714 -0.9943
vn 0.0290 0.1168 -0.9927
vn 0.7344 -0.2391 0.6352
vn 0.1006 -0.7521 0.6514
vn -0.6582 -0.3488 0.6672
vn -0.5056 0.5563 0.6595
vn 0.3330 0.6805 0.6527
vn 0.5667 -0.3671 0.7376
vn -0.1839 -0.6234 0.7600
vn -0.6240 -0.0000 0.7814
vn -0.1871 0.6197 0.7623
vn 0.4989 0.3901 0.7739
vn 0.9047 0.3643 0.2208
vn 0.7817 0.6112 0.1237
vn 0.2929 0.9094 0.2955
vn -0.0068 0.9197 0.3926
vn -0.2769 0.9173 0.2861
vn -0.3641 0.8774 0.3124
vn -0.9104 0.3371 0.2400
vn -0.9919 -0.0000 0.1270
vn -0.9345 -0.2786 0.2217
vn -0.5118 -0.8325 0.2120
vn -0.2870 -0.9505 0.1189
vn -0.0399 -0.9774 0.2078
vn 0.5809 -0.7856 0.2133
vn 0.7817 -0.6112 0.1237
vn 0.9047 -0.3643 0.2208
vn 0.2768 0.9167 0.2882
vn 0.2110 0.6987 0.6836
vn 0.1025 0.7545 0.6482
vn -0.7810 0.6107 0.1306
vn -0.5650 0.4418 0.6968
vn -0.6582 0.3488 0.6672
vn -0.7854 -0.6141 0.0779
vn -0.5650 -0.4418 0.6968
vn -0.6471 0.5031 0.5729
vn -0.6470 0.5032 0.5728
vn 0.2882 -0.9546 0.0749
vn 0.2173 -0.6913 0.6891
vn -0.8513 -0.3807 0.3610
vn 0.9968 -0.0000 0.0800
vn 0.7087 -0.0000 0.7055
vn 0.7286 0.1339 0.6717
vn -0.0761 -0.2782 -0.9575
vn -0.0760 -0.2781 -0.9575
vn -0.0773 -0.2785 -0.9573
vn -0.0788 -0.2788 -0.9571
vn -0.0905 -0.2658 -0.9598
vn 0.2241 -0.1645 -0.9606
vn 0.2257 -0.1826 -0.9569
vn 0.2212 -0.1847 -0.9576
vn 0.2213 -0.1847 -0.9576
vn 0.2260 -0.1825 -0.9569
vn 0.2212 0.1847 -0.9576
vn 0.2257 0.1826 -0.9569
vn 0.2260 0.1825 -0.9569
vn 0.2230 0.1719 -0.9595
vn -0.6039 -0.7672 0.2162
vn -0.6062 -0.7907 -0.0860
vn -0.6112 -0.7776 0.1474
vn -0.2836 0.0050 -0.9589
vn -0.2838 0.0047 -0.9589
vn -0.2861 0.0001 -0.9582
vn -0.2862 -0.0000 -0.9582
vn 0.7983 -0.0108 -0.6022
vn -0.0887 0.2625 -0.9608
vn -0.0778 0.2752 -0.9582
vn -0.0948 0.2784 -0.9558
vn -0.4842 -0.5363 -0.6913
vn -0.4842 -0.5364 -0.6913
vn 0.5290 -0.8485 0.0113
vn 0.5828 -0.8115 -0.0418
vn 0.5695 -0.8215 -0.0284
vn 0.4089 -0.4879 0.7712
vn 0.2864 -0.5053 0.8141
vn 0.6595 0.1582 0.7349
vn 0.6754 0.2247 0.7023
vn -0.4639 -0.8828 -0.0740
vn -0.5886 0.4893 -0.6435
vn 0.1963 -0.7131 -0.6731
vn 0.1997 0.7321 -0.6513
vn 0.0936 0.0024 -0.9956
vn -0.5843 -0.4908 -0.6464
vn 0.1350 0.0702 -0.9884
vn 0.8918 -0.4523 0.0078
vn 0.8225 -0.5354 0.1921
vn -0.7183 0.6594 0.2220
vn -0.5151 0.6073 0.6049
vn 0.1325 0.2725 0.9530
vn 0.1167 0.1204 0.9858
vn -0.7857 -0.0442 0.6170
vn -0.5805 -0.0610 -0.8120
vn -0.8807 -0.3726 0.2924
vn -0.9383 -0.3448 0.0275
vn -0.2421 0.1265 0.9620
vn -0.1177 0.1195 0.9858
vn 0.7500 0.4117 -0.5177
vn 0.7850 -0.5854 0.2029
vn 0.2897 -0.8972 -0.3333
vn 0.2192 -0.7610 -0.6106
vn 0.1301 -0.9499 0.2842
vn -0.1014 -0.9420 -0.3199
vn -0.2605 -0.9362 -0.2358
vn -0.3839 -0.7684 -0.5121
vn 0.7587 -0.3448 0.5528
vn -0.6511 0.3143 0.6909
vn 0.7575 0.2070 0.6191
vn -0.5068 -0.4483 0.7363
vn 0.1032 -0.9643 -0.2441
vn -0.0653 -0.9726 -0.2233
vn 0.1140 -0.9891 -0.0936
vn -0.0014 -0.5070 -0.8619
vn 0.0341 -0.7759 -0.6300
vn -0.7753 -0.4248 0.4674
vn -0.0463 -0.0185 -0.9988
vn 0.1915 -0.7262 -0.6603
vn -0.0886 0.2625 -0.9608
vn -0.7027 -0.0878 -0.7060
vn -0.6456 -0.0751 -0.7600
vn 0.8672 0.4964 -0.0394
vn 0.8899 0.4535 -0.0485
vn -0.4190 0.0127 -0.9079
vn 0.7136 -0.6923 0.1068
vn 0.7578 -0.6494 -0.0636
vn 0.5936 0.8048 -0.0000
vn 0.7384 0.6743 -0.0000
vn 0.8595 0.5112 -0.0000
vn 0.9475 0.3198 -0.0000
vn 0.9940 0.1089 -0.0000
vn 0.9940 -0.1089 -0.0000
vn 0.9475 -0.3198 -0.0000
vn 0.8595 -0.5112 -0.0000
vn 0.7384 -0.6743 -0.0000
vn 0.5936 -0.8048 -0.0000
vn 0.4330 -0.9014 -0.0000
vn 0.2630 -0.9648 -0.0000
vn 0.0882 -0.9961 -0.0000
vn -0.0882 -0.9961 -0.0000
vn -0.2630 -0.9648 -0.0000
vn -0.4330 -0.9014 -0.0000
vn -0.5936 -0.8048 -0.0000
vn -0.7384 -0.6743 -0.0000
vn -0.8595 -0.5112 -0.0000
vn -0.9475 -0.3198 -0.0000
vn -0.9940 -0.1089 -0.0000
vn -0.9940 0.1089 -0.0000
vn -0.9475 0.3198 -0.0000
vn -0.8595 0.5111 -0.0000
vn -0.7384 0.6743 -0.0000
vn -0.5936 0.8048 -0.0000
vn -0.4330 0.9014 -0.0000
vn 0.1706 0.3552 -0.9191
vn 0.2303 0.3122 -0.9217
vn 0.2814 0.2570 -0.9245
vn 0.3220 0.1915 -0.9272
vn 0.3502 0.1182 -0.9292
vn 0.3646 0.0400 -0.9303
vn 0.3646 -0.0400 -0.9303
vn 0.3502 -0.1182 -0.9292
vn 0.3220 -0.1915 -0.9272
vn 0.2814 -0.2570 -0.9245
vn 0.2303 -0.3122 -0.9217
vn 0.1706 -0.3552 -0.9191
vn 0.1048 -0.3846 -0.9171
vn 0.0354 -0.3995 -0.9161
vn -0.0354 -0.3995 -0.9161
vn -0.1048 -0.3846 -0.9171
vn -0.1706 -0.3552 -0.9191
vn -0.2303 -0.3122 -0.9217
vn -0.2814 -0.2570 -0.9245
vn -0.3220 -0.1915 -0.9272
vn -0.3502 -0.1182 -0.9292
vn -0.3646 -0.0400 -0.9303
vn -0.3646 0.0400 -0.9303
vn -0.3502 0.1182 -0.9292
vn -0.3220 0.1915 -0.9272
vn -0.2814 0.2570 -0.9245
vn -0.2303 0.3122 -0.9217
vn -0.1706 0.3552 -0.9191
vn -0.1565 -0.3257 0.9324
vn -0.2111 -0.2862 0.9347
vn -0.2578 -0.2355 0.9371
vn -0.2949 -0.1754 0.9393
vn -0.3205 -0.1082 0.9410
vn -0.3337 -0.0366 0.9420
vn -0.3337 0.0366 0.9420
vn -0.3205 0.1082 0.9410
vn -0.2949 0.1754 0.9393
vn -0.2578 0.2355 0.9371
vn -0.2111 0.2862 0.9346
vn -0.1565 0.3257 0.9324
vn -0.0962 0.3528 0.9308
vn -0.0324 0.3665 0.9298
vn 0.0324 0.3665 0.9298
vn 0.0962 0.3528 0.9308
vn 0.1565 0.3257 0.9324
vn 0.2111 0.2862 0.9347
vn 0.2578 0.2355 0.9371
vn 0.2949 0.1754 0.9393
vn 0.3205 0.1082 0.9410
vn 0.3337 0.0366 0.9420
vn 0.3337 -0.0366 0.9420
vn 0.3205 -0.1082 0.9410
vn 0.2949 -0.1754 0.9393
vn 0.2578 -0.2355 0.9371
vn 0.2111 -0.2862 0.9347
vn 0.1565 -0.3257 0.9324
vn 0.0038 -0.0443 0.9990
vn -0.0000 -0.0443 0.9990
vn -0.0079 -0.0432 0.9990
vn -0.0048 -0.0441 0.9990
vn -0.0152 -0.0402 0.9991
vn -0.0129 -0.0416 0.9991
vn -0.0246 -0.0330 0.9992
vn -0.0189 -0.0381 0.9991
vn -0.0188 -0.0382 0.9991
vn -0.0248 -0.0327 0.9992
vn -0.0294 -0.0265 0.9992
vn -0.0296 -0.0263 0.9992
vn -0.0330 -0.0194 0.9993
vn -0.0330 -0.0193 0.9993
vn -0.0333 -0.0182 0.9993
vn -0.0330 -0.0192 0.9993
vn -0.0341 -0.0155 0.9993
vn -0.0331 -0.0192 0.9993
vn -0.0359 -0.0078 0.9993
vn -0.0359 -0.0077 0.9993
vn -0.0358 -0.0078 0.9993
vn -0.0353 -0.0110 0.9993
vn -0.0364 -0.0000 0.9993
vn -0.0364 -0.0039 0.9993
vn -0.0359 0.0077 0.9993
vn -0.0358 0.0078 0.9993
vn -0.0331 0.0192 0.9993
vn -0.0341 0.0156 0.9993
vn -0.0296 0.0259 0.9992
vn -0.0293 0.0264 0.9992
vn -0.0330 0.0194 0.9993
vn -0.0298 0.0262 0.9992
vn -0.0330 0.0193 0.9993
vn -0.0296 0.0264 0.9992
vn -0.0250 0.0326 0.9992
vn -0.0297 0.0263 0.9992
vn -0.0244 0.0328 0.9992
vn -0.0250 0.0321 0.9992
vn -0.0249 0.0329 0.9991
vn -0.0189 0.0382 0.9991
vn -0.0250 0.0328 0.9991
vn -0.0244 0.0330 0.9992
vn -0.0234 0.0344 0.9991
vn -0.0246 0.0333 0.9991
vn -0.0152 0.0403 0.9991
vn -0.0119 0.0422 0.9990
vn -0.0188 0.0383 0.9991
vn -0.0079 0.0432 0.9990
vn -0.0078 0.0433 0.9990
vn -0.0000 0.0443 0.9990
vn 0.0079 0.0432 0.9990
vn 0.0078 0.0433 0.9990
vn 0.0119 0.0421 0.9990
vn 0.0152 0.0403 0.9991
vn 0.0189 0.0382 0.9991
vn 0.0246 0.0330 0.9992
vn 0.0248 0.0327 0.9992
vn 0.0294 0.0265 0.9992
vn 0.0323 0.0209 0.9993
vn 0.0296 0.0263 0.9992
vn 0.0330 0.0191 0.9993
vn 0.0295 0.0264 0.9992
vn 0.0330 0.0190 0.9993
vn 0.0341 0.0154 0.9993
vn 0.0330 0.0189 0.9993
vn 0.0330 0.0194 0.9993
vn 0.0330 0.0196 0.9993
vn 0.0333 0.0184 0.9993
vn 0.0353 0.0117 0.9993
vn 0.0358 0.0078 0.9993
vn 0.0358 0.0077 0.9993
vn 0.0364 -0.0000 0.9993
vn 0.0359 -0.0077 0.9993
vn 0.0358 -0.0078 0.9993
vn 0.0331 -0.0192 0.9993
vn 0.0341 -0.0156 0.9993
vn 0.0296 -0.0263 0.9992
vn 0.0330 -0.0193 0.9993
vn 0.0246 -0.0329 0.9992
vn 0.0294 -0.0266 0.9992
vn 0.0251 -0.0327 0.9992
vn 0.0295 -0.0264 0.9992
vn 0.0251 -0.0322 0.9992
vn 0.0249 -0.0329 0.9991
vn 0.0189 -0.0382 0.9991
vn 0.0250 -0.0328 0.9991
vn 0.0189 -0.0381 0.9991
vn 0.0244 -0.0331 0.9992
vn 0.0232 -0.0342 0.9991
vn 0.0188 -0.0382 0.9991
vn 0.0153 -0.0402 0.9991
vn 0.0132 -0.0414 0.9991
vn 0.0079 -0.0432 0.9990
vn 0.0043 -0.0442 0.9990
vn 0.0119 -0.0421 0.9990
vn 1.0000 -0.0000 -0.0000
vn -0.0617 0.9981 -0.0000
vn 0.1102 -0.9817 0.1555
vn -0.0000 0.7588 -0.6513
vn -0.0011 0.9963 0.0857
vn -0.0000 -1.0000 -0.0000
vn 0.5156 0.8568 -0.0000
vn -0.0000 0.7588 0.6513
vn -0.5134 0.8582 -0.0000
vn 0.5740 -0.0000 0.8188
vn -0.0000 1.0000 -0.0000
vn 0.1990 0.9380 -0.2839
vn -0.2656 0.8853 -0.3818
vn 0.2662 0.8860 -0.3797
vn -0.0010 0.9375 -0.3480
vn -0.0010 0.9380 0.3468
vn 0.2821 0.9594 -0.0000
vn -0.5740 0.0001 -0.8188
vn 0.5740 0.0001 -0.8188
vn -1.0000 -0.0000 -0.0000
vn -0.0000 -0.9468 0.3219
vn 0.1956 -0.9807 -0.0000
vn -0.1956 -0.9807 -0.0000
vn -0.1102 -0.9817 0.1555
vn -0.0184 0.9995 0.0262
vn 0.5740 -0.0000 -0.8188
vn 0.0173 0.9995 0.0246
vn -0.0012 0.9963 -0.0856
vn -0.0184 0.9995 -0.0262
vn 0.0617 0.9981 -0.0000
vn 0.0173 0.9995 -0.0246
vn -0.5740 -0.0000 -0.8188
vn 0.3418 0.8034 0.4876
vn 0.3419 0.8033 0.4877
vn -0.3419 -0.8033 -0.4877
vn -0.3418 0.8034 -0.4876
vn -0.5156 0.8568 -0.0000
vn 0.3418 0.8034 -0.4876
vn -0.3418 -0.8034 0.4876
vn -0.0000 0.7588 -0.6514
vn -0.5740 -0.0000 0.8188
vn -0.0909 0.3497 -0.9325
vn -0.5980 0.3049 -0.7413
vn 0.2413 0.2191 -0.9454
vn 0.2352 -0.3082 -0.9218
vn -0.1278 -0.4917 -0.8614
vn 0.0890 0.1385 -0.9864
vn 0.1030 0.1387 -0.9850
vn 0.1777 -0.1164 -0.9772
vn 0.0096 0.1995 -0.9799
vn -0.1502 0.0024 -0.9887
vn 0.1817 -0.9787 -0.0954
vn -0.1145 -0.9934 -0.0060
vn 0.7902 0.6041 -0.1027
vn -0.4884 0.8726 0.0108
vn 0.7773 0.6148 0.1336
vn 0.0343 -0.7896 0.6126
vn -0.1083 -0.5355 0.8376
vn -0.3974 0.1077 0.9113
vn 0.0440 0.5868 0.8086
vn 0.4920 0.1010 0.8647
vn 0.0951 0.0863 0.9917
vn 0.2259 0.2052 0.9523
vn 0.0816 0.5754 0.8138
vn -0.0362 0.1394 0.9896
vn -0.1035 0.3981 0.9115
vn -0.1745 0.4190 0.8911
vn -0.1177 -0.0000 0.9931
vn -0.3449 -0.0000 0.9386
vn -0.4199 -0.1573 0.8938
vn -0.0362 -0.1394 0.9896
vn -0.1425 -0.5480 0.8243
vn 0.0108 -0.7963 0.6049
vn 0.0951 -0.0863 0.9917
vn 0.2267 -0.2059 0.9519
vn 0.4933 -0.0690 0.8671
vn 0.7937 0.2450 0.5568
vn 0.6970 0.6665 0.2646
vn 0.2036 0.8315 0.5168
vn -0.0257 0.9440 0.3290
vn -0.0255 0.9441 0.3287
vn -0.0239 0.9448 0.3268
vn -0.0674 0.9549 0.2892
vn -0.2263 0.8117 0.5384
vn -0.8216 0.0880 0.5632
vn -0.8307 -0.1796 0.5269
vn -0.0717 -0.9393 0.3357
vn -0.0781 -0.9366 0.3417
vn -0.0723 -0.9390 0.3363
vn -0.0784 -0.9365 0.3419
vn -0.0194 -0.9247 0.3802
vn 0.0892 -0.9426 0.3217
vn 0.1293 -0.9434 0.3055
vn 0.8602 -0.2345 0.4529
vn -0.0238 0.9449 0.3266
vn -0.2435 -0.6053 -0.7579
vn -0.1009 0.3141 -0.9440
vn -0.6947 0.7057 0.1392
vn 0.1549 -0.9671 -0.2017
vn 0.0223 -0.9820 -0.1874
vn 0.1153 0.1145 -0.9867
vn -0.6062 -0.7942 0.0406
vn 0.9454 0.2171 -0.2430
vn -0.0582 0.1318 -0.9896
vn 0.0696 -0.9486 0.3089
vn 0.4158 0.8574 -0.3031
vn -0.2173 0.3433 -0.9137
vn 0.9892 -0.0544 0.1362
vn -0.9330 0.2095 -0.2926
vn 0.2944 -0.0709 -0.9531
vn -0.4140 -0.6403 -0.6470
vn -0.1622 -0.6238 -0.7646
vn -0.0261 -0.7437 -0.6680
vn 0.3964 -0.5772 -0.7140
vn 0.4096 -0.5366 -0.7377
vn 0.7196 -0.2573 -0.6449
vn 0.6244 0.2788 -0.7296
vn 0.4442 0.4034 -0.8000
vn 0.3880 0.6010 -0.6988
vn -0.6544 -0.3131 -0.6883
vn -0.5658 -0.0000 -0.8245
vn -0.3008 -0.0000 -0.9537
vn -0.0463 0.7279 -0.6841
vn -0.1622 0.6238 -0.7646
vn -0.1621 0.6238 -0.7646
vn -0.2549 0.6354 -0.7289
vn -0.8172 -0.3071 -0.4877
vn -0.9170 -0.1806 0.3556
vn -0.9285 0.0250 0.3706
vn -0.8913 -0.0712 0.4478
vn -0.8391 0.2923 0.4588
vn -0.9697 -0.2435 0.0194
vn -0.7298 0.6628 0.1677
vn 0.1473 -0.1338 -0.9800
vn 0.5399 0.8417 0.0059
vn -0.8781 0.4702 0.0889
vn -0.9684 -0.2347 0.0844
vn -0.2618 -0.9561 -0.1317
vn -0.5775 -0.4336 -0.6917
vn 0.8943 -0.4134 -0.1710
vn -0.9236 -0.3755 0.0767
vn 0.1814 0.9827 -0.0382
vn 0.5104 -0.1163 -0.8520
vn 0.2187 -0.9748 -0.0434
vn -0.8710 0.4911 -0.0124
vn -0.4035 -0.6992 -0.5902
vn -0.5890 0.8076 -0.0293
vn -0.4959 -0.8203 -0.2848
vn 0.9943 -0.0508 0.0940
vn 0.3774 0.6364 -0.6727
vn -0.1180 0.9927 -0.0247
vn -0.5849 -0.8110 0.0060
vn 0.3122 0.6165 -0.7228
vn -0.1332 0.9753 0.1763
vn 0.5682 0.7959 -0.2090
vn -0.9109 0.2557 -0.3237
vn -0.7012 0.7094 0.0711
vn 0.0050 -0.9822 -0.1876
vn -0.4006 -0.8758 -0.2692
vn -0.7156 -0.6979 0.0310
vn 0.9786 -0.0902 -0.1851
vn 0.7152 0.4401 -0.5430
vn -0.1111 -0.9923 -0.0549
vn -0.9215 -0.2193 -0.3205
vn -0.4131 -0.8769 -0.2459
vn -0.6191 -0.7489 -0.2363
vn 0.0662 -0.5146 -0.8548
vn 0.0412 0.6690 0.7421
vn -0.0453 -0.6527 -0.7562
vn -0.3892 0.9191 0.0614
vn 0.6231 -0.7271 -0.2883
vn 0.1728 -0.9839 -0.0458
vn 0.1134 -0.9743 -0.1945
vn 0.4174 -0.8161 -0.3997
vn -0.4038 0.9129 0.0595
vn -0.9340 -0.3324 -0.1312
vn -0.2356 -0.8627 -0.4475
vn 0.7455 0.5866 0.3164
vn 0.7875 0.6149 -0.0411
vn -0.4550 -0.8684 0.1970
vn -0.1009 0.7222 0.6842
vn 0.2550 -0.6318 -0.7320
vn -0.0262 -0.7718 -0.6353
vn 0.9899 0.1194 -0.0771
vn 0.9906 0.1122 -0.0784
vn 0.9907 0.1115 -0.0785
vn -0.8586 -0.5117 0.0312
vn -0.9893 0.1419 0.0336
vn -0.9615 0.2458 -0.1230
vn -0.9587 0.2660 -0.1004
vn -0.9164 -0.1674 -0.3635
vn 0.9961 0.0877 -0.0067
vn 0.9220 -0.0445 0.3847
vn -0.9762 0.2065 0.0669
vn -0.8831 -0.4682 0.0310
vn 0.9898 0.1202 -0.0770
vn 0.2636 -0.8218 -0.5051
vn 0.9153 0.3812 -0.1302
vn 0.9700 0.2258 -0.0903
vn -0.8142 0.5714 -0.1028
vn 0.6816 0.7315 0.0179
vn -0.0078 -0.4321 -0.9018
vn 0.4051 -0.9142 -0.0127
vn 0.0104 0.9975 0.0693
vn -0.2795 0.9497 0.1410
vn -0.1494 0.9276 0.3423
vn 0.6998 0.3735 -0.6089
vn 0.6791 0.2881 -0.6751
vn 0.2720 0.9580 -0.0905
vn 0.6098 0.7819 -0.1296
vn 0.7489 0.6469 -0.1436
vn 0.8601 0.4862 -0.1543
vn 0.8660 0.4750 -0.1565
vn 0.9397 0.3012 -0.1622
vn 0.9421 0.2929 -0.1632
vn 0.9808 0.1020 -0.1660
vn 0.9811 -0.0997 -0.1657
vn 0.9421 -0.2929 -0.1632
vn 0.9383 -0.3050 -0.1628
vn 0.8641 -0.4789 -0.1547
vn 0.8585 -0.4887 -0.1552
vn 0.7512 -0.6442 -0.1440
vn 0.6098 -0.7819 -0.1296
vn 0.4484 -0.8868 -0.1117
vn 0.2720 -0.9580 -0.0905
vn 0.0870 -0.9940 -0.0666
vn -0.1008 -0.9941 -0.0403
vn -0.2855 -0.9583 -0.0126
vn -0.4610 -0.8872 0.0155
vn -0.6214 -0.7823 0.0426
vn -0.7602 -0.6462 0.0671
vn -0.8712 -0.4831 0.0874
vn -0.9488 -0.2989 0.1019
vn -0.9888 -0.1012 0.1095
vn -0.9888 0.1012 0.1095
vn -0.9488 0.2989 0.1019
vn -0.8712 0.4831 0.0874
vn -0.7602 0.6462 0.0671
vn -0.6214 0.7823 0.0426
vn -0.4610 0.8872 0.0155
vn -0.2855 0.9583 -0.0126
vn -0.1008 0.9941 -0.0403
vn 0.4484 0.8868 -0.1117
vn 0.1282 -0.0000 0.9918
vn -0.0374 0.6489 -0.7599
vn 0.0806 0.6263 -0.7754
vn 0.1939 0.5817 -0.7900
vn 0.2988 0.5153 -0.8032
vn 0.3912 0.4280 -0.8147
vn 0.4664 0.3216 -0.8240
vn 0.5194 0.2004 -0.8307
vn 0.5200 0.1995 -0.8305
vn 0.5477 0.0676 -0.8339
vn 0.5199 -0.1993 -0.8307
vn 0.4665 -0.3218 -0.8239
vn 0.3908 -0.4282 -0.8148
vn 0.2988 -0.5153 -0.8032
vn 0.1939 -0.5817 -0.7900
vn 0.0806 -0.6263 -0.7754
vn -0.0374 -0.6489 -0.7599
vn -0.1571 -0.6495 -0.7439
vn -0.2755 -0.6281 -0.7277
vn -0.3894 -0.5845 -0.7119
vn -0.4953 -0.5187 -0.6969
vn -0.5888 -0.4314 -0.6835
vn -0.6651 -0.3247 -0.6724
vn -0.7195 -0.2019 -0.6645
vn -0.7478 -0.0685 -0.6604
vn -0.7478 0.0685 -0.6604
vn -0.7195 0.2019 -0.6645
vn -0.6651 0.3247 -0.6724
vn -0.5888 0.4314 -0.6835
vn -0.4953 0.5187 -0.6969
vn -0.3894 0.5845 -0.7119
vn -0.2755 0.6281 -0.7277
vn -0.1571 0.6495 -0.7439
vn -0.7391 -0.6646 0.1101
vn 0.1592 0.6851 0.7109
vn 0.2893 0.6590 0.6943
vn 0.4118 0.6072 0.6795
vn 0.5219 0.5320 0.6668
vn 0.6154 0.4362 0.6565
vn 0.6886 0.3239 0.6488
vn 0.7390 0.1993 0.6436
vn 0.7646 0.0672 0.6410
vn 0.7646 -0.0672 0.6410
vn 0.7390 -0.1993 0.6436
vn 0.6886 -0.3239 0.6488
vn 0.6154 -0.4362 0.6565
vn 0.5219 -0.5320 0.6668
vn 0.4118 -0.6072 0.6795
vn 0.2893 -0.6590 0.6943
vn 0.1592 -0.6851 0.7109
vn 0.0269 -0.6844 0.7286
vn -0.1024 -0.6571 0.7468
vn -0.2236 -0.6044 0.7647
vn -0.3320 -0.5286 0.7813
vn -0.4235 -0.4328 0.7958
vn -0.4950 -0.3210 0.8074
vn -0.5439 -0.1974 0.8156
vn -0.5688 -0.0666 0.8198
vn -0.5688 0.0666 0.8198
vn -0.5439 0.1974 0.8156
vn -0.4950 0.3210 0.8075
vn -0.4235 0.4328 0.7958
vn -0.3320 0.5286 0.7813
vn -0.2236 0.6044 0.7647
vn -0.1024 0.6571 0.7468
vn 0.0269 0.6844 0.7286
vn 0.0870 0.9940 -0.0666
vn -0.1282 -0.0000 -0.9918
vn 0.2699 0.9622 -0.0363
vn 0.9904 0.1049 -0.0897
vn -0.8548 -0.5019 0.1317
vn 0.9901 -0.1085 -0.0886
vn -0.9379 -0.3136 0.1483
vn 0.9450 -0.3156 -0.0852
vn -0.9815 -0.1077 0.1580
vn 0.8594 -0.5051 -0.0796
vn -0.9816 0.1048 0.1598
vn 0.7403 -0.6684 -0.0715
vn -0.9377 0.3118 0.1531
vn 0.5963 -0.8005 -0.0610
vn -0.8539 0.5017 0.1386
vn 0.4349 -0.8992 -0.0477
vn -0.7366 0.6660 0.1178
vn 0.2629 -0.9643 -0.0315
vn -0.7321 0.6788 0.0578
vn -0.5941 0.7991 0.0926
vn 0.0853 -0.9963 -0.0123
vn -0.0855 0.9963 0.0096
vn -0.4339 0.8986 0.0649
vn -0.0936 -0.9956 0.0096
vn 0.6005 0.7967 -0.0675
vn -0.2626 0.9642 0.0367
vn -0.2701 -0.9622 0.0337
vn 0.7433 0.6645 -0.0776
vn -0.4400 -0.8960 0.0594
vn 0.8612 0.5013 -0.0845
vn 0.4407 0.8961 -0.0538
vn -0.5984 -0.7967 0.0854
vn 0.9460 0.3119 -0.0884
vn 0.0564 0.7030 -0.7090
vn 0.1651 0.6777 -0.7166
vn 0.2698 0.6346 -0.7242
vn 0.3688 0.5728 -0.7321
vn 0.4591 0.4914 -0.7401
vn 0.5362 0.3902 -0.7485
vn 0.5945 0.2709 -0.7571
vn 0.6284 0.1379 -0.7655
vn 0.6339 -0.0019 -0.7734
vn 0.6098 -0.1401 -0.7801
vn 0.5581 -0.2684 -0.7852
vn 0.4832 -0.3807 -0.7884
vn 0.3906 -0.4733 -0.7896
vn 0.2852 -0.5447 -0.7887
vn 0.1710 -0.5944 -0.7857
vn 0.0511 -0.6227 -0.7808
vn -0.0722 -0.6293 -0.7738
vn -0.1968 -0.6133 -0.7649
vn -0.3200 -0.5733 -0.7543
vn -0.4377 -0.5075 -0.7422
vn -0.5444 -0.4149 -0.7290
vn -0.6326 -0.2961 -0.7157
vn -0.6940 -0.1554 -0.7030
vn -0.7218 -0.0009 -0.6921
vn -0.7127 0.1561 -0.6839
vn -0.6685 0.3037 -0.6789
vn -0.5953 0.4323 -0.6773
vn -0.5016 0.5366 -0.6786
vn -0.3954 0.6149 -0.6823
vn -0.2830 0.6685 -0.6878
vn -0.1687 0.6996 -0.6943
vn -0.0551 0.7105 -0.7015
vn 0.0932 0.9955 -0.0150
vn -0.0058 0.0991 -0.9951
vn -0.0058 0.0990 -0.9951
vn 0.2782 0.9561 0.0923
vn 0.2529 -0.9626 -0.0975
vn -0.0803 0.0990 -0.9918
vn -0.5864 0.8066 0.0742
vn 0.0762 -0.9922 -0.0989
vn -0.0762 0.9922 0.0988
vn -0.4246 0.9012 0.0868
vn -0.1020 -0.9899 -0.0987
vn 0.6088 0.7904 0.0686
vn -0.2530 0.9628 0.0951
vn -0.2784 -0.9556 -0.0968
vn 0.7517 0.6575 0.0514
vn -0.4491 -0.8886 -0.0929
vn 0.8694 0.4930 0.0317
vn 0.4488 0.8898 0.0824
vn -0.6092 -0.7883 -0.0864
vn 0.9533 0.3019 0.0103
vn -0.7521 -0.6545 -0.0768
vn 0.9956 0.0929 -0.0116
vn -0.8698 -0.4893 -0.0636
vn 0.9920 -0.1217 -0.0325
vn -0.9535 -0.2979 -0.0468
vn 0.9430 -0.3288 -0.0514
vn -0.9957 -0.0890 -0.0270
vn 0.8535 -0.5167 -0.0672
vn -0.9921 0.1253 -0.0053
vn 0.7316 -0.6770 -0.0794
vn -0.9432 0.3318 0.0170
vn 0.5860 -0.8055 -0.0883
vn -0.8539 0.5190 0.0384
vn 0.4243 -0.9006 -0.0941
vn 0.0126 0.7399 -0.6726
vn 0.1339 0.7202 -0.6807
vn 0.2516 0.6770 -0.6916
vn 0.3619 0.6100 -0.7050
vn 0.4598 0.5195 -0.7202
vn 0.5397 0.4075 -0.7367
vn 0.5961 0.2774 -0.7535
vn 0.6240 0.1360 -0.7695
vn 0.6209 -0.0094 -0.7838
vn 0.5872 -0.1494 -0.7955
vn 0.5260 -0.2771 -0.8041
vn 0.4422 -0.3861 -0.8095
vn 0.3418 -0.4734 -0.8118
vn 0.2300 -0.5372 -0.8115
vn 0.1115 -0.5773 -0.8089
vn -0.0100 -0.5940 -0.8044
vn -0.1311 -0.5878 -0.7983
vn -0.2488 -0.5591 -0.7909
vn -0.3601 -0.5087 -0.7820
vn -0.4616 -0.4371 -0.7719
vn -0.5495 -0.3459 -0.7605
vn -0.6199 -0.2371 -0.7480
vn -0.6686 -0.1143 -0.7348
vn -0.6925 0.0173 -0.7212
vn -0.6899 0.1515 -0.7079
vn -0.6609 0.2818 -0.6956
vn -0.6076 0.4023 -0.6848
vn -0.5338 0.5080 -0.6760
vn -0.4430 0.5960 -0.6697
vn -0.3397 0.6641 -0.6660
vn -0.2272 0.7113 -0.6652
vn -0.1087 0.7367 -0.6674
vn 0.1020 0.9900 0.0979
vn 0.2589 0.9645 -0.0523
vn 0.5865 0.8087 -0.0454
vn 0.7320 0.6800 -0.0409
vn 0.8550 0.5174 -0.0366
vn 0.9453 0.3246 -0.0331
vn 0.9934 0.1108 -0.0312
vn 0.9934 -0.1108 -0.0312
vn 0.9453 -0.3246 -0.0331
vn 0.8550 -0.5174 -0.0366
vn 0.7320 -0.6800 -0.0409
vn 0.5865 -0.8087 -0.0454
vn 0.4267 -0.9030 -0.0493
vn 0.2589 -0.9645 -0.0523
vn 0.0871 -0.9947 -0.0538
vn -0.0859 -0.9948 -0.0538
vn -0.2578 -0.9648 -0.0522
vn -0.4258 -0.9035 -0.0493
vn -0.5858 -0.8092 -0.0453
vn -0.7339 -0.6780 -0.0410
vn -0.8594 -0.5099 -0.0374
vn -0.9429 -0.3316 -0.0322
vn -0.9472 -0.3187 -0.0337
vn -0.9932 -0.1124 -0.0308
vn -0.9932 0.1118 -0.0311
vn -0.9936 0.1085 -0.0313
vn -0.9443 0.3274 -0.0330
vn -0.9468 0.3201 -0.0323
vn -0.8532 0.5202 -0.0368
vn -0.8580 0.5125 -0.0356
vn -0.8494 0.5264 -0.0378
vn -0.7255 0.6869 -0.0420
vn -0.7315 0.6806 -0.0409
vn -0.5858 0.8092 -0.0453
vn -0.4258 0.9035 -0.0493
vn -0.2578 0.9648 -0.0522
vn -0.0859 0.9948 -0.0538
vn 0.4267 0.9030 -0.0493
vn -0.0113 -0.0000 0.9999
vn 0.0637 0.6497 -0.7575
vn 0.1727 0.6286 -0.7583
vn 0.2785 0.5865 -0.7605
vn 0.3781 0.5229 -0.7639
vn 0.4676 0.4375 -0.7681
vn 0.5421 0.3312 -0.7723
vn 0.5961 0.2069 -0.7758
vn 0.6245 0.0704 -0.7778
vn 0.6245 -0.0704 -0.7778
vn 0.5961 -0.2069 -0.7758
vn 0.5421 -0.3312 -0.7723
vn 0.4676 -0.4375 -0.7681
vn 0.3781 -0.5229 -0.7639
vn 0.2785 -0.5865 -0.7605
vn 0.1727 -0.6286 -0.7583
vn 0.0637 -0.6497 -0.7575
vn -0.0466 -0.6504 -0.7582
vn -0.1560 -0.6304 -0.7604
vn -0.2625 -0.5894 -0.7640
vn -0.3632 -0.5264 -0.7688
vn -0.4539 -0.4412 -0.7742
vn -0.5295 -0.3347 -0.7795
vn -0.5846 -0.2095 -0.7838
vn -0.6138 -0.0714 -0.7862
vn -0.6137 0.0711 -0.7863
vn -0.6138 0.0714 -0.7863
vn -0.5849 0.2087 -0.7838
vn -0.5846 0.2094 -0.7838
vn -0.5297 0.3344 -0.7795
vn -0.4539 0.4411 -0.7742
vn -0.3632 0.5264 -0.7688
vn -0.2625 0.5894 -0.7640
vn -0.1560 0.6304 -0.7604
vn -0.0466 0.6504 -0.7582
vn -0.7158 -0.6983 0.0071
vn 0.0527 0.6859 0.7258
vn 0.1729 0.6618 0.7295
vn 0.2874 0.6131 0.7358
vn 0.3923 0.5410 0.7439
vn 0.4833 0.4472 0.7527
vn 0.5561 0.3345 0.7608
vn 0.6072 0.2070 0.7671
vn 0.6335 0.0701 0.7705
vn 0.6335 -0.0701 0.7705
vn 0.6072 -0.2070 0.7671
vn 0.5562 -0.3345 0.7608
vn 0.4833 -0.4472 0.7527
vn 0.3923 -0.5410 0.7439
vn 0.2875 -0.6131 0.7358
vn 0.1729 -0.6618 0.7295
vn 0.0527 -0.6859 0.7258
vn -0.0691 -0.6852 0.7250
vn -0.1889 -0.6598 0.7273
vn -0.3027 -0.6102 0.7322
vn -0.4065 -0.5375 0.7389
vn -0.4962 -0.4435 0.7464
vn -0.5679 -0.3313 0.7535
vn -0.6181 -0.2048 0.7589
vn -0.6438 -0.0693 0.7620
vn -0.6439 0.0693 0.7620
vn -0.6181 0.2048 0.7590
vn -0.5679 0.3313 0.7534
vn -0.4962 0.4435 0.7464
vn -0.4065 0.5375 0.7389
vn -0.3027 0.6102 0.7322
vn -0.1889 0.6598 0.7273
vn -0.0691 0.6852 0.7250
vn 0.0871 0.9947 -0.0538
vn 0.0113 -0.0000 -0.9999
vn 0.2499 0.9683 0.0014
vn 0.9920 0.1149 0.0528
vn -0.8435 -0.5369 0.0130
vn 0.9915 -0.1188 0.0539
vn -0.9400 -0.3405 0.0185
vn 0.9381 -0.3427 0.0503
vn -0.9928 -0.1180 0.0226
vn 0.8405 -0.5402 0.0429
vn -0.9931 0.1148 0.0244
vn 0.7115 -0.7019 0.0332
vn -0.9406 0.3386 0.0236
vn 0.5634 -0.8259 0.0228
vn -0.8435 0.5367 0.0204
vn 0.4053 -0.9141 0.0132
vn -0.7144 0.6996 0.0155
vn 0.2428 -0.9701 0.0053
vn -0.7008 0.7119 -0.0461
vn -0.5656 0.8246 0.0097
vn 0.0786 -0.9969 -0.0004
vn -0.0785 0.9969 -0.0023
vn -0.4066 0.9136 0.0042
vn -0.0858 -0.9963 -0.0035
vn 0.5685 0.8225 0.0167
vn -0.2432 0.9700 -0.0001
vn -0.2497 -0.9683 -0.0040
vn 0.7154 0.6982 0.0273
vn -0.4117 -0.9113 -0.0021
vn 0.8432 0.5362 0.0380
vn 0.4116 0.9113 0.0078
vn -0.5689 -0.8224 0.0018
vn 0.9397 0.3388 0.0471
vn 0.1421 0.7048 -0.6950
vn 0.2423 0.6820 -0.6900
vn 0.3403 0.6421 -0.6869
vn 0.4348 0.5837 -0.6857
vn 0.5231 0.5048 -0.6866
vn 0.6006 0.4042 -0.6898
vn 0.6609 0.2826 -0.6952
vn 0.6972 0.1445 -0.7022
vn 0.7041 -0.0020 -0.7101
vn 0.6801 -0.1465 -0.7184
vn 0.6280 -0.2789 -0.7265
vn 0.5536 -0.3924 -0.7345
vn 0.4635 -0.4836 -0.7425
vn 0.3633 -0.5521 -0.7505
vn 0.2569 -0.5987 -0.7587
vn 0.1466 -0.6245 -0.7671
vn 0.0340 -0.6299 -0.7759
vn -0.0799 -0.6144 -0.7849
vn -0.1932 -0.5762 -0.7941
vn -0.3034 -0.5130 -0.8030
vn -0.4054 -0.4225 -0.8107
vn -0.4919 -0.3039 -0.8159
vn -0.5540 -0.1605 -0.8169
vn -0.5832 -0.0009 -0.8123
vn -0.5753 0.1616 -0.8019
vn -0.5321 0.3129 -0.7868
vn -0.4610 0.4423 -0.7693
vn -0.3715 0.5449 -0.7517
vn -0.2719 0.6203 -0.7357
vn -0.1680 0.6712 -0.7220
vn -0.0635 0.7006 -0.7108
vn 0.0401 0.7112 -0.7019
vn 0.0861 0.9963 -0.0020
vn 0.1225 0.0993 -0.9875
vn 0.2408 0.9618 0.1305
vn 0.2422 -0.9683 -0.0618
vn 0.0547 0.0992 -0.9936
vn -0.5554 0.8315 -0.0079
vn 0.0815 -0.9928 -0.0873
vn -0.0815 0.9928 0.0872
vn -0.4008 0.9158 0.0276
vn -0.0795 -0.9906 -0.1117
vn 0.5577 0.8151 0.1567
vn -0.2420 0.9685 0.0594
vn -0.2403 -0.9613 -0.1350
vn 0.7052 0.6901 0.1624
vn -0.4000 -0.9031 -0.1564
vn 0.8344 0.5269 0.1619
vn 0.4010 0.9044 0.1459
vn -0.5557 -0.8128 -0.1749
vn 0.9322 0.3275 0.1539
vn -0.7020 -0.6867 -0.1887
vn 0.9852 0.1017 0.1381
vn -0.8298 -0.5226 -0.1955
vn 0.9844 -0.1332 0.1148
vn -0.9265 -0.3229 -0.1930
vn 0.9303 -0.3566 0.0862
vn -0.9789 -0.0973 -0.1797
vn 0.8321 -0.5519 0.0551
vn -0.9783 0.1370 -0.1556
vn 0.7035 -0.7103 0.0237
vn -0.9250 0.3596 -0.1230
vn 0.5570 -0.8305 -0.0065
vn -0.8281 0.5541 -0.0854
vn 0.4015 -0.9152 -0.0350
vn 0.0977 0.7411 -0.6643
vn 0.2090 0.7237 -0.6577
vn 0.3191 0.6841 -0.6559
vn 0.4245 0.6211 -0.6588
vn 0.5211 0.5336 -0.6662
vn 0.6025 0.4222 -0.6773
vn 0.6620 0.2894 -0.6913
vn 0.6932 0.1425 -0.7065
vn 0.6921 -0.0098 -0.7217
vn 0.6591 -0.1559 -0.7357
vn 0.5983 -0.2870 -0.7481
vn 0.5163 -0.3965 -0.7591
vn 0.4200 -0.4819 -0.7690
vn 0.3148 -0.5428 -0.7786
vn 0.2052 -0.5801 -0.7883
vn 0.0942 -0.5951 -0.7981
vn -0.0161 -0.5884 -0.8084
vn -0.1237 -0.5607 -0.8187
vn -0.2264 -0.5121 -0.8285
vn -0.3217 -0.4425 -0.8371
vn -0.4060 -0.3523 -0.8432
vn -0.4752 -0.2429 -0.8457
vn -0.5246 -0.1177 -0.8432
vn -0.5500 0.0178 -0.8349
vn -0.5492 0.1564 -0.8209
vn -0.5223 0.2901 -0.8019
vn -0.4719 0.4120 -0.7795
vn -0.4023 0.5171 -0.7555
vn -0.3178 0.6029 -0.7318
vn -0.2228 0.6682 -0.7099
vn -0.1202 0.7130 -0.6908
vn -0.0127 0.7373 -0.6754
vn 0.0796 0.9906 0.1109
vt 0.046486 0.440217
vt 0.044867 0.459645
vt 0.012369 0.414355
vt 0.031214 0.409750
vt 0.035367 0.427025
vt 0.038630 0.433157
vt 0.023468 0.481946
vt 0.000000 0.444678
vt 0.609188 0.688396
vt 0.598561 0.696406
vt 0.591432 0.639761
vt 0.609064 0.651495
vt 0.635131 0.668843
vt 0.614510 0.684385
vt 0.614500 0.683591
vt 0.614475 0.674993
vt 0.614538 0.665965
vt 0.614707 0.655518
vt 0.614714 0.655255
vt 0.162558 0.316819
vt 0.123253 0.310984
vt 0.148462 0.274612
vt 0.181168 0.288186
vt 0.724885 0.914497
vt 0.693301 0.939175
vt 0.676168 0.899720
vt 0.750094 0.029641
vt 0.790103 0.000000
vt 0.793595 0.053158
vt 0.874751 0.313781
vt 0.873211 0.308321
vt 0.873368 0.307296
vt 0.876971 0.283834
vt 0.904802 0.304373
vt 0.869766 0.330758
vt 0.872864 0.313161
vt 0.614926 0.694986
vt 0.635584 0.715404
vt 0.615389 0.705042
vt 0.609320 0.701927
vt 0.583378 0.869683
vt 0.589934 0.906524
vt 0.570641 0.907696
vt 0.571192 0.877564
vt 0.744750 0.119656
vt 0.747770 0.076634
vt 0.783453 0.110001
vt 0.898375 0.865119
vt 0.870233 0.905216
vt 0.863213 0.866014
vt 0.105110 0.780778
vt 0.065238 0.793636
vt 0.080333 0.768918
vt 0.088527 0.761249
vt 0.100569 0.711145
vt 0.124135 0.701621
vt 0.124135 0.743354
vt 0.105330 0.721304
vt 0.059418 0.672605
vt 0.060181 0.662394
vt 0.094566 0.671963
vt 0.077625 0.679457
vt 0.019065 0.719283
vt -0.000000 0.716524
vt 0.024081 0.682643
vt 0.023179 0.710857
vt 0.023951 0.787209
vt 0.002780 0.755351
vt 0.037404 0.764871
vt 0.002740 0.755254
vt 0.042072 0.685473
vt 0.097320 0.707800
vt 0.097386 0.754360
vt 0.046434 0.771584
vt 0.920875 0.831044
vt 0.887881 0.821643
vt 0.887934 0.821641
vt 0.887866 0.821644
vt 0.706330 0.015720
vt 0.722348 0.051369
vt 0.706329 0.015753
vt 0.713501 0.091532
vt 0.706329 0.124123
vt 0.752173 0.848913
vt 0.757279 0.883832
vt 0.716882 0.873426
vt 0.589934 0.945512
vt 0.555889 0.947579
vt 0.555889 0.920334
vt 0.822066 0.890844
vt 0.792046 0.861831
vt 0.829208 0.847980
vt 0.826223 0.870645
vt 0.670601 0.727439
vt 0.676168 0.690072
vt 0.669831 0.648225
vt 0.635131 0.624661
vt 0.676168 0.618584
vt 0.907613 0.256989
vt 0.869766 0.240805
vt 0.676168 0.847383
vt 0.786217 0.897948
vt 0.829208 0.931757
vt 0.594002 0.746927
vt 0.609373 0.704572
vt 0.613263 0.710219
vt 0.618272 0.709872
vt 0.615408 0.705266
vt 0.609064 0.644827
vt 0.615103 0.645013
vt 0.617313 0.639249
vt 0.617882 0.637957
vt 0.612851 0.636628
vt 0.610825 0.640735
vt 0.594399 0.593401
vt 0.598212 0.216809
vt 0.609440 0.210369
vt 0.608391 0.225022
vt 0.920875 0.909236
vt 0.146317 0.463613
vt 0.094415 0.482545
vt 0.095617 0.463579
vt 0.116852 0.465496
vt 0.122817 0.462317
vt 0.130891 0.457805
vt 0.147658 0.447526
vt 0.186370 0.421822
vt 0.156111 0.441857
vt 0.161155 0.435403
vt 0.169046 0.415703
vt 0.186370 0.366201
vt 0.175938 0.398932
vt 0.177905 0.392288
vt 0.174877 0.380137
vt 0.169960 0.360022
vt 0.164640 0.347723
vt 0.148427 0.333715
vt 0.168597 0.354343
vt 0.127016 0.318106
vt 0.125866 0.318012
vt 0.134376 0.321657
vt 0.114573 0.317016
vt 0.080125 0.317217
vt 0.063943 0.326966
vt 0.055886 0.312647
vt 0.089128 0.314673
vt 0.063052 0.454505
vt 0.069546 0.459735
vt 0.076331 0.462045
vt 0.035484 0.356032
vt 0.022220 0.359782
vt 0.046956 0.337221
vt 0.041015 0.343352
vt 0.029161 0.371409
vt 0.025855 0.379762
vt 0.025709 0.387013
vt 0.353070 0.196982
vt 0.384441 0.203930
vt 0.385123 0.223431
vt 0.354798 0.214349
vt 0.621458 0.201638
vt 0.653731 0.224394
vt 0.619251 0.237002
vt 0.591432 0.883529
vt 0.600806 0.851036
vt 0.617275 0.856797
vt 0.611726 0.884084
vt 0.653731 0.180947
vt 0.619789 0.179185
vt 0.626855 0.896821
vt 0.630897 0.932247
vt 0.596884 0.931316
vt 0.917165 0.558329
vt 0.917715 0.540965
vt 0.925608 0.533915
vt 0.941526 0.535979
vt 0.946401 0.569400
vt 0.917364 0.536608
vt 0.917013 0.532251
vt 0.473023 0.901853
vt 0.488823 0.910102
vt 0.481533 0.913570
vt 0.470822 0.907561
vt 0.924588 0.593341
vt 0.907396 0.570551
vt 0.532766 0.220364
vt 0.547140 0.210506
vt 0.544785 0.223892
vt 0.539707 0.239090
vt 0.770296 0.567214
vt 0.782655 0.568218
vt 0.770296 0.589881
vt 0.907396 0.515702
vt 0.943358 0.520627
vt 0.548215 0.207873
vt 0.532732 0.204691
vt 0.445109 0.891222
vt 0.442439 0.871948
vt 0.456964 0.874779
vt 0.464941 0.889013
vt 0.360558 0.234967
vt 0.392731 0.238468
vt 0.370556 0.240073
vt 0.825184 0.103682
vt 0.835874 0.122594
vt 0.824383 0.122594
vt 0.630897 0.873915
vt 0.627826 0.884496
vt 0.353070 0.232949
vt 0.255673 0.342585
vt 0.255878 0.343483
vt 0.255673 0.346746
vt 0.741202 0.417631
vt 0.747488 0.408356
vt 0.746571 0.424800
vt 0.598212 0.239823
vt 0.577239 0.239137
vt 0.570975 0.210606
vt 0.591948 0.211292
vt 0.442439 0.949688
vt 0.447995 0.907676
vt 0.453477 0.911884
vt 0.449217 0.942649
vt 0.485288 0.939719
vt 0.478913 0.935248
vt 0.479587 0.169845
vt 0.468173 0.175122
vt 0.438684 0.153917
vt 0.451246 0.148109
vt 0.478357 0.167604
vt 0.728057 0.378205
vt 0.748120 0.381611
vt 0.742722 0.388708
vt 0.729647 0.386419
vt 0.714087 0.419523
vt 0.713679 0.385472
vt 0.720101 0.391299
vt 0.720403 0.413981
vt 0.920248 0.626313
vt 0.937536 0.623293
vt 0.932756 0.658913
vt 0.915467 0.661933
vt 0.932756 0.593401
vt 0.947329 0.599198
vt 0.952110 0.629089
vt 0.792525 0.359368
vt 0.823067 0.364772
vt 0.818954 0.394913
vt 0.788412 0.389509
vt 0.915467 0.596421
vt 0.925810 0.833253
vt 0.956519 0.821641
vt 0.951584 0.850661
vt 0.920875 0.862273
vt 0.858554 0.558435
vt 0.835944 0.557172
vt 0.829190 0.529663
vt 0.851799 0.530927
vt 0.932992 0.240805
vt 0.945384 0.243780
vt 0.946454 0.280270
vt 0.934062 0.277295
vt 0.473814 0.196982
vt 0.444325 0.175777
vt 0.851799 0.592724
vt 0.829190 0.591461
vt 0.921028 0.245091
vt 0.922099 0.281582
vt 0.783345 0.893137
vt 0.764193 0.881965
vt 0.757279 0.847383
vt 0.776431 0.858555
vt 0.773120 0.856977
vt 0.776989 0.861344
vt 0.747346 0.403205
vt 0.748120 0.407424
vt 0.549290 0.205241
vt 0.532732 0.189010
vt 0.729365 0.944046
vt 0.741527 0.940253
vt 0.749154 0.942743
vt 0.749438 0.956094
vt 0.728847 0.961350
vt 0.730984 0.960348
vt 0.733482 0.959120
vt 0.733403 0.958004
vt 0.732724 0.954105
vt 0.732353 0.954262
vt 0.728958 0.955476
vt 0.728747 0.961390
vt 0.728705 0.962556
vt 0.454328 0.000000
vt 0.452910 0.021894
vt 0.452901 0.021781
vt 0.936369 0.888357
vt 0.925810 0.892350
vt 0.956519 0.880738
vt 0.942040 0.886213
vt 0.942821 0.884199
vt 0.943267 0.883184
vt 0.938640 0.883807
vt 0.938282 0.883866
vt 0.577239 0.179185
vt 0.598212 0.179871
vt 0.947329 0.664709
vt 0.823067 0.430096
vt 0.792525 0.424692
vt 0.594878 0.424294
vt 0.593746 0.424085
vt 0.591014 0.423148
vt 0.594578 0.413823
vt 0.607801 0.410395
vt 0.609812 0.415699
vt 0.609167 0.423834
vt 0.600349 0.426349
vt 0.594827 0.424456
vt 0.932992 0.304716
vt 0.921028 0.309002
vt 0.434233 0.136156
vt 0.415971 0.137959
vt 0.422054 0.135147
vt 0.429083 0.136332
vt 0.432723 0.136708
vt 0.255400 0.364370
vt 0.255685 0.363759
vt 0.255706 0.364100
vt 0.255706 0.364808
vt 0.945384 0.307691
vt 0.776431 0.919841
vt 0.757279 0.908669
vt 0.778166 0.913139
vt 0.774257 0.913202
vt 0.776599 0.919192
vt 0.421612 0.159819
vt 0.594274 0.433094
vt 0.593875 0.432836
vt 0.593954 0.432116
vt 0.589601 0.424756
vt 0.588937 0.429637
vt 0.583925 0.426390
vt 0.591933 0.423935
vt 0.591284 0.423970
vt 0.589765 0.424072
vt 0.587142 0.405519
vt 0.931731 0.311153
vt 0.924583 0.315265
vt 0.939301 0.313623
vt 0.609812 0.404745
vt 0.768173 0.923199
vt 0.759223 0.916056
vt 0.753778 0.961010
vt 0.725185 0.971922
vt 0.936428 0.896838
vt 0.935278 0.897374
vt 0.936574 0.890994
vt 0.942334 0.890268
vt 0.953530 0.888858
vt 0.942259 0.894117
vt 0.944573 0.670483
vt 0.934221 0.665398
vt 0.921820 0.667900
vt 0.753778 0.939175
vt 0.867487 0.737031
vt 0.870409 0.734421
vt 0.877978 0.729840
vt 0.918277 0.728428
vt 0.921451 0.729944
vt 0.925022 0.731552
vt 0.929645 0.735001
vt 0.932819 0.737259
vt 0.935045 0.739718
vt 0.935045 0.808225
vt 0.929688 0.813098
vt 0.921449 0.818075
vt 0.913872 0.820819
vt 0.890393 0.821641
vt 0.887662 0.820947
vt 0.883831 0.820051
vt 0.878646 0.817574
vt 0.875074 0.815966
vt 0.870452 0.812517
vt 0.867277 0.810259
vt 0.863395 0.805971
vt 0.863214 0.805778
vt 0.863214 0.741037
vt 0.863310 0.740910
vt 0.932610 0.810487
vt 0.913627 0.088902
vt 0.913646 0.088897
vt 0.913646 0.095795
vt 0.841822 0.093319
vt 0.841822 0.000000
vt 0.913646 0.002476
vt 0.913646 0.020007
vt 0.909229 0.018273
vt 0.906343 0.018437
vt 0.912497 0.041678
vt 0.913646 0.039100
vt 0.913646 0.088848
vt 0.253733 0.555252
vt 0.253733 0.462505
vt 0.256500 0.462519
vt 0.256895 0.474437
vt 0.256895 0.543324
vt 0.256727 0.548567
vt 0.256472 0.555266
vt 0.441780 0.644265
vt 0.440725 0.647260
vt 0.439088 0.647256
vt 0.439088 0.640456
vt 0.439092 0.640456
vt 0.439088 0.640408
vt 0.439088 0.591369
vt 0.439365 0.589748
vt 0.439852 0.574913
vt 0.439717 0.574150
vt 0.439088 0.572548
vt 0.439088 0.555267
vt 0.441898 0.555274
vt 0.442246 0.565705
vt 0.442252 0.565927
vt 0.442252 0.630493
vt 0.441944 0.639980
vt 0.216766 0.480733
vt 0.216752 0.481216
vt 0.213983 0.481208
vt 0.213983 0.409681
vt 0.215620 0.409686
vt 0.216675 0.413521
vt 0.216815 0.418228
vt 0.217059 0.429680
vt 0.217147 0.436755
vt 0.217147 0.460134
vt 0.217028 0.468792
vt 0.223225 0.466525
vt 0.223003 0.476964
vt 0.222883 0.481198
vt 0.220171 0.481117
vt 0.220171 0.409681
vt 0.222816 0.409760
vt 0.223051 0.417968
vt 0.223225 0.426449
vt 0.256895 0.406963
vt 0.256183 0.406054
vt 0.256269 0.402636
vt 0.830095 0.361546
vt 0.826592 0.364386
vt 0.831320 0.343799
vt 0.831665 0.343509
vt 0.831809 0.343486
vt 0.831640 0.350996
vt 0.855122 0.341254
vt 0.834433 0.358029
vt 0.830054 0.359846
vt 0.759922 0.389987
vt 0.760014 0.390083
vt 0.760003 0.390146
vt 0.926325 0.137510
vt 0.926312 0.136281
vt 0.929412 0.148915
vt 0.924393 0.144917
vt 0.924487 0.144956
vt 0.924218 0.136563
vt 0.902509 0.127483
vt 0.898407 0.124215
vt 0.913374 0.126836
vt 0.831579 0.427871
vt 0.831580 0.427920
vt 0.826592 0.426971
vt 0.828830 0.390360
vt 0.836066 0.406769
vt 0.845109 0.430495
vt 0.831599 0.427924
vt 0.256183 0.410883
vt 0.830113 0.362331
vt 0.830443 0.377129
vt 0.830477 0.378712
vt 0.831683 0.381233
vt 0.837322 0.358123
vt 0.865635 0.341597
vt 0.845117 0.425688
vt 0.897349 0.448163
vt 0.902474 0.453722
vt 0.901765 0.478191
vt 0.897930 0.474032
vt 0.894609 0.445191
vt 0.212915 0.416612
vt 0.212484 0.417331
vt 0.212484 0.414496
vt 0.255400 0.351842
vt 0.255820 0.351152
vt 0.255848 0.351937
vt 0.884896 0.485012
vt 0.890307 0.438113
vt 0.893430 0.439637
vt 0.892593 0.446889
vt 0.893689 0.447476
vt 0.891985 0.488807
vt 0.255400 0.356518
vt 0.925385 0.180386
vt 0.911928 0.216133
vt 0.909245 0.216731
vt 0.927085 0.175723
vt 0.929412 0.212235
vt 0.926243 0.212942
vt 0.926294 0.212806
vt 0.892722 0.210217
vt 0.889033 0.125763
vt 0.892630 0.127825
vt 0.911913 0.207759
vt 0.925356 0.179307
vt 0.924985 0.163801
vt 0.924728 0.154008
vt 0.924523 0.146405
vt 0.924491 0.145108
vt 0.434109 0.606763
vt 0.434109 0.597477
vt 0.435915 0.597848
vt 0.255815 0.283401
vt 0.255662 0.282117
vt 0.255818 0.274612
vt 0.255818 0.283578
vt 0.366361 0.785070
vt 0.369948 0.781898
vt 0.364867 0.804504
vt 0.365595 0.815640
vt 0.366099 0.808948
vt 0.365807 0.808157
vt 0.139352 0.813148
vt 0.141629 0.809465
vt 0.141346 0.817847
vt 0.138422 0.825891
vt 0.136951 0.819753
vt 0.374916 0.787154
vt 0.372719 0.816957
vt 0.374916 0.815135
vt 0.141629 0.826643
vt 0.141065 0.825017
vt 0.875701 0.178192
vt 0.876909 0.179267
vt 0.875841 0.167616
vt 0.875737 0.165003
vt 0.875486 0.163743
vt 0.871992 0.125623
vt 0.874571 0.124123
vt 0.882435 0.209922
vt 0.872427 0.215070
vt 0.872612 0.201176
vt 0.913825 0.249841
vt 0.914123 0.243060
vt 0.921028 0.261569
vt 0.917616 0.261593
vt 0.913233 0.249844
vt 0.255786 0.284323
vt 0.255793 0.284461
vt 0.255762 0.284463
vt 0.255762 0.284266
vt 0.255792 0.284609
vt 0.255792 0.284749
vt 0.255762 0.284609
vt 0.255762 0.284463
vt 0.255806 0.284463
vt 0.255793 0.284609
vt 0.224597 0.470428
vt 0.226583 0.455275
vt 0.229888 0.455330
vt 0.229317 0.459691
vt 0.226982 0.459442
vt 0.226138 0.479485
vt 0.226982 0.431125
vt 0.229038 0.431116
vt 0.229824 0.431801
vt 0.226519 0.431746
vt 0.223814 0.429390
vt 0.223225 0.426054
vt 0.226607 0.428999
vt 0.226982 0.451728
vt 0.229789 0.451560
vt 0.226346 0.446280
vt 0.226714 0.446286
vt 0.917101 0.288388
vt 0.921028 0.323735
vt 0.917616 0.323760
vt 0.913689 0.288412
vt 0.688439 0.400536
vt 0.689031 0.400538
vt 0.689279 0.410745
vt 0.688686 0.410744
vt 0.690875 0.383171
vt 0.688534 0.388792
vt 0.687941 0.388790
vt 0.687907 0.382095
vt 0.688212 0.381363
vt 0.690866 0.381371
vt 0.688647 0.391453
vt 0.688647 0.391451
vt 0.688645 0.391451
vt 0.252605 0.434029
vt 0.254998 0.414796
vt 0.255592 0.414807
vt 0.255565 0.437735
vt 0.252573 0.461781
vt 0.229769 0.436470
vt 0.226982 0.436019
vt 0.689517 0.428079
vt 0.689006 0.430638
vt 0.688924 0.428077
vt 0.590707 0.818705
vt 0.587359 0.819362
vt 0.587359 0.814487
vt 0.587363 0.814486
vt 0.587359 0.814468
vt 0.587359 0.801265
vt 0.590707 0.815623
vt 0.255532 0.403042
vt 0.253394 0.404047
vt 0.442252 0.649467
vt 0.442252 0.656894
vt 0.439889 0.656678
vt 0.439288 0.652505
vt 0.439288 0.647260
vt 0.441944 0.647323
vt 0.831923 0.340467
vt 0.903674 0.339367
vt 0.901186 0.431746
vt 0.829435 0.432847
vt 0.829594 0.426962
vt 0.829645 0.427096
vt 0.434060 0.607349
vt 0.434029 0.607202
vt 0.434110 0.607142
vt 0.435915 0.615951
vt 0.381835 0.800579
vt 0.379358 0.801700
vt 0.382554 0.781898
vt 0.382554 0.803316
vt 0.381216 0.803370
vt 0.255881 0.352819
vt 0.256895 0.342585
vt 0.256895 0.358475
vt 0.861219 0.201799
vt 0.861251 0.201839
vt 0.862409 0.209489
vt 0.863408 0.212172
vt 0.869492 0.216581
vt 0.882431 0.209926
vt 0.892718 0.210220
vt 0.909241 0.216735
vt 0.925776 0.195070
vt 0.923907 0.199545
vt 0.925872 0.198677
vt 0.926405 0.218696
vt 0.854660 0.217692
vt 0.852172 0.124235
vt 0.873861 0.124538
vt 0.871481 0.125927
vt 0.875839 0.173480
vt 0.863055 0.162098
vt 0.859129 0.166224
vt 0.859365 0.189389
vt 0.861200 0.201507
vt 0.256895 0.555288
vt 0.256895 0.647584
vt 0.253733 0.647563
vt 0.253733 0.555266
vt 0.439798 0.213969
vt 0.439539 0.223538
vt 0.436633 0.238729
vt 0.436633 0.196982
vt 0.439798 0.205128
vt 0.439798 0.205276
vt 0.439644 0.206545
vt 0.551268 0.231245
vt 0.551268 0.229937
vt 0.554433 0.229948
vt 0.554433 0.240352
vt 0.551707 0.233334
vt 0.551661 0.233334
vt 0.551872 0.231258
vt 0.587359 0.694285
vt 0.587359 0.679944
vt 0.590524 0.711557
vt 0.590524 0.717371
vt 0.587359 0.717360
vt 0.587359 0.697808
vt 0.587658 0.696999
vt 0.233198 0.409694
vt 0.233198 0.480740
vt 0.230035 0.480727
vt 0.230035 0.409681
vt 0.226982 0.409681
vt 0.230035 0.409807
vt 0.230035 0.480742
vt 0.226982 0.480615
vt 0.229828 0.456336
vt 0.229703 0.431917
vt 0.829190 0.503558
vt 0.834354 0.508092
vt 0.834312 0.508866
vt 0.836258 0.509764
vt 0.855138 0.526342
vt 0.835564 0.517306
vt 0.835558 0.521135
vt 0.831429 0.519229
vt 0.255635 0.281842
vt 0.255642 0.285482
vt 0.255629 0.285484
vt 0.255629 0.281844
vt 0.255662 0.288412
vt 0.255720 0.283578
vt 0.255720 0.288643
vt 0.769580 0.958152
vt 0.773972 0.950586
vt 0.775882 0.961903
vt 0.757610 0.978772
vt 0.758005 0.978093
vt 0.771820 0.965338
vt 0.829510 0.350926
vt 0.829655 0.342014
vt 0.831867 0.341410
vt 0.831809 0.343480
vt 0.840651 0.462929
vt 0.834175 0.475290
vt 0.835214 0.448416
vt 0.848360 0.437870
vt 0.839483 0.439506
vt 0.840624 0.437066
vt 0.856237 0.433175
vt 0.854384 0.436712
vt 0.852858 0.436821
vt 0.834488 0.505303
vt 0.845327 0.464963
vt 0.841094 0.490947
vt 0.863609 0.436381
vt 0.106721 0.845557
vt 0.110428 0.841082
vt 0.110443 0.841875
vt 0.106606 0.846508
vt 0.826034 0.359703
vt 0.826034 0.375340
vt 0.824417 0.372102
vt 0.825804 0.359368
vt 0.255621 0.274612
vt 0.255621 0.275371
vt 0.255617 0.274617
vt 0.212484 0.411398
vt 0.213742 0.409821
vt 0.213867 0.411085
vt 0.255622 0.274612
vt 0.255621 0.274837
vt 0.255621 0.274613
vt 0.106650 0.798413
vt 0.105229 0.794752
vt 0.105433 0.794870
vt 0.106533 0.797705
vt 0.255629 0.275469
vt 0.255629 0.276155
vt 0.255625 0.276138
vt 0.213852 0.411557
vt 0.213867 0.411658
vt 0.213867 0.414496
vt 0.825907 0.375826
vt 0.823067 0.371143
vt 0.100738 0.831391
vt 0.098695 0.884988
vt 0.098596 0.885077
vt 0.098558 0.883665
vt 0.100545 0.831544
vt 0.100694 0.830031
vt 0.255643 0.394286
vt 0.256895 0.396325
vt 0.255841 0.396243
vt 0.255846 0.396091
vt 0.255730 0.395057
vt 0.256064 0.395108
vt 0.255655 0.394395
vt 0.255628 0.276284
vt 0.255628 0.276412
vt 0.255625 0.276408
vt 0.255643 0.402636
vt 0.255836 0.396365
vt 0.234469 0.414745
vt 0.233198 0.417859
vt 0.234435 0.414756
vt 0.255721 0.288340
vt 0.255801 0.287114
vt 0.255726 0.288352
vt 0.760039 0.389933
vt 0.762329 0.389018
vt 0.748120 0.422872
vt 0.748120 0.378205
vt 0.748465 0.381694
vt 0.748465 0.418762
vt 0.759922 0.394089
vt 0.759922 0.389855
vt 0.759922 0.387543
vt 0.234453 0.414713
vt 0.233198 0.409704
vt 0.233201 0.409681
vt 0.255801 0.289274
vt 0.255720 0.288355
vt 0.356139 0.819835
vt 0.356140 0.819829
vt 0.356216 0.820699
vt 0.479080 0.203863
vt 0.479076 0.196982
vt 0.479154 0.204450
vt 0.761080 0.926190
vt 0.761077 0.931531
vt 0.757279 0.978249
vt 0.760444 0.930300
vt 0.760565 0.926163
vt 0.757279 0.923199
vt 0.005576 0.857210
vt 0.005833 0.844142
vt 0.006016 0.840338
vt 0.009422 0.844455
vt 0.011820 0.864756
vt 0.005910 0.840210
vt 0.005933 0.840238
vt 0.005902 0.840620
vt 0.255629 0.274612
vt 0.255662 0.274627
vt 0.255629 0.274634
vt 0.009997 0.795216
vt 0.011244 0.794410
vt 0.009324 0.799473
vt 0.700705 0.232322
vt 0.698595 0.231618
vt 0.698633 0.229385
vt 0.254880 0.666472
vt 0.256895 0.685241
vt 0.254366 0.684070
vt 0.254880 0.683803
vt 0.255662 0.281842
vt 0.255629 0.281785
vt 0.911467 0.304776
vt 0.914880 0.304847
vt 0.909328 0.321690
vt 0.907668 0.316304
vt 0.353964 0.858045
vt 0.353352 0.867638
vt 0.353257 0.867630
vt 0.353552 0.863011
vt 0.351977 0.863019
vt 0.255624 0.276113
vt 0.255624 0.276400
vt 0.255618 0.276398
vt 0.255624 0.276400
vt 0.255622 0.276495
vt 0.255621 0.276400
vt 0.439103 0.659397
vt 0.439388 0.659404
vt 0.439738 0.662839
vt 0.439209 0.662837
vt 0.439302 0.684184
vt 0.439211 0.684182
vt 0.439232 0.709937
vt 0.439211 0.711088
vt 0.439118 0.711199
vt 0.439178 0.707843
vt 0.441885 0.707908
vt 0.440136 0.709988
vt 0.380120 0.606134
vt 0.380157 0.601902
vt 0.380521 0.601461
vt 0.382147 0.601485
vt 0.382133 0.603084
vt 0.382640 0.603081
vt 0.255724 0.293950
vt 0.255629 0.293830
vt 0.255724 0.293713
vt 0.439238 0.693866
vt 0.439147 0.693864
vt 0.913701 0.251041
vt 0.910899 0.278092
vt 0.907732 0.278027
vt 0.907734 0.278013
vt 0.907612 0.276805
vt 0.911341 0.240805
vt 0.914754 0.240875
vt 0.255647 0.361063
vt 0.255647 0.362286
vt 0.255521 0.361074
vt 0.836466 0.878056
vt 0.836679 0.888187
vt 0.836587 0.888186
vt 0.836375 0.878055
vt 0.256170 0.409044
vt 0.255596 0.409078
vt 0.255596 0.407997
vt 0.255793 0.283591
vt 0.255818 0.284297
vt 0.442388 0.237580
vt 0.442389 0.240308
vt 0.439798 0.238866
vt 0.255815 0.292343
vt 0.255815 0.292705
vt 0.255720 0.292532
vt 0.721812 0.427921
vt 0.723422 0.428721
vt 0.723422 0.430416
vt 0.720978 0.429253
vt 0.723422 0.424800
vt 0.723422 0.424988
vt 0.838115 0.863576
vt 0.840716 0.863606
vt 0.840348 0.866834
vt 0.838388 0.866885
vt 0.838762 0.863605
vt 0.838776 0.863586
vt 0.836656 0.870421
vt 0.837436 0.863568
vt 0.837245 0.870412
vt 0.587359 0.623249
vt 0.589864 0.623226
vt 0.589912 0.623638
vt 0.589921 0.652400
vt 0.589873 0.651997
vt 0.589896 0.651979
vt 0.589460 0.648534
vt 0.587930 0.635682
vt 0.587929 0.632215
vt 0.589397 0.624663
vt 0.587359 0.623678
vt 0.255464 0.274612
vt 0.255557 0.275378
vt 0.255617 0.297419
vt 0.255526 0.297420
vt 0.255720 0.290909
vt 0.255720 0.289274
vt 0.255815 0.290076
vt 0.439256 0.701877
vt 0.441966 0.701695
vt 0.382277 0.596259
vt 0.380495 0.589906
vt 0.383000 0.589943
vt 0.382999 0.589999
vt 0.380733 0.590109
vt 0.839313 0.903011
vt 0.839316 0.902997
vt 0.839317 0.902971
vt 0.841269 0.902993
vt 0.843773 0.919036
vt 0.843642 0.921887
vt 0.844222 0.921907
vt 0.844579 0.924194
vt 0.841299 0.924156
vt 0.838513 0.906316
vt 0.839314 0.903016
vt 0.837989 0.902956
vt 0.838668 0.902964
vt 0.840348 0.896157
vt 0.838388 0.896072
vt 0.837393 0.898525
vt 0.837983 0.898552
vt 0.255557 0.316877
vt 0.255464 0.317555
vt 0.255783 0.413355
vt 0.255720 0.292343
vt 0.255815 0.291633
vt 0.907616 0.278890
vt 0.255429 0.360212
vt 0.375112 0.803665
vt 0.374916 0.793355
vt 0.379079 0.781898
vt 0.379079 0.810649
vt 0.808920 0.544794
vt 0.808920 0.579687
vt 0.798553 0.548883
vt 0.248694 0.790678
vt 0.255526 0.788698
vt 0.251593 0.791039
vt 0.251594 0.791043
vt 0.251592 0.791044
vt 0.255526 0.810428
vt 0.433151 0.932180
vt 0.436315 0.979630
vt 0.435557 0.979405
vt 0.418799 0.963990
vt 0.110403 0.840228
vt 0.110407 0.840223
vt 0.109863 0.818076
vt 0.106769 0.799123
vt 0.106762 0.799106
vt 0.105013 0.794599
vt 0.105012 0.794599
vt 0.104440 0.794230
vt 0.116061 0.793636
vt 0.116061 0.886323
vt 0.075694 0.888386
vt 0.081181 0.886897
vt 0.095662 0.887148
vt 0.098488 0.885141
vt 0.098487 0.885136
vt 0.005601 0.872386
vt 0.005306 0.869542
vt 0.013514 0.879461
vt 0.014107 0.877895
vt 0.014336 0.883430
vt 0.018046 0.886062
vt 0.009060 0.837644
vt 0.022980 0.794845
vt 0.019072 0.796697
vt 0.009992 0.795236
vt -0.000000 0.793636
vt 0.059863 0.796295
vt 0.071632 0.831187
vt 0.071644 0.834709
vt 0.059445 0.805833
vt 0.039826 0.885410
vt 0.049422 0.886658
vt 0.071807 0.878989
vt 0.071849 0.890563
vt 0.000343 0.887387
vt 0.006148 0.879998
vt 0.008210 0.881781
vt 0.142567 0.671044
vt 0.140141 0.671852
vt 0.140141 0.662394
vt 0.006091 0.879949
vt 0.017360 0.808808
vt 0.016335 0.805115
vt 0.008031 0.812465
vt 0.439088 0.566166
vt 0.439088 0.657599
vt 0.435926 0.657569
vt 0.435926 0.566135
vt 0.476550 0.212531
vt 0.479154 0.238366
vt 0.476194 0.230283
vt 0.476046 0.229389
vt 0.351893 0.862769
vt 0.352079 0.862795
vt 0.353138 0.869911
vt 0.349980 0.869709
vt 0.350645 0.858608
vt 0.587359 0.751514
vt 0.590524 0.751527
vt 0.590524 0.783115
vt 0.588099 0.753959
vt 0.587359 0.753971
vt 0.255617 0.314170
vt 0.255804 0.316409
vt 0.255617 0.317555
vt 0.436510 0.688385
vt 0.439089 0.688179
vt 0.439089 0.727826
vt 0.435926 0.727807
vt 0.435926 0.657599
vt 0.439089 0.657618
vt 0.439089 0.678117
vt 0.437182 0.677949
vt 0.436440 0.683297
vt 0.837735 0.909510
vt 0.838210 0.907223
vt 0.838496 0.918132
vt 0.835442 0.918040
vt 0.835212 0.909247
vt 0.837393 0.898548
vt 0.835579 0.898524
vt 0.835689 0.902885
vt 0.835615 0.903731
vt 0.835700 0.903953
vt 0.835143 0.906633
vt 0.833606 0.847980
vt 0.836660 0.848072
vt 0.836958 0.859462
vt 0.836714 0.859454
vt 0.836713 0.859455
vt 0.834078 0.859382
vt 0.835480 0.861590
vt 0.834648 0.863030
vt 0.834904 0.864234
vt 0.834837 0.870216
vt 0.836654 0.870357
vt 0.247402 0.882112
vt 0.247614 0.882230
vt 0.247614 0.882236
vt 0.248694 0.882839
vt 0.224891 0.882018
vt 0.224891 0.788699
vt 0.234523 0.789031
vt 0.230943 0.791991
vt 0.230943 0.791991
vt 0.230573 0.792297
vt 0.229799 0.795273
vt 0.229732 0.796645
vt 0.229727 0.796662
vt 0.228781 0.816133
vt 0.230738 0.838530
vt 0.230742 0.838535
vt 0.230881 0.840122
vt 0.235214 0.844339
vt 0.239344 0.828469
vt 0.239554 0.828573
vt 0.247389 0.880737
vt 0.762359 0.388708
vt 0.252871 0.775129
vt 0.252062 0.764850
vt 0.256895 0.754152
vt 0.256895 0.783464
vt 0.384570 0.681526
vt 0.383424 0.691140
vt 0.388614 0.713104
vt 0.383190 0.713291
vt 0.383190 0.673340
vt 0.898005 0.517309
vt 0.895406 0.523766
vt 0.897067 0.522629
vt 0.907396 0.527146
vt 0.835564 0.529663
vt 0.907396 0.434910
vt 0.902305 0.438961
vt 0.901149 0.438017
vt 0.902513 0.443195
vt 0.889743 0.437405
vt 0.885406 0.475002
vt 0.885003 0.474592
vt 0.884965 0.478821
vt 0.883640 0.490313
vt 0.884871 0.489275
vt 0.884529 0.527374
vt 0.888501 0.525178
vt 0.889746 0.521364
vt 0.898974 0.512481
vt 0.901527 0.483591
vt 0.897578 0.487392
vt 0.892836 0.482565
vt 0.898343 0.477926
vt 0.901567 0.481422
vt 0.254099 0.673567
vt 0.254190 0.673471
vt 0.254190 0.677535
vt 0.251742 0.672299
vt 0.254190 0.671049
vt 0.254190 0.673340
vt 0.254074 0.673418
vt 0.442111 0.462520
vt 0.442111 0.555267
vt 0.439088 0.555252
vt 0.439088 0.462505
vt 0.388614 0.673340
vt 0.391286 0.700843
vt 0.388614 0.708307
vt 0.821390 0.112171
vt 0.822835 0.108135
vt 0.822835 0.120459
vt 0.819810 0.120452
vt 0.819810 0.115102
vt 0.820339 0.115109
vt 0.820344 0.115095
vt 0.822383 0.115077
vt 0.253870 0.754152
vt 0.253870 0.721515
vt 0.256895 0.721522
vt 0.256895 0.727287
vt 0.440868 0.709230
vt 0.441851 0.708211
vt 0.441852 0.708060
vt 0.441852 0.707938
vt 0.439375 0.662116
vt 0.442399 0.662134
vt 0.442185 0.733661
vt 0.439160 0.733642
vt 0.440239 0.709881
vt 0.441369 0.709829
vt 0.814140 0.123605
vt 0.814140 0.108135
vt 0.817060 0.120961
vt 0.817060 0.123693
vt 0.840255 0.863910
vt 0.840348 0.863444
vt 0.839560 0.862165
vt 0.837824 0.862116
vt 0.837824 0.852537
vt 0.840744 0.852624
vt 0.840744 0.906862
vt 0.840395 0.905332
vt 0.838388 0.896055
vt 0.837824 0.896046
vt 0.837824 0.866910
vt 0.838388 0.866960
vt 0.840348 0.864014
vt 0.068724 0.872435
vt 0.075694 0.867299
vt 0.071842 0.883260
vt 0.067982 0.872982
vt 0.068693 0.872738
vt 0.256895 0.388818
vt 0.256878 0.394286
vt 0.255998 0.387707
vt 0.835562 0.524199
vt 0.831935 0.523530
vt 0.830638 0.513710
vt 0.435982 0.980158
vt 0.417723 0.963363
vt 0.419863 0.951596
vt 0.422340 0.955985
vt 0.056423 0.794401
vt 0.074964 0.800518
vt 0.071781 0.800076
vt 0.072419 0.801968
vt 0.063755 0.799721
vt 0.075694 0.811380
vt 0.073780 0.839013
vt 0.071642 0.833520
vt 0.057117 0.796187
vt 0.255400 0.349975
vt 0.255673 0.342585
vt 0.255673 0.351152
vt 0.256895 0.383633
vt 0.056892 0.796175
vt 0.056027 0.796139
vt 0.051576 0.795941
vt 0.068905 0.870727
vt 0.070399 0.856940
vt 0.072269 0.854343
vt 0.072043 0.851634
vt 0.070657 0.848245
vt 0.065501 0.863741
vt 0.068317 0.859832
vt 0.065165 0.872616
vt 0.434270 0.566483
vt 0.434506 0.566135
vt 0.435926 0.578932
vt 0.434270 0.582263
vt 0.230806 0.839307
vt 0.234992 0.843380
vt 0.255625 0.274612
vt 0.255629 0.274617
vt 0.255625 0.275469
vt 0.230761 0.792139
vt 0.229761 0.795981
vt 0.702154 0.234288
vt 0.698607 0.233104
vt 0.698577 0.229416
vt 0.698577 0.229415
vt 0.255625 0.274612
vt 0.255625 0.274613
vt 0.255625 0.274869
vt 0.255617 0.275371
vt 0.255621 0.276095
vt 0.255617 0.276113
vt 0.255759 0.356716
vt 0.255400 0.360212
vt 0.255400 0.356518
vt 0.255625 0.276155
vt 0.255629 0.276282
vt 0.255625 0.276284
vt 0.247509 0.882173
vt 0.698577 0.240445
vt 0.698597 0.234329
vt 0.239234 0.827082
vt 0.797223 0.554968
vt 0.794902 0.553989
vt 0.799187 0.550934
vt 0.797444 0.554831
vt 0.809303 0.543721
vt 0.809303 0.587978
vt 0.797259 0.555180
vt 0.806693 0.545581
vt 0.256895 0.375586
vt 0.256863 0.375578
vt 0.255524 0.372551
vt 0.255719 0.289877
vt 0.255715 0.289888
vt 0.255638 0.288643
vt 0.433030 0.928082
vt 0.436315 0.925165
vt 0.429838 0.939387
vt 0.422725 0.955126
vt 0.432513 0.928124
vt 0.255529 0.383633
vt 0.255524 0.383616
vt 0.256882 0.375619
vt 0.256865 0.375582
vt 0.255638 0.290779
vt 0.255720 0.289891
vt 0.899670 0.504479
vt 0.899295 0.505233
vt 0.891847 0.512403
vt 0.255753 0.283578
vt 0.255751 0.283598
vt 0.255720 0.283591
vt 0.902296 0.439036
vt 0.255826 0.394461
vt 0.887499 0.512369
vt 0.887375 0.526103
vt 0.887377 0.526104
vt 0.255753 0.287045
vt 0.255722 0.287114
vt 0.885130 0.476257
vt 0.347832 0.846153
vt 0.351093 0.846300
vt 0.356341 0.867773
vt 0.255625 0.274612
vt 0.255624 0.274707
vt 0.255622 0.274612
vt 0.601132 0.237002
vt 0.604120 0.237002
vt 0.603764 0.240496
vt 0.601726 0.240454
vt 0.601419 0.237013
vt 0.439008 0.659398
vt 0.436625 0.684216
vt 0.439083 0.707844
vt 0.439025 0.711076
vt 0.255815 0.293428
vt 0.255724 0.293539
vt 0.255724 0.293313
vt 0.440857 0.709155
vt 0.688633 0.389850
vt 0.690657 0.389770
vt 0.691004 0.390203
vt 0.691040 0.394435
vt 0.439052 0.693865
vt 0.352731 0.782345
vt 0.354956 0.782446
vt 0.356341 0.818618
vt 0.356141 0.819814
vt 0.353126 0.819693
vt 0.352086 0.792512
vt 0.352605 0.791347
vt 0.352040 0.791307
vt 0.351718 0.782900
vt 0.352730 0.782364
vt 0.255400 0.361088
vt 0.836554 0.878060
vt 0.836767 0.888191
vt 0.256183 0.402636
vt 0.256145 0.403716
vt 0.255596 0.403709
vt 0.255815 0.292870
vt 0.255724 0.293051
vt 0.255724 0.292705
vt 0.723248 0.424920
vt 0.718685 0.428062
vt 0.722784 0.425239
vt 0.723011 0.425352
vt 0.255793 0.283578
vt 0.255793 0.284266
vt 0.255768 0.284252
vt 0.838770 0.863608
vt 0.835607 0.863452
vt 0.837417 0.863544
vt 0.837428 0.863564
vt 0.255431 0.297418
vt 0.255371 0.275449
vt 0.252573 0.403091
vt 0.252619 0.402681
vt 0.255531 0.402755
vt 0.254902 0.411435
vt 0.252609 0.431853
vt 0.255629 0.291579
vt 0.255720 0.290779
vt 0.255720 0.292342
vt 0.690485 0.378415
vt 0.688127 0.378357
vt 0.688127 0.378320
vt 0.691040 0.378205
vt 0.688672 0.384594
vt 0.839323 0.902996
vt 0.831425 0.922268
vt 0.836160 0.902840
vt 0.837983 0.902930
vt 0.837981 0.902976
vt 0.834777 0.918680
vt 0.835496 0.918698
vt 0.834217 0.923943
vt 0.832060 0.923837
vt 0.832127 0.922371
vt 0.255371 0.316812
vt 0.255629 0.293003
vt 0.255720 0.292342
vt 0.255720 0.293713
vt 0.256183 0.407997
vt 0.838733 0.593401
vt 0.910557 0.595877
vt 0.910557 0.605665
vt 0.885069 0.595661
vt 0.900357 0.624035
vt 0.898823 0.658982
vt 0.905585 0.661476
vt 0.897078 0.685688
vt 0.910557 0.682355
vt 0.910557 0.689196
vt 0.838733 0.686720
vt 0.838733 0.612309
vt 0.844066 0.609089
vt 0.847567 0.593715
vt 0.845870 0.594684
vt 0.838733 0.604003
vt 0.255596 0.413355
vt 0.256604 0.414545
vt 0.255596 0.416416
vt 0.425206 0.908358
vt 0.425244 0.907926
vt 0.427323 0.896125
vt 0.428073 0.873239
vt 0.424238 0.869080
vt 0.418292 0.883855
vt 0.417243 0.852142
vt 0.416614 0.833160
vt 0.413569 0.831317
vt 0.399071 0.832633
vt 0.394481 0.831786
vt 0.433717 0.830411
vt 0.433717 0.922647
vt 0.361885 0.925165
vt 0.361885 0.904497
vt 0.362566 0.904812
vt 0.365406 0.904748
vt 0.363647 0.891852
vt 0.374176 0.921454
vt 0.376849 0.922105
vt 0.393514 0.916013
vt 0.403806 0.915937
vt 0.416596 0.922784
vt 0.422776 0.918554
vt 0.423835 0.915923
vt 0.425158 0.908416
vt 0.255648 0.363754
vt 0.255667 0.363759
vt 0.255400 0.363699
vt 0.255667 0.362286
vt 0.434270 0.596379
vt 0.435915 0.582263
vt 0.435915 0.597477
vt 0.385555 0.834049
vt 0.361885 0.877488
vt 0.361885 0.843254
vt 0.583571 0.842150
vt 0.583571 0.768195
vt 0.586593 0.768210
vt 0.586593 0.860957
vt 0.583571 0.860942
vt 0.583571 0.850406
vt 0.584685 0.850479
vt 0.256738 0.685241
vt 0.256518 0.698916
vt 0.256793 0.700604
vt 0.256895 0.700903
vt 0.256895 0.721515
vt 0.253870 0.721507
vt 0.253870 0.714763
vt 0.254275 0.714772
vt 0.587359 0.727505
vt 0.587359 0.725410
vt 0.590384 0.717371
vt 0.590384 0.751514
vt 0.349728 0.781899
vt 0.352747 0.782092
vt 0.352052 0.790211
vt 0.349720 0.790223
vt 0.349134 0.791529
vt 0.220171 0.409690
vt 0.220171 0.481217
vt 0.217147 0.481208
vt 0.217147 0.409681
vt 0.832127 0.923801
vt 0.829208 0.923713
vt 0.829208 0.852277
vt 0.832127 0.852365
vt 0.832127 0.891385
vt 0.829422 0.891071
vt 0.829328 0.897457
vt 0.830304 0.905074
vt 0.832127 0.904959
vt 0.832127 0.919084
vt 0.256895 0.363360
vt 0.255800 0.372551
vt 0.255810 0.364901
vt 0.906096 0.611618
vt 0.910565 0.604315
vt 0.914065 0.617665
vt 0.912237 0.616278
vt 0.912391 0.614088
vt 0.797227 0.554980
vt 0.363324 0.850295
vt 0.358225 0.854020
vt 0.361557 0.842319
vt 0.361522 0.843456
vt 0.374684 0.833512
vt 0.389723 0.831004
vt 0.361872 0.850859
vt 0.912449 0.644668
vt 0.915467 0.680971
vt 0.911865 0.622324
vt 0.255800 0.358475
vt 0.010555 0.830470
vt 0.006290 0.834245
vt 0.213418 0.416687
vt 0.213867 0.414496
vt 0.213867 0.417359
vt 0.016981 0.814439
vt 0.013361 0.830320
vt 0.022042 0.795152
vt 0.019352 0.814178
vt 0.018841 0.813471
vt 0.014859 0.845965
vt 0.015414 0.837712
vt 0.366031 0.896020
vt 0.376839 0.922200
vt 0.359915 0.881207
vt 0.360824 0.883409
vt 0.360302 0.886002
vt 0.361885 0.888770
vt 0.361874 0.918010
vt 0.356824 0.916596
vt 0.362568 0.880227
vt 0.361872 0.852959
vt 0.399064 0.832694
vt 0.393503 0.916108
vt 0.427740 0.879598
vt 0.427504 0.883293
vt 0.427821 0.879901
vt 0.427313 0.896220
vt 0.425003 0.876629
vt 0.425384 0.907261
vt 0.426016 0.899442
vt 0.828958 0.554628
vt 0.827517 0.559733
vt 0.824540 0.551840
vt 0.824349 0.543720
vt 0.825550 0.545593
vt 0.551259 0.214908
vt 0.549290 0.233991
vt 0.549315 0.189010
vt 0.551268 0.197200
vt 0.549683 0.213494
vt 0.824893 0.558922
vt 0.824349 0.560548
vt 0.421475 0.868712
vt 0.426324 0.895959
vt 0.419304 0.902718
vt 0.413298 0.921119
vt 0.403796 0.916032
vt 0.413558 0.831411
vt 0.415765 0.833102
vt 0.418639 0.875761
vt 0.255818 0.298997
vt 0.256895 0.274612
vt 0.256895 0.318188
vt 0.347799 0.802802
vt 0.344544 0.802560
vt 0.255815 0.293721
vt 0.255741 0.293746
vt 0.255741 0.293539
vt 0.255815 0.293051
vt 0.255769 0.293313
vt 0.255740 0.293051
vt 0.829812 0.895813
vt 0.832949 0.895988
vt 0.833760 0.911242
vt 0.831659 0.920168
vt 0.832619 0.872461
vt 0.832074 0.872431
vt 0.831556 0.869680
vt 0.833520 0.867213
vt 0.834147 0.870542
vt 0.831859 0.886965
vt 0.832209 0.886984
vt 0.349848 0.829817
vt 0.344020 0.864853
vt 0.340764 0.864611
vt 0.346592 0.829575
vt 0.383000 0.622382
vt 0.382433 0.622398
vt 0.382362 0.612187
vt 0.382929 0.612171
vt 0.380170 0.593130
vt 0.380171 0.593062
vt 0.382429 0.593000
vt 0.382715 0.593724
vt 0.382634 0.600419
vt 0.382067 0.600434
vt 0.380141 0.595558
vt 0.382143 0.603455
vt 0.587407 0.635310
vt 0.587973 0.635308
vt 0.589920 0.652378
vt 0.589862 0.679944
vt 0.587359 0.658239
vt 0.382977 0.642279
vt 0.382372 0.639733
vt 0.382939 0.639717
vt 0.587359 0.783115
vt 0.590554 0.783781
vt 0.590554 0.788744
vt 0.590159 0.788653
vt 0.251642 0.671049
vt 0.251642 0.663649
vt 0.251936 0.661512
vt 0.254190 0.661514
vt 0.254190 0.668790
vt 0.253899 0.670901
vt 0.392492 0.732548
vt 0.392415 0.738887
vt 0.383489 0.718898
vt 0.394896 0.717188
vt 0.391691 0.798110
vt 0.385970 0.791330
vt 0.394893 0.811335
vt 0.394896 0.811336
vt 0.388565 0.812285
vt 0.383592 0.784122
vt 0.383908 0.785268
vt 0.384454 0.784725
vt 0.383994 0.753349
vt 0.388748 0.762142
vt 0.383789 0.739388
vt 0.154868 0.811076
vt 0.151510 0.824629
vt 0.149541 0.816515
vt 0.146258 0.818413
vt 0.148619 0.789965
vt 0.157084 0.790889
vt 0.155704 0.791644
vt 0.216704 0.797401
vt 0.220181 0.797781
vt 0.220056 0.799279
vt 0.702863 0.229273
vt 0.698577 0.229385
vt 0.698577 0.179185
vt 0.703026 0.186315
vt 0.704043 0.198225
vt 0.699184 0.218067
vt 0.136951 0.788698
vt 0.142669 0.803662
vt 0.136951 0.809465
vt 0.255706 0.364808
vt 0.255706 0.365706
vt 0.255421 0.364920
vt 0.436116 0.816058
vt 0.442425 0.821574
vt 0.436116 0.828432
vt 0.437283 0.820637
vt 0.275246 0.813308
vt 0.265354 0.824582
vt 0.264708 0.814509
vt 0.270483 0.803924
vt 0.264187 0.806369
vt 0.263489 0.795484
vt 0.274967 0.789407
vt 0.326262 0.784820
vt 0.335338 0.824293
vt 0.337539 0.825607
vt 0.340764 0.875919
vt 0.334511 0.876478
vt 0.334521 0.876472
vt 0.335899 0.869047
vt 0.332038 0.876699
vt 0.269056 0.882331
vt 0.268061 0.866809
vt 0.273335 0.879095
vt 0.280406 0.880709
vt 0.297391 0.874954
vt 0.294367 0.868989
vt 0.580574 0.863062
vt 0.577551 0.863047
vt 0.577629 0.834530
vt 0.580013 0.853601
vt 0.580599 0.853644
vt 0.577727 0.798573
vt 0.577805 0.770003
vt 0.580828 0.770018
vt 0.580689 0.820974
vt 0.577879 0.798504
vt 0.786122 0.378205
vt 0.786139 0.389179
vt 0.785305 0.391378
vt 0.786152 0.397387
vt 0.786168 0.407544
vt 0.783119 0.392312
vt 0.783106 0.384210
vt 0.813246 0.119489
vt 0.814116 0.108135
vt 0.814140 0.123786
vt 0.811115 0.123786
vt 0.811108 0.119521
vt 0.910574 0.423136
vt 0.907553 0.423303
vt 0.907505 0.422464
vt 0.910063 0.422622
vt 0.910489 0.421643
vt 0.389686 0.667070
vt 0.389531 0.673340
vt 0.386508 0.673262
vt 0.386665 0.666868
vt 0.387044 0.651498
vt 0.388278 0.601353
vt 0.391301 0.601432
vt 0.389747 0.664589
vt 0.387536 0.660896
vt 0.388482 0.651601
vt 0.598895 0.240298
vt 0.601132 0.240234
vt 0.601132 0.240539
vt 0.598212 0.240494
vt 0.598212 0.237002
vt 0.849337 0.856476
vt 0.849694 0.847980
vt 0.852610 0.848148
vt 0.852258 0.856508
vt 0.530191 0.209717
vt 0.529811 0.203076
vt 0.529811 0.191559
vt 0.532732 0.189010
vt 0.532732 0.240428
vt 0.530444 0.229400
vt 0.531453 0.224067
vt 0.531243 0.220104
vt 0.220143 0.798333
vt 0.224891 0.815264
vt 0.188740 0.788742
vt 0.218838 0.793679
vt 0.219986 0.797773
vt 0.277985 0.793497
vt 0.258203 0.807040
vt 0.264850 0.786996
vt 0.294928 0.781898
vt 0.285922 0.788064
vt 0.263858 0.800977
vt 0.222010 0.844360
vt 0.224891 0.883739
vt 0.201304 0.888763
vt 0.177884 0.790432
vt 0.182152 0.881757
vt 0.143490 0.859309
vt 0.142669 0.805992
vt 0.147872 0.799448
vt 0.147282 0.883477
vt 0.155229 0.888690
vt 0.161109 0.788698
vt 0.170227 0.881463
vt 0.150834 0.829405
vt 0.153938 0.837174
vt 0.155493 0.810736
vt 0.157423 0.802279
vt 0.157407 0.802042
vt 0.157387 0.802053
vt 0.924575 0.359628
vt 0.919761 0.382137
vt 0.924459 0.373433
vt 0.923933 0.378092
vt 0.918992 0.384800
vt 0.924062 0.359061
vt 0.268779 0.877934
vt 0.256895 0.874903
vt 0.260631 0.836631
vt 0.280472 0.880915
vt 0.264373 0.809012
vt 0.305729 0.783623
vt 0.305554 0.786268
vt 0.340764 0.800505
vt 0.338948 0.847339
vt 0.332578 0.801781
vt 0.337909 0.804961
vt 0.337919 0.796854
vt 0.924746 0.404995
vt 0.923724 0.408641
vt 0.924197 0.404460
vt 0.922723 0.410993
vt 0.917047 0.417707
vt 0.334597 0.876712
vt 0.326477 0.881225
vt 0.328405 0.876671
vt 0.413599 0.220140
vt 0.413599 0.196982
vt 0.419924 0.201792
vt 0.419383 0.217530
vt 0.415749 0.240783
vt 0.417154 0.199898
vt 0.414176 0.199590
vt 0.915949 0.359149
vt 0.924746 0.339367
vt 0.924383 0.350321
vt 0.924366 0.350303
vt 0.924291 0.350527
vt 0.255391 0.392508
vt 0.255998 0.383633
vt 0.255998 0.392970
vt 0.319119 0.877611
vt 0.322517 0.782084
vt 0.319700 0.805872
vt 0.318130 0.799804
vt 0.312171 0.785616
vt 0.909869 0.423158
vt 0.908445 0.427077
vt 0.903674 0.427331
vt 0.911178 0.406669
vt 0.915949 0.406415
vt 0.907556 0.423279
vt 0.850834 0.887320
vt 0.854706 0.917993
vt 0.850087 0.917935
vt 0.846215 0.887261
vt 0.851707 0.852748
vt 0.854479 0.852784
vt 0.854706 0.854333
vt 0.849197 0.859966
vt 0.844579 0.859908
vt 0.849154 0.855229
vt 0.849481 0.876823
vt 0.844862 0.876764
vt 0.903674 0.378016
vt 0.905805 0.339621
vt 0.910577 0.339367
vt 0.908445 0.377761
vt 0.387081 0.644566
vt 0.384237 0.644369
vt 0.385397 0.632578
vt 0.387342 0.632713
vt 0.386528 0.666861
vt 0.383190 0.658058
vt 0.387963 0.658390
vt 0.391301 0.667192
vt 0.389685 0.667080
vt 0.386665 0.666870
vt 0.584539 0.846446
vt 0.579752 0.846422
vt 0.572401 0.793498
vt 0.577187 0.793522
vt 0.577725 0.797396
vt 0.583265 0.860466
vt 0.580393 0.860452
vt 0.256790 0.335793
vt 0.256867 0.342585
vt 0.255400 0.335733
vt 0.387615 0.612660
vt 0.383359 0.589906
vt 0.388132 0.590237
vt 0.390277 0.601706
vt 0.388142 0.601648
vt 0.387981 0.612685
vt 0.256895 0.318188
vt 0.577395 0.770147
vt 0.577532 0.770148
vt 0.577701 0.791121
vt 0.234785 0.424996
vt 0.233198 0.425327
vt 0.233198 0.417859
vt 0.124508 0.142047
vt 0.072044 0.127816
vt 0.129370 0.090477
vt 0.058145 0.119116
vt 0.000000 0.179706
vt 0.006398 0.092537
vt 0.159059 0.111452
vt 0.179270 0.125731
vt 0.157729 0.184070
vt 0.086901 0.185027
vt 0.653744 0.350355
vt 0.592660 0.404745
vt 0.583925 0.319928
vt 0.568350 0.785163
vt 0.572297 0.867510
vt 0.572401 0.869683
vt 0.505627 0.819226
vt 0.256895 0.100204
vt 0.257098 0.026142
vt 0.257405 0.026068
vt 0.331643 0.079197
vt 0.259145 0.180926
vt 0.340384 0.170167
vt 0.283849 0.240805
vt 0.662242 0.529609
vt 0.602001 0.593401
vt 0.591432 0.516895
vt 0.707609 0.995618
vt 0.676168 0.939175
vt 0.725185 0.939175
vt 0.713954 0.969948
vt 0.744382 0.190659
vt 0.755234 0.124123
vt 0.798606 0.146707
vt 0.769553 0.171633
vt 0.332288 0.128042
vt 0.997447 0.593401
vt 0.997447 0.660666
vt 0.952110 0.642318
vt 0.992429 0.291506
vt 0.946454 0.308466
vt 0.946454 0.240805
vt 0.664976 0.305761
vt 0.653527 0.301609
vt 0.665685 0.299463
vt 0.654234 0.265532
vt 0.666869 0.269421
vt 0.666768 0.285248
vt 0.674048 0.524479
vt 0.675102 0.531241
vt 0.674321 0.477592
vt 0.673624 0.485632
vt 0.660818 0.481484
vt 0.660761 0.437508
vt 0.674897 0.442032
vt 0.675102 0.458517
vt 0.674691 0.436058
vt 0.346001 0.123091
vt 0.345956 0.130636
vt 0.345388 0.083327
vt 0.346416 0.101712
vt 0.345032 0.075698
vt 0.491799 0.768195
vt 0.507262 0.771685
vt 0.491321 0.776504
vt 0.491321 0.814421
vt 0.491417 0.794984
vt 0.491744 0.822963
vt 0.491896 0.859535
vt 0.503636 0.864310
vt 0.491420 0.864815
vt 0.666869 0.388930
vt 0.654804 0.393151
vt 0.665442 0.352987
vt 0.666125 0.368495
vt 0.664969 0.346267
vt 0.672292 0.495623
vt 0.672581 0.515180
vt 0.597252 0.433175
vt 0.353070 0.164244
vt 0.346001 0.135704
vt 0.349212 0.153541
vt 0.338696 0.042288
vt 0.353070 0.046654
vt 0.346623 0.066247
vt 0.345007 0.074839
vt 0.257846 0.026000
vt 0.295764 0.033639
vt 0.289988 0.019319
vt 0.257099 0.025849
vt 0.492956 0.851142
vt 0.493390 0.835697
vt 0.538952 0.865233
vt 0.439798 0.196982
vt 0.461677 0.200468
vt 0.439798 0.237580
vt 0.663736 0.314000
vt 0.663893 0.335740
vt 0.591613 0.240805
vt 0.121848 0.274612
vt 0.042959 0.252549
vt 0.082012 0.199894
vt 0.170126 0.200552
vt 0.203857 0.256963
vt 0.247596 0.186498
vt 0.200716 0.120180
vt 0.256895 0.102640
vt 0.203465 0.037134
vt 0.203675 0.037393
vt 0.151038 0.084053
vt 0.173505 0.073007
vt 0.182511 0.050892
vt 0.183825 0.046064
vt 0.131507 0.069849
vt 0.140765 0.009506
vt 0.126925 0.003407
vt 0.188140 0.030382
vt 0.929412 0.136819
vt 0.929412 0.124123
vt 0.955449 0.131837
vt 0.959346 0.136071
vt 0.955591 0.135444
vt 0.936255 0.136501
vt 0.960597 0.141340
vt 0.959787 0.136549
vt 0.977861 0.156181
vt 0.957124 0.174246
vt 0.929412 0.194331
vt 0.929412 0.180275
vt 0.937850 0.179367
vt 0.956303 0.172761
vt 0.957054 0.172483
vt 0.957545 0.172440
vt 0.963391 0.166184
vt 0.498004 0.078862
vt 0.486762 0.074502
vt 0.479587 0.016019
vt 0.498062 0.000000
vt 0.508718 0.083017
vt 0.049980 0.035206
vt 0.049100 0.033174
vt 0.050478 0.060286
vt 0.047046 0.033959
vt 0.089521 0.098045
vt 0.067972 0.077448
vt 0.051871 0.062058
vt 0.052743 0.107241
vt 0.020210 0.072633
vt 0.044014 0.102076
vt 0.038854 0.045764
vt 0.554379 0.201665
vt 0.552734 0.201706
vt 0.554379 0.189010
vt 0.551268 0.213010
vt 0.552712 0.201870
vt 0.554379 0.202168
vt 0.554379 0.229937
vt 0.479587 0.204699
vt 0.479587 0.189010
vt 0.502023 0.191003
vt 0.529811 0.219326
vt 0.519690 0.223442
vt 0.519421 0.216961
vt 0.520205 0.213988
vt 0.520310 0.213591
vt 0.520775 0.211991
vt 0.505258 0.195431
vt 0.493843 0.197616
vt 0.487859 0.198699
vt 0.479587 0.239749
vt 0.479587 0.205322
vt 0.481903 0.207074
vt 0.484492 0.221190
vt 0.496653 0.232810
vt 0.761752 0.186791
vt 0.789444 0.195621
vt 0.767112 0.188500
vt 0.766750 0.187798
vt 0.766567 0.188327
vt 0.515261 0.130930
vt 0.525942 0.109420
vt 0.554748 0.100891
vt 0.542336 0.140825
vt 0.528013 0.135590
vt 0.527702 0.134703
vt 0.527828 0.135523
vt 0.978101 0.913313
vt 0.990870 0.941879
vt 0.955639 0.909235
vt 0.973077 0.728223
vt 0.952110 0.725223
vt 0.952110 0.660666
vt 0.959922 0.668185
vt 0.968041 0.676000
vt 0.973004 0.680777
vt 0.136131 0.804126
vt 0.135937 0.875107
vt 0.116061 0.881687
vt 0.116061 0.793636
vt 0.139244 0.001839
vt 0.162269 0.000000
vt 0.192667 0.007058
vt 0.826935 0.262714
vt 0.826592 0.263170
vt 0.826592 0.240805
vt 0.841211 0.241423
vt 0.869766 0.257923
vt 0.842703 0.339367
vt 0.826592 0.314741
vt 0.857528 0.262900
vt 0.850459 0.263152
vt 0.830406 0.264178
vt 0.648235 0.746927
vt 0.648235 0.847811
vt 0.623232 0.851037
vt 0.622214 0.850963
vt 0.591432 0.845091
vt 0.602567 0.813072
vt 0.611832 0.809836
vt 0.612339 0.809826
vt 0.613081 0.810131
vt 0.631334 0.817302
vt 0.638498 0.821704
vt 0.636104 0.805672
vt 0.635317 0.800718
vt 0.630179 0.778130
vt 0.618423 0.767480
vt 0.802834 0.192866
vt 0.802834 0.236761
vt 0.781050 0.231137
vt 0.761571 0.211472
vt 0.772867 0.189267
vt 0.778690 0.133212
vt 0.802834 0.130362
vt 0.472167 0.782211
vt 0.442439 0.794277
vt 0.474107 0.769905
vt 0.491321 0.768195
vt 0.085370 0.105117
vt 0.477950 0.809304
vt 0.455569 0.815140
vt 0.455217 0.816191
vt 0.455166 0.816542
vt 0.491321 0.871948
vt 0.475872 0.852768
vt 0.739081 0.225438
vt 0.719791 0.238810
vt 0.706329 0.228094
vt 0.706329 0.186800
vt 0.706553 0.187717
vt 0.707000 0.186090
vt 0.720206 0.190178
vt 0.727520 0.192409
vt 0.740681 0.194850
vt 0.706329 0.126566
vt 0.744382 0.124123
vt 0.492221 0.178662
vt 0.481026 0.177318
vt 0.479587 0.164903
vt 0.550423 0.184834
vt 0.534712 0.189010
vt 0.518441 0.167619
vt 0.540716 0.170136
vt 0.631640 0.968038
vt 0.642902 0.984393
vt 0.630897 0.987949
vt 0.645635 0.996524
vt 0.933650 0.931050
vt 0.933650 0.945978
vt 0.961171 0.978258
vt 0.935648 0.978001
vt 0.991284 0.942782
vt 0.988986 0.970781
vt 0.818912 0.557507
vt 0.809303 0.584494
vt 0.809303 0.543720
vt 0.315382 -0.000000
vt 0.494500 0.120034
vt 0.711127 0.404160
vt 0.713679 0.428122
vt 0.691040 0.428122
vt 0.691635 0.378205
vt 0.650932 0.938642
vt 0.663308 0.978310
vt 0.671986 0.971917
vt 0.634946 0.946162
vt 0.630897 0.930465
vt 0.871214 0.237888
vt 0.852171 0.237888
vt 0.862558 0.218696
vt 0.655824 0.993920
vt 0.824349 0.543720
vt 0.824349 0.563472
vt 0.818912 0.558881
vt 0.008408 0.048662
vt 0.000000 0.037451
vt 0.009870 0.033511
vt 0.658858 0.991424
vt 0.667907 0.984746
vt 0.078578 0.116686
vt 0.022561 0.023407
vt 0.029424 0.016142
vt 0.044098 0.039479
vt 0.042078 0.042025
vt 0.506043 0.096041
vt 0.503555 0.102971
vt 0.494762 0.137328
vt 0.510192 0.131792
vt 0.524453 0.135383
vt 0.526957 0.134141
vt 0.014956 0.039771
vt 0.512863 0.184950
vt 0.436181 0.805535
vt 0.441183 0.805692
vt 0.441127 0.814804
vt 0.436116 0.795910
vt 0.441118 0.796067
vt 0.713679 0.432514
vt 0.713679 0.424907
vt 0.718685 0.424800
vt 0.718685 0.431251
vt 0.714652 0.431262
vt 0.435959 0.794148
vt 0.438809 0.794163
vt 0.437025 0.795066
vt 0.435926 0.795910
vt 0.439456 0.793917
vt 0.436105 0.781685
vt 0.441112 0.781711
vt 0.440974 0.793457
vt 0.436176 0.768920
vt 0.441183 0.768945
vt 0.436170 0.756342
vt 0.441177 0.756368
vt 0.436085 0.744437
vt 0.441092 0.744462
vt 0.435926 0.733660
vt 0.440933 0.733686
vt 0.433872 0.556659
vt 0.438881 0.556659
vt 0.438749 0.566135
vt 0.433740 0.566135
vt 0.433975 0.545588
vt 0.438984 0.545588
vt 0.434045 0.533348
vt 0.439054 0.533348
vt 0.434079 0.520409
vt 0.439088 0.520409
vt 0.434076 0.507269
vt 0.439085 0.507269
vt 0.434036 0.494433
vt 0.439045 0.494433
vt 0.433961 0.482393
vt 0.438970 0.482393
vt 0.433853 0.471612
vt 0.438862 0.471612
vt 0.433717 0.462505
vt 0.438726 0.462505
vt 0.697243 0.189845
vt 0.692414 0.190105
vt 0.693748 0.179446
vt 0.698577 0.179185
vt 0.696566 0.201664
vt 0.691737 0.201925
vt 0.696572 0.214188
vt 0.691743 0.214449
vt 0.697260 0.226937
vt 0.692431 0.227198
vt 0.698577 0.239168
vt 0.694583 0.237128
vt 0.693492 0.237052
vt 0.374656 0.828689
vt 0.374318 0.828575
vt 0.374659 0.828637
vt 0.369899 0.827234
vt 0.369899 0.816957
vt 0.374659 0.817808
vt 0.369867 0.825916
vt 0.364867 0.826121
vt 0.364899 0.817163
vt 0.369899 0.816957
vt 0.369899 0.828791
vt 0.364895 0.828693
vt 0.459010 0.113125
vt 0.460067 0.117395
vt 0.457452 0.114980
vt 0.461218 0.121665
vt 0.453040 0.128227
vt 0.448615 0.122070
vt 0.438598 0.127272
vt 0.441660 0.134135
vt 0.427783 0.130384
vt 0.416654 0.138194
vt 0.416587 0.131288
vt 0.415931 0.138611
vt 0.403998 0.137177
vt 0.405441 0.129949
vt 0.394772 0.126419
vt 0.391879 0.133167
vt 0.384990 0.120832
vt 0.380768 0.126821
vt 0.376472 0.113404
vt 0.371093 0.118383
vt 0.369545 0.104420
vt 0.363224 0.108178
vt 0.364475 0.094225
vt 0.357465 0.096598
vt 0.361456 0.083212
vt 0.354036 0.084088
vt 0.360606 0.071802
vt 0.353070 0.071128
vt 0.361956 0.060436
vt 0.354603 0.058217
vt 0.365454 0.049549
vt 0.358577 0.045851
vt 0.370967 0.039561
vt 0.364839 0.034505
vt 0.378282 0.030854
vt 0.373148 0.024615
vt 0.387118 0.023763
vt 0.383185 0.016561
vt 0.397136 0.018562
vt 0.394564 0.010652
vt 0.407951 0.015449
vt 0.406849 0.007117
vt 0.419146 0.014545
vt 0.419566 0.006090
vt 0.430293 0.015884
vt 0.432227 0.007611
vt 0.440962 0.019415
vt 0.444346 0.011621
vt 0.450743 0.025002
vt 0.453116 0.016631
vt 0.452794 0.019348
vt 0.465132 0.026405
vt 0.459261 0.032430
vt 0.457890 0.025375
vt 0.459939 0.027520
vt 0.465089 0.026367
vt 0.466188 0.041414
vt 0.473001 0.036610
vt 0.471259 0.051609
vt 0.478760 0.048190
vt 0.479587 0.051208
vt 0.472305 0.055425
vt 0.469188 0.057200
vt 0.462211 0.069044
vt 0.458279 0.106002
vt 0.769179 0.493746
vt 0.769721 0.501404
vt 0.768733 0.509018
vt 0.766253 0.516296
vt 0.762376 0.522957
vt 0.757251 0.528745
vt 0.751075 0.533439
vt 0.744085 0.536857
vt 0.736551 0.538868
vt 0.728760 0.539396
vt 0.721014 0.538419
vt 0.713610 0.535976
vt 0.706831 0.532160
vt 0.700940 0.527118
vt 0.696161 0.521043
vt 0.692679 0.514169
vt 0.690627 0.506761
vt 0.690085 0.499103
vt 0.691073 0.491488
vt 0.693554 0.484211
vt 0.697431 0.477550
vt 0.702556 0.471761
vt 0.708732 0.467068
vt 0.715722 0.463650
vt 0.723256 0.461638
vt 0.731046 0.461111
vt 0.738793 0.462087
vt 0.746197 0.464531
vt 0.752976 0.468347
vt 0.758867 0.473389
vt 0.763646 0.479464
vt 0.767128 0.486337
vt 0.678539 0.529300
vt 0.680056 0.532444
vt 0.675751 0.535165
vt 0.687095 0.541824
vt 0.682437 0.546255
vt 0.675102 0.536479
vt 0.695777 0.549607
vt 0.692054 0.554875
vt 0.705771 0.555492
vt 0.705113 0.556958
vt 0.704775 0.556921
vt 0.698884 0.558897
vt 0.716691 0.559254
vt 0.715218 0.565560
vt 0.713394 0.564931
vt 0.713441 0.564776
vt 0.706493 0.557666
vt 0.705818 0.556999
vt 0.728119 0.560748
vt 0.727875 0.567214
vt 0.739614 0.559916
vt 0.740607 0.566294
vt 0.750735 0.556791
vt 0.752925 0.562833
vt 0.761055 0.551493
vt 0.764356 0.556964
vt 0.770178 0.544226
vt 0.774459 0.548915
vt 0.775999 0.537340
vt 0.777751 0.535267
vt 0.782848 0.538993
vt 0.772885 0.541024
vt 0.776647 0.540291
vt 0.783486 0.524963
vt 0.789200 0.527580
vt 0.787160 0.513709
vt 0.793270 0.515114
vt 0.788634 0.501936
vt 0.794902 0.502075
vt 0.787850 0.490099
vt 0.794033 0.488964
vt 0.784838 0.478651
vt 0.790697 0.476285
vt 0.779715 0.468033
vt 0.785023 0.464525
vt 0.772676 0.458653
vt 0.777227 0.454135
vt 0.763994 0.450870
vt 0.767610 0.445515
vt 0.754000 0.444985
vt 0.756541 0.438997
vt 0.743080 0.441223
vt 0.744446 0.434830
vt 0.731652 0.439730
vt 0.731789 0.433175
vt 0.720157 0.440561
vt 0.719057 0.434096
vt 0.706988 0.437487
vt 0.709036 0.443686
vt 0.706858 0.437874
vt 0.705558 0.441410
vt 0.698716 0.448984
vt 0.695856 0.444319
vt 0.697965 0.445294
vt 0.701823 0.442874
vt 0.694794 0.443835
vt 0.689593 0.456252
vt 0.685205 0.451475
vt 0.682019 0.465210
vt 0.676816 0.461397
vt 0.675102 0.464477
vt 0.679966 0.468900
vt 0.685180 0.498957
vt 0.683914 0.508059
vt 0.682432 0.518590
vt 0.682395 0.518855
vt 0.706057 0.553680
vt 0.706535 0.553590
vt 0.709738 0.545616
vt 0.703429 0.541990
vt 0.718879 0.548710
vt 0.718329 0.551362
vt 0.726878 0.549745
vt 0.756941 0.544050
vt 0.756005 0.542357
vt 0.752467 0.544086
vt 0.749958 0.545374
vt 0.763636 0.536392
vt 0.760510 0.538767
vt 0.768241 0.541906
vt 0.769971 0.529037
vt 0.767377 0.531967
vt 0.775047 0.533102
vt 0.772937 0.523717
vt 0.772803 0.523948
vt 0.758490 0.459599
vt 0.758418 0.459714
vt 0.758540 0.459819
vt 0.753482 0.456807
vt 0.750051 0.454876
vt 0.756158 0.449272
vt 0.751971 0.450067
vt 0.741651 0.452026
vt 0.696153 0.464101
vt 0.699279 0.461725
vt 0.702037 0.459528
vt 0.693655 0.461112
vt 0.689819 0.471455
vt 0.692412 0.468525
vt 0.685545 0.462643
vt 0.687031 0.469223
vt 0.688194 0.474373
vt 0.683269 0.479031
vt 0.680188 0.469114
vt 0.686373 0.490287
vt 0.686482 0.489486
vt 0.193335 0.661512
vt 0.197321 0.661527
vt 0.211088 0.667903
vt 0.251642 0.674411
vt 0.251642 0.788698
vt 0.142669 0.788299
vt 0.142669 0.725979
vt 0.146188 0.720580
vt 0.149268 0.699811
vt 0.145734 0.688895
vt 0.147473 0.670456
vt 0.180884 0.667796
vt 0.662611 0.045935
vt 0.658018 0.048231
vt 0.601938 0.048562
vt 0.597780 0.046526
vt 0.568349 0.010991
vt 0.594865 0.010835
vt 0.593879 0.011410
vt 0.585442 0.020559
vt 0.593482 0.019824
vt 0.685175 0.013238
vt 0.685302 0.018463
vt 0.252333 0.488716
vt 0.252333 0.657165
vt 0.237411 0.626254
vt 0.237427 0.626243
vt 0.237440 0.626212
vt 0.242323 0.587472
vt 0.243220 0.578246
vt 0.240383 0.547068
vt 0.232325 0.527214
vt 0.142669 0.656621
vt 0.142669 0.488140
vt 0.213229 0.523488
vt 0.181636 0.537049
vt 0.177120 0.538169
vt 0.167754 0.544227
vt 0.157252 0.576150
vt 0.161201 0.586556
vt 0.164177 0.597271
vt 0.191672 0.617174
vt 0.202875 0.616235
vt 0.237355 0.626273
vt 0.004215 0.662394
vt 0.000000 0.657390
vt 0.008067 0.646863
vt 0.011837 0.651236
vt 0.554748 0.174221
vt 0.554748 0.005480
vt 0.561564 0.013024
vt 0.561564 0.165094
vt 0.323750 0.882331
vt 0.356361 0.882331
vt 0.356339 0.956758
vt 0.318144 0.956758
vt 0.318144 0.955629
vt 0.319911 0.950382
vt 0.318725 0.949054
vt 0.318147 0.947507
vt 0.318161 0.900095
vt 0.322703 0.889827
vt 0.676889 0.144903
vt 0.662167 0.128993
vt 0.660727 0.125136
vt 0.660727 0.051409
vt 0.685534 0.037655
vt 0.692113 0.046772
vt 0.692191 0.126378
vt 0.677023 0.144175
vt 0.142669 0.596041
vt 0.123192 0.625142
vt 0.124569 0.644942
vt 0.094168 0.651236
vt 0.008245 0.498472
vt 0.012026 0.494100
vt 0.111261 0.494100
vt 0.117849 0.494749
vt 0.121266 0.506742
vt 0.135121 0.539763
vt 0.139549 0.557196
vt 0.694099 0.720696
vt 0.682340 0.703866
vt 0.676168 0.681890
vt 0.676168 0.632035
vt 0.682209 0.623891
vt 0.702707 0.599027
vt 0.719693 0.593401
vt 0.733293 0.599018
vt 0.762864 0.623867
vt 0.775515 0.642004
vt 0.774029 0.663619
vt 0.762734 0.703842
vt 0.755439 0.720677
vt 0.739047 0.728419
vt 0.711569 0.728428
vt 0.621270 0.178817
vt 0.558980 0.179185
vt 0.565815 0.170082
vt 0.635777 0.169668
vt 0.620165 0.172285
vt 0.616908 0.173873
vt 0.606173 0.176699
vt 0.620624 0.178078
vt 0.706329 0.058199
vt 0.706329 0.107585
vt 0.699045 0.115110
vt 0.699045 0.054278
vt 0.558980 0.000467
vt 0.637959 -0.000000
vt 0.634222 0.000800
vt 0.616263 0.007269
vt 0.356377 0.959111
vt 0.318182 0.959111
vt 0.260857 0.956285
vt 0.260857 0.886796
vt 0.260916 0.886726
vt 0.262969 0.886714
vt 0.262936 0.887176
vt 0.267900 0.889371
vt 0.310944 0.901158
vt 0.313910 0.904248
vt 0.313910 0.943565
vt 0.300211 0.952407
vt 0.288658 0.956120
vt 0.234302 0.425327
vt 0.234811 0.426257
vt 0.233198 0.425929
vt 0.568176 0.162210
vt 0.695662 0.123727
vt 0.693891 0.125015
vt 0.697210 0.052377
vt 0.646816 0.168106
vt 0.673900 0.161586
vt 0.673450 0.164338
vt 0.142813 0.482545
vt 0.252478 0.483103
vt 0.252478 0.661512
vt 0.142813 0.660955
vt 0.786217 0.847383
vt 0.677013 0.847383
vt 0.676168 0.815397
vt 0.688348 0.805988
vt 0.692989 0.797178
vt 0.693284 0.730885
vt 0.718674 0.734133
vt 0.732396 0.728428
vt 0.745836 0.734136
vt 0.774970 0.730487
vt 0.783433 0.768919
vt 0.784201 0.771099
vt 0.000204 0.487550
vt 0.037359 0.662394
vt 0.004431 0.482545
vt 0.118757 0.482545
vt 0.118387 0.487720
vt 0.086377 0.486601
vt 0.016555 0.485819
vt 0.691737 0.237834
vt 0.653731 0.236825
vt 0.653731 0.182640
vt 0.686318 0.183505
vt 0.687123 0.187129
vt 0.687670 0.214055
vt 0.691737 0.236419
vt 0.669160 0.930465
vt 0.630979 0.930288
vt 0.630933 0.928910
vt 0.669113 0.929087
vt 0.658776 0.127449
vt 0.629372 0.932381
vt 0.629372 0.990364
vt 0.591432 0.990230
vt 0.591432 0.932247
vt 0.598495 0.128880
vt 0.599478 0.051477
vt 0.599478 0.126217
vt 0.630897 0.854299
vt 0.669077 0.854475
vt 0.600820 0.127791
vt 0.630979 0.851036
vt 0.669160 0.851213
vt 0.316192 0.961226
vt 0.315772 0.960020
vt 0.317737 0.958682
vt 0.318144 0.958914
vt 0.315650 0.960103
vt 0.516587 0.879450
vt 0.516497 0.879567
vt 0.515429 0.879021
vt 0.318144 0.957795
vt 0.316891 0.904252
vt 0.318144 0.902783
vt 0.318144 0.949750
vt 0.256895 0.885254
vt 0.259355 0.882340
vt 0.259806 0.883607
vt 0.259809 0.883647
vt 0.259822 0.883652
vt 0.260819 0.882331
vt 0.263603 0.885918
vt 0.263551 0.885893
vt 0.256895 0.959995
vt 0.259109 0.958620
vt 0.258237 0.961569
vt 0.259798 0.956291
vt 0.233198 0.430655
vt 0.286733 0.958648
vt 0.284919 0.961030
vt 0.213983 0.274612
vt 0.260857 0.957533
vt 0.654057 0.179185
vt 0.686507 0.180047
vt 0.316754 0.713115
vt 0.286970 0.762129
vt 0.268454 0.698060
vt 0.292191 0.781898
vt 0.275766 0.774247
vt 0.130480 0.710900
vt 0.127108 0.726309
vt 0.125788 0.712274
vt 0.315869 0.658462
vt 0.349079 0.698060
vt 0.331217 0.762129
vt 0.140141 0.782170
vt 0.124134 0.766366
vt 0.129149 0.767294
vt 0.904341 0.529664
vt 0.904341 0.588413
vt 0.892153 0.557397
vt 0.419924 0.207050
vt 0.436633 0.196982
vt 0.436633 0.239975
vt 0.426653 0.231443
vt 0.382554 0.644568
vt 0.374364 0.690439
vt 0.361932 0.670119
vt 0.361808 0.650991
vt 0.361421 0.645747
vt 0.814567 0.183303
vt 0.835382 0.217848
vt 0.802834 0.232636
vt 0.803417 0.229866
vt 0.802915 0.212899
vt 0.802834 0.212156
vt 0.365533 0.240805
vt 0.362130 0.279331
vt 0.272589 0.267884
vt 0.277123 0.250656
vt 0.374886 0.339397
vt 0.378953 0.410083
vt 0.320793 0.414559
vt 0.329155 0.382153
vt 0.813429 0.241122
vt 0.826592 0.240894
vt 0.826592 0.359368
vt 0.815998 0.336771
vt 0.799854 0.283678
vt 0.800215 0.280790
vt 0.801224 0.280849
vt 0.806796 0.279972
vt 0.810554 0.278545
vt 0.811857 0.269724
vt 0.591432 0.620574
vt 0.507102 0.621122
vt 0.512614 0.592786
vt 0.561658 0.598070
vt 0.564994 0.600722
vt 0.565597 0.601201
vt 0.380120 0.525231
vt 0.422679 0.522496
vt 0.425068 0.574244
vt 0.395651 0.576424
vt 0.442439 0.320303
vt 0.413682 0.307898
vt 0.418083 0.258209
vt 0.549960 0.286461
vt 0.579971 0.247345
vt 0.583925 0.303648
vt 0.457329 0.244968
vt 0.519526 0.240805
vt 0.491108 0.288267
vt 0.444456 0.307929
vt 0.474890 0.353586
vt 0.442439 0.367568
vt 0.459634 0.412346
vt 0.523719 0.392149
vt 0.525513 0.433175
vt 0.521824 0.334128
vt 0.570115 0.350663
vt 0.424145 0.366970
vt 0.583925 0.413241
vt 0.275111 0.499756
vt 0.273325 0.501701
vt 0.265206 0.505803
vt 0.256895 0.462505
vt 0.316988 0.479642
vt 0.306889 0.484744
vt 0.304433 0.484307
vt 0.297399 0.484038
vt 0.295006 0.484251
vt 0.289437 0.486958
vt 0.282269 0.492492
vt 0.281118 0.493403
vt 0.459670 0.458480
vt 0.503671 0.433176
vt 0.505593 0.480134
vt 0.460475 0.506226
vt 0.444809 0.562928
vt 0.481919 0.540742
vt 0.470726 0.615028
vt 0.442439 0.623226
vt 0.500523 0.623226
vt 0.563367 0.623226
vt 0.553828 0.649459
vt 0.548588 0.663869
vt 0.542983 0.653019
vt 0.536142 0.643969
vt 0.535888 0.643621
vt 0.533422 0.641594
vt 0.528199 0.640708
vt 0.524953 0.640605
vt 0.517979 0.641376
vt 0.464285 0.677221
vt 0.442439 0.633721
vt 0.484206 0.647539
vt 0.420290 0.423805
vt 0.378258 0.481403
vt 0.380120 0.534189
vt 0.822979 0.152524
vt 0.846202 0.154086
vt 0.836878 0.182799
vt 0.805748 0.124123
vt 0.587359 0.642048
vt 0.557363 0.667138
vt 0.557226 0.653674
vt 0.396911 0.589906
vt 0.400230 0.628878
vt 0.391301 0.590179
vt 0.403771 0.670457
vt 0.398525 0.676200
vt 0.398881 0.675118
vt 0.397938 0.653566
vt 0.400739 0.634860
vt 0.762359 0.378205
vt 0.777609 0.378205
vt 0.783106 0.378205
vt 0.779035 0.407408
vt 0.769436 0.422340
vt 0.765596 0.407648
vt 0.766852 0.402698
vt 0.767311 0.395433
vt 0.766411 0.388242
vt 0.765510 0.385574
vt 0.764187 0.381413
vt 0.762774 0.378963
vt 0.381834 0.452565
vt 0.776990 0.593401
vt 0.797525 0.593434
vt 0.797525 0.718511
vt 0.789508 0.713201
vt 0.775515 0.662246
vt 0.781814 0.670467
vt 0.795655 0.678090
vt 0.782675 0.623065
vt 0.413599 0.216832
vt 0.392731 0.240174
vt 0.392731 0.200150
vt 0.413518 0.196982
vt 0.915467 0.687258
vt 0.948796 0.670483
vt 0.948796 0.727011
vt 0.934785 0.719877
vt 0.981896 0.886845
vt 0.956519 0.871661
vt 0.972742 0.837441
vt 0.981858 0.874435
vt 0.272949 0.502876
vt 0.271780 0.507427
vt 0.310164 0.516908
vt 0.311115 0.488767
vt 0.310981 0.486763
vt 0.671889 0.349985
vt 0.702913 0.309133
vt 0.730242 0.378205
vt 0.707596 0.330020
vt 0.666870 0.372776
vt 0.126300 0.695924
vt 0.125825 0.662394
vt 0.140141 0.663700
vt 0.138034 0.673990
vt 0.136312 0.677547
vt 0.134360 0.684582
vt 0.133761 0.691829
vt 0.133979 0.693803
vt 0.379432 0.820178
vt 0.394896 0.812285
vt 0.394896 0.828847
vt 0.609812 0.404745
vt 0.624823 0.407975
vt 0.609812 0.432430
vt 0.610532 0.409038
vt 0.610220 0.406887
vt 0.377456 0.750192
vt 0.361201 0.754388
vt 0.360070 0.745142
vt 0.354811 0.735868
vt 0.348752 0.757602
vt 0.858554 0.529663
vt 0.892153 0.539211
vt 0.858554 0.588144
vt 0.348479 0.678516
vt 0.354560 0.686568
vt 0.359760 0.684417
vt 0.360340 0.682867
vt 0.361692 0.678208
vt 0.327864 0.653935
vt 0.845549 0.931758
vt 0.859974 0.943349
vt 0.845718 0.949287
vt 0.632901 0.416787
vt 0.624823 0.421916
vt 0.624823 0.404745
vt 0.845549 0.962139
vt 0.629436 0.431456
vt 0.267855 0.678516
vt 0.297289 0.653935
vt 0.475734 0.218187
vt 0.476046 0.237901
vt 0.461677 0.216048
vt 0.907396 0.484278
vt 0.929855 0.491029
vt 0.922212 0.515702
vt 0.337083 0.774247
vt 0.319658 0.781898
vt 0.125681 0.708263
vt 0.476046 0.196982
vt 0.929855 0.433176
vt 0.916401 0.446589
vt 0.268389 0.757602
vt 0.256895 0.717830
vt 0.981823 0.821641
vt 0.981896 0.839599
vt 0.186370 0.481222
vt 0.192061 0.458193
vt 0.195673 0.459068
vt 0.196622 0.463570
vt 0.515288 0.641591
vt 0.513881 0.642063
vt 0.510377 0.643858
vt 0.507829 0.653817
vt 0.506288 0.664838
vt 0.505308 0.668653
vt 0.503859 0.674783
vt 0.502737 0.684035
vt 0.489032 0.675231
vt 0.502599 0.684327
vt 0.500725 0.688699
vt 0.509706 0.764951
vt 0.508290 0.762446
vt 0.548658 0.664416
vt 0.548769 0.665282
vt 0.555067 0.667853
vt 0.549327 0.669643
vt 0.819810 0.108910
vt 0.817060 0.121660
vt 0.817060 0.108135
vt 0.811108 0.004612
vt 0.824383 -0.000000
vt 0.824383 0.104362
vt 0.820710 0.108135
vt 0.212484 0.411475
vt 0.201684 0.412757
vt 0.202423 0.412611
vt 0.202475 0.412618
vt 0.204430 0.412892
vt 0.207700 0.412650
vt 0.186370 0.409821
vt 0.187006 0.410737
vt 0.187492 0.410848
vt 0.187969 0.410913
vt 0.192921 0.411578
vt 0.197365 0.412176
vt 0.810996 0.044233
vt 0.811108 0.092099
vt 0.793595 0.118724
vt 0.793595 -0.000000
vt 0.804103 0.015864
vt 0.803225 0.029517
vt 0.803113 0.036994
vt 0.807706 0.041366
vt 0.256400 0.810428
vt 0.256400 0.828603
vt 0.248694 0.822247
vt 0.249245 0.817943
vt 0.394896 0.734474
vt 0.433717 0.717188
vt 0.433717 0.813577
vt 0.432087 0.830411
vt 0.512663 0.716789
vt 0.512857 0.716884
vt 0.517258 0.761528
vt 0.504451 0.711774
vt 0.841822 -0.000000
vt 0.841822 0.103682
vt 0.824383 0.087805
vt 0.824449 0.042550
vt 0.827488 0.039748
vt 0.830491 0.036934
vt 0.831320 0.015919
vt 0.702154 0.229385
vt 0.705970 0.234233
vt 0.702154 0.238112
vt 0.817123 0.541135
vt 0.812627 0.537460
vt 0.812627 0.433175
vt 0.827707 0.437100
vt 0.829190 0.458326
vt 0.571415 0.766861
vt 0.562837 0.768195
vt 0.549386 0.689680
vt 0.549819 0.684697
vt 0.411401 0.670228
vt 0.394978 0.716157
vt 0.391301 0.686341
vt 0.186370 0.285172
vt 0.213983 0.274612
vt 0.213983 0.409821
vt 0.193027 0.365404
vt 0.409043 0.590467
vt 0.400758 0.631064
vt 0.234389 0.379232
vt 0.213983 0.409681
vt 0.213983 0.274612
vt 0.234812 0.279262
vt 0.234450 0.371169
vt 0.246098 0.395974
vt 0.248978 0.402087
vt 0.234812 0.402681
vt 0.234812 0.278387
vt 0.253558 0.274612
vt 0.255371 0.343139
vt 0.257793 0.462505
vt 0.256895 0.448758
vt 0.075694 0.888386
vt 0.103369 0.926915
vt 0.086097 0.920406
vt 0.134126 0.889559
vt 0.131133 0.929255
vt 0.134126 0.960284
vt 0.674613 0.422306
vt 0.687886 0.416009
vt 0.676435 0.430593
vt 0.666869 0.391505
vt 0.687907 0.378205
vt 0.338687 0.327701
vt 0.329157 0.325199
vt 0.252573 0.455078
vt 0.247259 0.480627
vt 0.240690 0.462044
vt 0.234812 0.410201
vt 0.252573 0.402681
vt 0.296051 0.569505
vt 0.301411 0.583862
vt 0.256895 0.612185
vt 0.425777 0.589906
vt 0.422941 0.717188
vt 0.411401 0.701233
vt 0.411401 0.649518
vt 0.432250 0.651789
vt 0.433717 0.666198
vt 0.838733 0.642943
vt 0.831017 0.687446
vt 0.803177 0.702418
vt 0.797525 0.656327
vt 0.798211 0.646518
vt 0.798799 0.643684
vt 0.514469 0.910294
vt 0.516851 0.908498
vt 0.518340 0.909440
vt 0.519379 0.906593
vt 0.523535 0.895201
vt 0.532926 0.881889
vt 0.527039 0.877573
vt 0.525452 0.877513
vt 0.524032 0.877468
vt 0.526301 0.869683
vt 0.555889 0.877276
vt 0.517707 0.948978
vt 0.505194 0.942132
vt 0.852171 0.217877
vt 0.519144 0.484795
vt 0.509805 0.548365
vt 0.828359 0.563472
vt 0.828359 0.582209
vt 0.818912 0.568715
vt 0.819100 0.568289
vt 0.818984 0.567186
vt 0.576049 0.587371
vt 0.554748 0.240704
vt 0.554748 0.181045
vt 0.570975 0.179185
vt 0.570545 0.221908
vt 0.570595 0.226815
vt 0.827585 0.763790
vt 0.862602 0.764743
vt 0.850187 0.847980
vt 0.826708 0.815607
vt 0.826750 0.815612
vt 0.828078 0.814649
vt 0.827695 0.791657
vt 0.817582 0.747897
vt 0.863213 0.749137
vt 0.827511 0.760071
vt 0.824280 0.757365
vt 0.816892 0.757358
vt 0.790914 0.766186
vt 0.788348 0.750695
vt 0.807021 0.757302
vt 0.805499 0.758503
vt 0.805398 0.761358
vt 0.808532 0.764323
vt 0.491450 0.619421
vt 0.496900 0.591844
vt 0.834399 0.618172
vt 0.799018 0.629130
vt 0.798581 0.618837
vt 0.415922 0.623638
vt 0.430907 0.625069
vt 0.431223 0.645809
vt 0.431525 0.651169
vt 0.411969 0.632318
vt 0.413915 0.631278
vt 0.414754 0.629742
vt 0.414862 0.629535
vt 0.415641 0.627296
vt 0.431728 0.503082
vt 0.432347 0.504116
vt 0.380120 0.498571
vt 0.433715 0.494734
vt 0.433427 0.495687
vt 0.380120 0.471911
vt 0.422036 0.462505
vt 0.429254 0.477499
vt 0.432705 0.489727
vt 0.433717 0.493010
vt 0.413990 0.605566
vt 0.415513 0.589906
vt 0.430960 0.595683
vt 0.431159 0.614108
vt 0.415160 0.614903
vt 0.830064 0.593401
vt 0.797525 0.594005
vt 0.504678 0.547269
vt 0.786217 0.728427
vt 0.815445 0.729957
vt 0.862155 0.728427
vt 0.266536 0.559067
vt 0.345116 0.564717
vt 0.340642 0.577197
vt 0.681737 0.287507
vt 0.710669 0.298920
vt 0.679003 0.300341
vt 0.749678 0.329050
vt 0.768805 0.281760
vt 0.778527 0.285518
vt 0.766416 0.294731
vt 0.766793 0.293442
vt 0.768560 0.283408
vt 0.718425 0.288707
vt 0.733937 0.268281
vt 0.750088 0.274524
vt 0.741686 0.285641
vt 0.736159 0.294492
vt 0.734538 0.297499
vt 0.666870 0.246453
vt 0.684472 0.274673
vt 0.270672 0.508811
vt 0.270508 0.520635
vt 0.311621 0.520464
vt 0.349589 0.552238
vt 0.310224 0.545324
vt 0.314169 0.532747
vt 0.734532 0.298393
vt 0.736739 0.310634
vt 0.737805 0.312372
vt 0.742312 0.314895
vt 0.748567 0.317115
vt 0.750350 0.317431
vt 0.272057 0.549015
vt 0.273877 0.550399
vt 0.280127 0.553946
vt 0.285750 0.556008
vt 0.291274 0.556929
vt 0.297173 0.556796
vt 0.304007 0.555467
vt 0.307768 0.554171
vt 0.308717 0.551208
vt 0.256895 0.261451
vt 0.322749 0.627117
vt 0.312864 0.644568
vt 0.648235 0.756352
vt 0.674675 0.746927
vt 0.674805 0.753117
vt 0.674805 0.842370
vt 0.674496 0.850782
vt 0.662147 0.837812
vt 0.796483 0.465135
vt 0.794902 0.433175
vt 0.808760 0.522364
vt 0.799016 0.543720
vt 0.798265 0.534879
vt 0.644870 0.404745
vt 0.644870 0.430906
vt 0.632901 0.415650
vt 0.491321 0.947832
vt 0.491321 0.874459
vt 0.518950 0.877219
vt 0.518027 0.877569
vt 0.591432 0.498390
vt 0.587626 0.524387
vt 0.520124 0.552565
vt 0.356341 0.785163
vt 0.356468 0.784485
vt 0.364867 0.781898
vt 0.364863 0.781955
vt 0.364867 0.786167
vt 0.359089 0.818712
vt 0.364863 0.786150
vt 0.962304 0.797484
vt 0.961120 0.731093
vt 0.968110 0.731161
vt 0.968974 0.797555
vt 0.975306 0.797535
vt 0.974753 0.731132
vt 0.980794 0.731008
vt 0.981055 0.797427
vt 0.983943 0.758511
vt 0.986001 0.758189
vt 0.986001 0.797234
vt 0.986001 0.730792
vt 0.986001 0.742727
vt 0.981404 0.753879
vt 0.981380 0.754432
vt 0.981342 0.755307
vt 0.981149 0.759712
vt 0.981869 0.774850
vt 0.982698 0.779834
vt 0.983328 0.758604
vt 0.794407 0.240815
vt 0.799901 0.279210
vt 0.794208 0.279215
vt 0.788412 0.240966
vt 0.792075 0.240878
vt 0.856082 0.116471
vt 0.846506 0.109533
vt 0.850859 0.105063
vt 0.852611 0.106355
vt 0.852744 0.106722
vt 0.801122 0.240805
vt 0.806221 0.278916
vt 0.852358 0.103382
vt 0.808286 0.240935
vt 0.232991 0.887103
vt 0.230253 0.896177
vt 0.229260 0.886177
vt 0.783106 0.421621
vt 0.784720 0.428805
vt 0.783106 0.429257
vt 0.239845 0.888541
vt 0.231081 0.916680
vt 0.230540 0.910680
vt 0.230127 0.906931
vt 0.783266 0.407543
vt 0.788253 0.427670
vt 0.230959 0.925812
vt 0.230858 0.925533
vt 0.246108 0.889580
vt 0.226048 0.952250
vt 0.224891 0.952064
vt 0.232269 0.929965
vt 0.251539 0.890180
vt 0.231052 0.952767
vt 0.946401 0.584762
vt 0.946401 0.518089
vt 0.952322 0.517973
vt 0.952073 0.584652
vt 0.958882 0.517841
vt 0.958352 0.584526
vt 0.965831 0.517698
vt 0.964997 0.584389
vt 0.972900 0.517549
vt 0.971752 0.584246
vt 0.979818 0.517399
vt 0.978358 0.584102
vt 0.986320 0.517255
vt 0.984561 0.583963
vt 0.992154 0.517123
vt 0.990123 0.583836
vt 0.788930 0.998634
vt 0.786217 0.932761
vt 0.791568 0.933316
vt 0.793805 0.999161
vt 0.797847 0.933752
vt 0.799534 0.999574
vt 0.804815 0.934052
vt 0.805898 0.999857
vt 0.812202 0.934205
vt 0.812651 1.000000
vt 0.819725 0.934205
vt 0.819534 0.999997
vt 0.827095 0.934051
vt 0.826283 0.999848
vt 0.834029 0.933751
vt 0.832638 0.999559
vt 0.840260 0.933315
vt 0.838354 0.999141
vt 0.845549 0.932761
vt 0.843213 0.998610
vt 0.937347 0.796408
vt 0.935045 0.729955
vt 0.940759 0.730350
vt 0.942828 0.796778
vt 0.947176 0.730679
vt 0.948975 0.797088
vt 0.954051 0.730930
vt 0.955551 0.797327
vt 0.000000 0.923176
vt 0.000295 0.920042
vt 0.002251 0.913171
vt 0.005412 0.906840
vt 0.009659 0.901290
vt 0.014828 0.896735
vt 0.020720 0.893351
vt 0.027109 0.891267
vt 0.033749 0.890563
vt 0.040385 0.891267
vt 0.046762 0.893351
vt 0.052636 0.896735
vt 0.057780 0.901290
vt 0.061996 0.906840
vt 0.065123 0.913172
vt 0.067040 0.920042
vt 0.067674 0.927187
vt 0.067001 0.934332
vt 0.065046 0.941202
vt 0.061884 0.947534
vt 0.057637 0.953084
vt 0.052468 0.957639
vt 0.046576 0.961023
vt 0.040188 0.963107
vt 0.033547 0.963811
vt 0.026911 0.963107
vt 0.020534 0.961023
vt 0.014660 0.957639
vt 0.009517 0.953084
vt 0.005300 0.947534
vt 0.002174 0.941202
vt 0.000256 0.934332
vt 0.000131 0.932921
vt 0.000618 0.930162
vt 0.955559 0.339367
vt 0.962317 0.339367
vt 0.961996 0.348408
vt 0.956754 0.348411
vt 0.968950 0.340709
vt 0.967125 0.349437
vt 0.975203 0.343341
vt 0.971931 0.351446
vt 0.980836 0.347163
vt 0.976225 0.354341
vt 0.985633 0.352027
vt 0.979847 0.357993
vt 0.983238 0.361871
vt 0.982672 0.362249
vt 0.989408 0.357747
vt 0.987692 0.358895
vt 0.987116 0.357887
vt 0.982300 0.357204
vt 0.983852 0.365110
vt 0.992018 0.364103
vt 0.990815 0.364564
vt 0.992886 0.368463
vt 0.992092 0.384476
vt 0.988025 0.383103
vt 0.992412 0.382807
vt 0.984825 0.387817
vt 0.984866 0.387996
vt 0.982730 0.386697
vt 0.984371 0.382655
vt 0.984872 0.383369
vt 0.990612 0.388148
vt 0.987738 0.387928
vt 0.985796 0.396551
vt 0.979906 0.390995
vt 0.986547 0.395401
vt 0.981035 0.401415
vt 0.976273 0.394685
vt 0.975430 0.405237
vt 0.971962 0.397608
vt 0.969196 0.407870
vt 0.967140 0.399635
vt 0.962573 0.409212
vt 0.962002 0.400673
vt 0.955815 0.409212
vt 0.956760 0.400676
vt 0.949182 0.407870
vt 0.951631 0.399648
vt 0.942929 0.405237
vt 0.946825 0.397638
vt 0.937296 0.401415
vt 0.942531 0.394743
vt 0.932500 0.396551
vt 0.938909 0.391091
vt 0.928724 0.390831
vt 0.936084 0.386835
vt 0.926115 0.384476
vt 0.934147 0.382138
vt 0.924772 0.377729
vt 0.933155 0.377172
vt 0.924746 0.370849
vt 0.933139 0.372108
vt 0.926040 0.364102
vt 0.934104 0.367120
vt 0.928603 0.357747
vt 0.936026 0.362387
vt 0.932337 0.352027
vt 0.938850 0.358089
vt 0.937097 0.347163
vt 0.942483 0.354399
vt 0.942702 0.343341
vt 0.946794 0.351476
vt 0.948936 0.340709
vt 0.951616 0.349449
vt 0.972999 0.077179
vt 0.975479 0.077114
vt 0.975479 0.108081
vt 0.972900 0.108111
vt 0.954253 0.728981
vt 0.960989 0.729136
vt 0.967649 0.729201
vt 0.973980 0.729173
vt 0.979737 0.729054
vt 0.842580 0.113132
vt 0.841822 0.110801
vt 0.845567 0.107366
vt 0.849719 0.103101
vt 0.854118 0.098168
vt 0.854442 0.098582
vt 0.856082 0.095795
vt 0.224891 0.882838
vt 0.226253 0.883226
vt 0.226168 0.883628
vt 0.233104 0.884927
vt 0.239642 0.886300
vt 0.245615 0.887291
vt 0.250795 0.887865
vt 0.020071 0.962693
vt 0.013907 0.959145
vt 0.026764 0.964878
vt 0.959385 0.515981
vt 0.966006 0.515844
vt 0.972742 0.515702
vt 0.047402 0.962693
vt 0.040697 0.964878
vt 0.053585 0.959145
vt 0.059010 0.954371
vt 0.063467 0.948553
vt 0.066785 0.941916
vt 0.798667 0.931757
vt 0.805313 0.932043
vt 0.812360 0.932189
vt 0.819537 0.932189
vt 0.826568 0.932043
vt 0.833182 0.931757
vt 0.059159 0.900077
vt 0.063584 0.905894
vt 0.053761 0.895302
vt 0.047597 0.891754
vt 0.941588 0.728428
vt 0.947702 0.728742
vt 0.961389 0.356432
vt 0.957560 0.356434
vt 0.965115 0.357179
vt 0.968573 0.358624
vt 0.971619 0.360678
vt 0.974147 0.363227
vt 0.976086 0.366149
vt 0.984198 0.367082
vt 0.977398 0.369330
vt 0.982652 0.372208
vt 0.978065 0.372668
vt 0.984208 0.367135
vt 0.982108 0.367853
vt 0.983212 0.376688
vt 0.978075 0.376072
vt 0.983835 0.381680
vt 0.977422 0.379450
vt 0.976102 0.382699
vt 0.983895 0.382161
vt 0.974132 0.385699
vt 0.971554 0.388316
vt 0.968453 0.390419
vt 0.964950 0.391892
vt 0.961196 0.392650
vt 0.957367 0.392652
vt 0.953641 0.391905
vt 0.950183 0.390460
vt 0.947137 0.388406
vt 0.944609 0.385857
vt 0.942670 0.382935
vt 0.941358 0.379754
vt 0.940691 0.376416
vt 0.940681 0.373012
vt 0.941334 0.369634
vt 0.942654 0.366385
vt 0.944624 0.363385
vt 0.947202 0.360768
vt 0.950303 0.358665
vt 0.953806 0.357192
vt 0.527863 0.949687
vt 0.531610 0.949756
vt 0.532361 0.974223
vt 0.528463 0.974577
vt 0.448484 0.950280
vt 0.451811 0.950401
vt 0.451828 0.974943
vt 0.448512 0.974499
vt 0.555889 0.947667
vt 0.558814 0.947906
vt 0.558812 0.978510
vt 0.555889 0.978357
vt 0.455216 0.950404
vt 0.455220 0.975363
vt 0.561997 0.948076
vt 0.561990 0.978473
vt 0.458607 0.950285
vt 0.458597 0.975746
vt 0.565338 0.948177
vt 0.565322 0.978251
vt 0.461883 0.950046
vt 0.461854 0.976080
vt 0.568743 0.948205
vt 0.568716 0.977854
vt 0.464920 0.949688
vt 0.464873 0.976352
vt 0.572123 0.948159
vt 0.572082 0.977291
vt 0.945967 0.077810
vt 0.948591 0.077755
vt 0.947497 0.105255
vt 0.944765 0.104623
vt 0.575373 0.948039
vt 0.575316 0.976573
vt 0.951729 0.077685
vt 0.950763 0.105883
vt 0.578373 0.947844
vt 0.578299 0.975719
vt 0.955258 0.077606
vt 0.954437 0.106478
vt 0.791405 0.567498
vt 0.793010 0.567214
vt 0.793003 0.588987
vt 0.791411 0.589156
vt 0.580990 0.947579
vt 0.580897 0.974757
vt 0.959023 0.077519
vt 0.958357 0.107011
vt 0.520312 0.949405
vt 0.524038 0.949568
vt 0.524479 0.974990
vt 0.520597 0.975442
vt 0.513827 0.948978
vt 0.516859 0.949205
vt 0.516994 0.975913
vt 0.513827 0.976381
vt 0.962850 0.077428
vt 0.962340 0.107458
vt 0.535110 0.949773
vt 0.538219 0.949740
vt 0.539227 0.973740
vt 0.535999 0.973940
vt 0.966562 0.077339
vt 0.966203 0.107797
vt 0.540826 0.949659
vt 0.541931 0.973626
vt 0.969991 0.077254
vt 0.969772 0.108017
vt 0.442439 0.949688
vt 0.445326 0.950041
vt 0.445361 0.974041
vt 0.442478 0.973584
vt 0.528457 0.977049
vt 0.524840 0.977426
vt 0.531985 0.976727
vt 0.535256 0.976473
vt 0.904136 0.719093
vt 0.905688 0.716121
vt 0.907891 0.716650
vt 0.906141 0.719988
vt 0.902125 0.721601
vt 0.903848 0.722838
vt 0.899767 0.723581
vt 0.901126 0.725116
vt 0.897160 0.725004
vt 0.898085 0.726771
vt 0.452050 0.977171
vt 0.449222 0.976791
vt 0.454945 0.977530
vt 0.457845 0.977860
vt 0.460674 0.978151
vt 0.882833 0.723360
vt 0.885625 0.724909
vt 0.884651 0.726698
vt 0.881474 0.724947
vt 0.880295 0.721203
vt 0.878620 0.722533
vt 0.878148 0.718497
vt 0.876227 0.719529
vt 0.876520 0.715344
vt 0.874422 0.716048
vt 0.875510 0.711887
vt 0.873305 0.712243
vt 0.875173 0.708297
vt 0.872933 0.708287
vt 0.875519 0.704751
vt 0.873317 0.704366
vt 0.876509 0.701420
vt 0.874422 0.700657
vt 0.878061 0.698447
vt 0.876173 0.697316
vt 0.880072 0.695939
vt 0.878466 0.694464
vt 0.882430 0.693959
vt 0.881187 0.692185
vt 0.885037 0.692536
vt 0.884227 0.690530
vt 0.887817 0.691680
vt 0.887486 0.689527
vt 0.890708 0.691398
vt 0.890874 0.689196
vt 0.893652 0.691707
vt 0.894300 0.689554
vt 0.896572 0.692631
vt 0.897662 0.690612
vt 0.899364 0.694180
vt 0.900838 0.692366
vt 0.901902 0.696337
vt 0.903693 0.694782
vt 0.904049 0.699044
vt 0.906087 0.697788
vt 0.905677 0.702196
vt 0.907891 0.701268
vt 0.521312 0.977838
vt 0.900303 0.709504
vt 0.900071 0.707022
vt 0.906687 0.705653
vt 0.907024 0.709243
vt 0.900068 0.711914
vt 0.906678 0.712789
vt 0.899416 0.714107
vt 0.898442 0.715972
vt 0.897257 0.717450
vt 0.895963 0.718537
vt 0.894621 0.719269
vt 0.893245 0.719694
vt 0.894381 0.725860
vt 0.891806 0.719834
vt 0.891490 0.726142
vt 0.890273 0.719673
vt 0.888546 0.725833
vt 0.888645 0.719158
vt 0.886975 0.718232
vt 0.885364 0.716862
vt 0.883939 0.715065
vt 0.882826 0.712911
vt 0.882127 0.710518
vt 0.881894 0.708036
vt 0.882129 0.705626
vt 0.882781 0.703433
vt 0.883755 0.701568
vt 0.884940 0.700090
vt 0.886234 0.699003
vt 0.887576 0.698271
vt 0.888952 0.697846
vt 0.890391 0.697706
vt 0.891924 0.697867
vt 0.893552 0.698382
vt 0.895222 0.699308
vt 0.896833 0.700678
vt 0.898259 0.702475
vt 0.899371 0.704629
vt 0.685727 0.567214
vt 0.688136 0.567230
vt 0.688317 0.590938
vt 0.685987 0.590719
vt 0.738025 0.567545
vt 0.740325 0.567653
vt 0.740294 0.591025
vt 0.738065 0.591124
vt 0.814942 0.712048
vt 0.815093 0.714331
vt 0.814808 0.716531
vt 0.814144 0.718510
vt 0.813198 0.720168
vt 0.812081 0.721456
vt 0.810894 0.722379
vt 0.809693 0.722981
vt 0.808481 0.723313
vt 0.807220 0.723402
vt 0.805868 0.723229
vt 0.804419 0.722740
vt 0.802919 0.721876
vt 0.801467 0.720602
vt 0.800188 0.718932
vt 0.799204 0.716933
vt 0.798612 0.714720
vt 0.798460 0.712437
vt 0.798745 0.710237
vt 0.799409 0.708258
vt 0.800356 0.706600
vt 0.801472 0.705312
vt 0.802659 0.704389
vt 0.803860 0.703787
vt 0.805072 0.703455
vt 0.806334 0.703366
vt 0.807685 0.703539
vt 0.809134 0.704028
vt 0.810634 0.704892
vt 0.812086 0.706166
vt 0.813365 0.707836
vt 0.814349 0.709835
vt 0.675102 0.567549
vt 0.676597 0.567443
vt 0.677139 0.590123
vt 0.675688 0.590081
vt 0.742811 0.567706
vt 0.742700 0.590859
vt 0.680756 0.567276
vt 0.683214 0.567230
vt 0.683554 0.590516
vt 0.681172 0.590343
vt 0.678508 0.567349
vt 0.678993 0.590210
vt 0.745326 0.567700
vt 0.745132 0.590635
vt 0.690295 0.567273
vt 0.692101 0.567338
vt 0.692150 0.591365
vt 0.690405 0.591158
vt 0.747709 0.567638
vt 0.747434 0.590369
vt 0.693503 0.567416
vt 0.693503 0.591549
vt 0.749820 0.567527
vt 0.749472 0.590082
vt 0.703877 0.567214
vt 0.705264 0.567296
vt 0.705280 0.591481
vt 0.703884 0.591332
vt 0.751561 0.567381
vt 0.751151 0.589793
vt 0.706667 0.567360
vt 0.706690 0.591581
vt 0.752888 0.567214
vt 0.752428 0.589522
vt 0.708080 0.567408
vt 0.708105 0.591640
vt 0.782655 0.567386
vt 0.784030 0.567604
vt 0.784041 0.589188
vt 0.782655 0.589045
vt 0.709531 0.567443
vt 0.709556 0.591660
vt 0.785427 0.567734
vt 0.785444 0.589276
vt 0.711051 0.567465
vt 0.711072 0.591639
vt 0.786836 0.567789
vt 0.786857 0.589316
vt 0.712636 0.567469
vt 0.712649 0.591570
vt 0.788287 0.567772
vt 0.788307 0.589313
vt 0.714229 0.567454
vt 0.714229 0.591446
vt 0.789811 0.567679
vt 0.789827 0.589262
vt 0.734463 0.567214
vt 0.736042 0.567394
vt 0.736141 0.591154
vt 0.734606 0.591123
vt 0.685956 0.591632
vt 0.683674 0.591441
vt 0.688134 0.591837
vt 0.690073 0.592041
vt 0.691679 0.592232
vt 0.813846 0.720498
vt 0.812620 0.721916
vt 0.811295 0.722947
vt 0.706944 0.592346
vt 0.705701 0.592258
vt 0.708180 0.592397
vt 0.709448 0.592414
vt 0.710790 0.592396
vt 0.805574 0.723917
vt 0.803962 0.723373
vt 0.802318 0.722425
vt 0.800746 0.721045
vt 0.799372 0.719250
vt 0.798320 0.717114
vt 0.797688 0.714754
vt 0.797525 0.712319
vt 0.797828 0.709966
vt 0.798541 0.707835
vt 0.799567 0.706033
vt 0.800793 0.704616
vt 0.802118 0.703584
vt 0.803480 0.702901
vt 0.804868 0.702520
vt 0.806310 0.702418
vt 0.807839 0.702614
vt 0.809451 0.703158
vt 0.811095 0.704107
vt 0.812668 0.705487
vt 0.814042 0.707282
vt 0.815093 0.709418
vt 0.681441 0.591279
vt 0.962931 0.502093
vt 0.963613 0.435269
vt 0.971236 0.435210
vt 0.970206 0.502040
vt 0.977105 0.501933
vt 0.978474 0.435093
vt 0.985048 0.434923
vt 0.983362 0.501778
vt 0.990706 0.434707
vt 0.988737 0.501580
vt 0.915752 0.068708
vt 0.913646 0.001741
vt 0.919813 0.001812
vt 0.921374 0.068774
vt 0.926704 0.001861
vt 0.927665 0.068820
vt 0.934055 0.001886
vt 0.934384 0.068843
vt 0.941584 0.001886
vt 0.941273 0.068843
vt 0.949000 0.001861
vt 0.948067 0.068819
vt 0.956020 0.001812
vt 0.954504 0.068772
vt 0.962373 0.001741
vt 0.960338 0.068705
vt 0.359130 0.993820
vt 0.356824 0.926849
vt 0.362392 0.926934
vt 0.364469 0.993899
vt 0.368898 0.927001
vt 0.370700 0.993961
vt 0.376090 0.927047
vt 0.377584 0.994004
vt 0.383694 0.927070
vt 0.384855 0.994025
vt 0.391416 0.927070
vt 0.392234 0.994025
vt 0.398960 0.927047
vt 0.399438 0.994003
vt 0.406035 0.927002
vt 0.406190 0.993960
vt 0.412371 0.926935
vt 0.412231 0.993899
vt 0.414939 0.993857
vt 0.417723 0.926850
vt 0.417528 0.959976
vt 0.412477 0.971720
vt 0.414091 0.984743
vt 0.414522 0.990785
vt 0.743651 0.242364
vt 0.748913 0.245910
vt 0.748206 0.247650
vt 0.734843 0.270234
vt 0.731921 0.271967
vt 0.749329 0.246150
vt 0.751753 0.275611
vt 0.758314 0.278776
vt 0.742607 0.314433
vt 0.763784 0.253644
vt 0.768493 0.255671
vt 0.767134 0.258755
vt 0.765125 0.281044
vt 0.748985 0.316741
vt 0.775447 0.258215
vt 0.771056 0.267927
vt 0.770522 0.266646
vt 0.761777 0.304276
vt 0.756326 0.311271
vt 0.755277 0.314588
vt 0.755880 0.317010
vt 0.755167 0.318551
vt 0.782173 0.260229
vt 0.773440 0.279089
vt 0.773713 0.277966
vt 0.773124 0.275638
vt 0.758057 0.312309
vt 0.758043 0.311396
vt 0.758533 0.309845
vt 0.760476 0.307086
vt 0.755941 0.317225
vt 0.756400 0.318818
vt 0.788412 0.261634
vt 0.760913 0.319795
vt 0.757705 0.319100
vt 0.767442 0.296621
vt 0.772434 0.284815
vt 0.772139 0.283283
vt 0.930601 0.501568
vt 0.929855 0.434707
vt 0.935109 0.434923
vt 0.935651 0.501768
vt 0.941366 0.435093
vt 0.941652 0.501926
vt 0.948385 0.435210
vt 0.948375 0.502035
vt 0.955897 0.435269
vt 0.955560 0.502092
vt 0.168497 0.962088
vt 0.161861 0.959309
vt 0.155890 0.955255
vt 0.150811 0.950082
vt 0.146820 0.943987
vt 0.144071 0.937207
vt 0.142669 0.930000
vt 0.142669 0.922645
vt 0.144069 0.915423
vt 0.146816 0.908612
vt 0.150806 0.902474
vt 0.155883 0.897246
vt 0.161854 0.893127
vt 0.168489 0.890276
vt 0.175532 0.888802
vt 0.182714 0.888763
vt 0.189758 0.890160
vt 0.196393 0.892939
vt 0.202365 0.896993
vt 0.207443 0.902166
vt 0.211434 0.908260
vt 0.214183 0.915041
vt 0.215585 0.922248
vt 0.215586 0.929603
vt 0.214185 0.936825
vt 0.211438 0.943636
vt 0.207449 0.949773
vt 0.202371 0.955002
vt 0.196400 0.959121
vt 0.189765 0.961972
vt 0.182722 0.963445
vt 0.175540 0.963484
vt 0.932778 0.939050
vt 0.933650 0.946276
vt 0.924796 0.947762
vt 0.924116 0.942158
vt 0.933169 0.953502
vt 0.924433 0.953349
vt 0.931353 0.960450
vt 0.923051 0.958688
vt 0.928272 0.966853
vt 0.920721 0.963567
vt 0.924044 0.972466
vt 0.917549 0.967804
vt 0.918832 0.977072
vt 0.913672 0.971248
vt 0.912836 0.980495
vt 0.909242 0.973787
vt 0.935439 0.077114
vt 0.930493 0.077097
vt 0.940510 0.077114
vt 0.945532 0.077095
vt 0.950327 0.077060
vt 0.885881 0.980495
vt 0.879699 0.977072
vt 0.884671 0.971151
vt 0.889319 0.973743
vt 0.874238 0.972466
vt 0.880525 0.967634
vt 0.869706 0.966853
vt 0.877056 0.963316
vt 0.866278 0.960450
vt 0.874414 0.958362
vt 0.864086 0.953501
vt 0.872716 0.952971
vt 0.863213 0.946275
vt 0.872036 0.947366
vt 0.863695 0.939049
vt 0.872399 0.941780
vt 0.865511 0.932101
vt 0.873781 0.936441
vt 0.868592 0.925697
vt 0.876111 0.931561
vt 0.870838 0.922715
vt 0.874252 0.921689
vt 0.879283 0.927325
vt 0.880614 0.919709
vt 0.883160 0.923880
vt 0.886264 0.917885
vt 0.887590 0.921341
vt 0.891716 0.916059
vt 0.892410 0.919787
vt 0.897429 0.909236
vt 0.897432 0.910185
vt 0.892232 0.909775
vt 0.897441 0.914074
vt 0.897455 0.919266
vt 0.904319 0.909947
vt 0.904164 0.910810
vt 0.904000 0.911725
vt 0.902549 0.919801
vt 0.910983 0.912055
vt 0.907513 0.921386
vt 0.905964 0.911002
vt 0.913289 0.914767
vt 0.913714 0.913567
vt 0.917165 0.915478
vt 0.912161 0.923977
vt 0.912310 0.912790
vt 0.922626 0.920085
vt 0.916307 0.927494
vt 0.927158 0.925698
vt 0.919776 0.931813
vt 0.930586 0.932101
vt 0.922418 0.936767
vt 0.944724 0.107208
vt 0.944765 0.109894
vt 0.913650 0.110789
vt 0.913646 0.107994
vt 0.956163 0.433344
vt 0.963516 0.433344
vt 0.970780 0.433287
vt 0.977677 0.433175
vt 0.149475 0.951301
vt 0.145292 0.944906
vt 0.154798 0.956730
vt 0.161058 0.960984
vt 0.168013 0.963899
vt 0.175397 0.965364
vt 0.934269 0.000000
vt 0.941451 0.000000
vt 0.190309 0.963775
vt 0.182925 0.965322
vt 0.197264 0.960782
vt 0.203524 0.956459
vt 0.208847 0.950971
vt 0.213029 0.944529
vt 0.215910 0.937382
vt 0.376566 0.925165
vt 0.383811 0.925187
vt 0.391169 0.925187
vt 0.398358 0.925165
vt 0.213029 0.907405
vt 0.215910 0.914520
vt 0.208847 0.901010
vt 0.203524 0.895581
vt 0.745559 0.240805
vt 0.750579 0.244186
vt 0.756354 0.247513
vt 0.756025 0.247960
vt 0.753812 0.246749
vt 0.762661 0.250657
vt 0.761916 0.252055
vt 0.769258 0.253498
vt 0.775892 0.255926
vt 0.782307 0.257847
vt 0.788258 0.259189
vt 0.149475 0.901340
vt 0.154798 0.895852
vt 0.145292 0.907781
vt 0.942318 0.433175
vt 0.949006 0.433287
vt 0.916722 0.947912
vt 0.916225 0.943817
vt 0.916458 0.951971
vt 0.915464 0.955812
vt 0.913811 0.959273
vt 0.911598 0.962230
vt 0.908936 0.964594
vt 0.905936 0.966314
vt 0.902696 0.967359
vt 0.904422 0.975342
vt 0.899305 0.967709
vt 0.899377 0.975862
vt 0.895855 0.967346
vt 0.894283 0.975327
vt 0.892447 0.966259
vt 0.889203 0.964450
vt 0.886262 0.961955
vt 0.883766 0.958848
vt 0.881847 0.955249
vt 0.880607 0.951311
vt 0.880110 0.947217
vt 0.880374 0.943158
vt 0.881368 0.939317
vt 0.883021 0.935855
vt 0.885234 0.932899
vt 0.887896 0.930534
vt 0.890896 0.928815
vt 0.894136 0.927770
vt 0.897527 0.927420
vt 0.900977 0.927782
vt 0.904385 0.928870
vt 0.907629 0.930678
vt 0.910570 0.933173
vt 0.913066 0.936280
vt 0.914985 0.939880
vt 0.929691 0.209160
vt 0.929660 0.205072
vt 0.954242 0.204758
vt 0.954704 0.209019
vt 0.497342 0.949047
vt 0.500666 0.949065
vt 0.500702 0.973798
vt 0.497388 0.973456
vt 0.946454 0.308466
vt 0.949358 0.309047
vt 0.949372 0.339153
vt 0.946471 0.338641
vt 0.504075 0.949071
vt 0.504098 0.974230
vt 0.952528 0.309440
vt 0.952536 0.339351
vt 0.507476 0.949065
vt 0.507485 0.974739
vt 0.955864 0.309640
vt 0.955863 0.339239
vt 0.510768 0.949047
vt 0.510761 0.975315
vt 0.959273 0.309644
vt 0.959260 0.338823
vt 0.513827 0.949017
vt 0.513803 0.975938
vt 0.962664 0.309449
vt 0.962637 0.338113
vt 0.944765 0.077652
vt 0.944724 0.080542
vt 0.917117 0.080142
vt 0.917852 0.077114
vt 0.965933 0.309055
vt 0.965891 0.337119
vt 0.944690 0.083989
vt 0.916380 0.083749
vt 0.968961 0.308466
vt 0.968902 0.335866
vt 0.944667 0.087858
vt 0.915676 0.087796
vt 0.823827 0.702898
vt 0.825473 0.702418
vt 0.825466 0.723254
vt 0.823835 0.723619
vt 0.929412 0.227242
vt 0.929518 0.224507
vt 0.957074 0.225074
vt 0.957662 0.227948
vt 0.944655 0.091978
vt 0.915037 0.092102
vt 0.929662 0.217408
vt 0.929692 0.213336
vt 0.955244 0.213379
vt 0.955837 0.217635
vt 0.929603 0.221187
vt 0.956456 0.221591
vt 0.944656 0.096159
vt 0.914494 0.096470
vt 0.929600 0.201258
vt 0.929516 0.197875
vt 0.953622 0.197270
vt 0.953877 0.200787
vt 0.944668 0.100207
vt 0.914072 0.100695
vt 0.929412 0.195043
vt 0.953480 0.194331
vt 0.944691 0.103941
vt 0.913787 0.104589
vt 0.491321 0.948978
vt 0.494193 0.949018
vt 0.494246 0.973213
vt 0.491379 0.973079
vt 0.957242 0.209091
vt 0.957734 0.213051
vt 0.956823 0.205235
vt 0.956494 0.201665
vt 0.956266 0.198533
vt 0.956143 0.195946
vt 0.495426 0.975897
vt 0.492941 0.975780
vt 0.498120 0.976107
vt 0.500946 0.976400
vt 0.503845 0.976770
vt 0.506755 0.977209
vt 0.509599 0.977710
vt 0.512273 0.978259
vt 0.847434 0.724070
vt 0.850181 0.726152
vt 0.848911 0.727677
vt 0.845823 0.725348
vt 0.845024 0.721377
vt 0.843137 0.722360
vt 0.843087 0.718173
vt 0.840992 0.718825
vt 0.841736 0.714601
vt 0.839500 0.714892
vt 0.841045 0.710835
vt 0.838738 0.710744
vt 0.841039 0.707063
vt 0.838733 0.706573
vt 0.841697 0.703469
vt 0.839469 0.702571
vt 0.842952 0.700210
vt 0.840885 0.698908
vt 0.844711 0.697406
vt 0.842891 0.695719
vt 0.846868 0.695133
vt 0.845382 0.693102
vt 0.849330 0.693428
vt 0.848253 0.691119
vt 0.852019 0.692309
vt 0.851406 0.689808
vt 0.854876 0.691788
vt 0.854754 0.689196
vt 0.857845 0.691887
vt 0.858209 0.689309
vt 0.860851 0.692637
vt 0.861669 0.690166
vt 0.863792 0.694057
vt 0.865013 0.691773
vt 0.866538 0.696139
vt 0.868101 0.694104
vt 0.868948 0.698832
vt 0.870788 0.697093
vt 0.870885 0.702036
vt 0.872933 0.700629
vt 0.958274 0.216918
vt 0.866246 0.710168
vt 0.865768 0.707565
vt 0.872236 0.705608
vt 0.872928 0.709374
vt 0.866249 0.712732
vt 0.872933 0.713145
vt 0.865816 0.715098
vt 0.872276 0.716740
vt 0.865029 0.717143
vt 0.871020 0.719999
vt 0.863992 0.718796
vt 0.869262 0.722803
vt 0.862808 0.720044
vt 0.867104 0.725076
vt 0.861542 0.720920
vt 0.864643 0.726780
vt 0.860210 0.721475
vt 0.861954 0.727900
vt 0.858788 0.721734
vt 0.859096 0.728421
vt 0.857241 0.721682
vt 0.856127 0.728321
vt 0.855566 0.721264
vt 0.853121 0.727572
vt 0.853807 0.720415
vt 0.852063 0.719093
vt 0.850463 0.717306
vt 0.849140 0.715117
vt 0.848205 0.712644
vt 0.847727 0.710041
vt 0.847723 0.707477
vt 0.848156 0.705111
vt 0.848944 0.703066
vt 0.849980 0.701413
vt 0.851165 0.700165
vt 0.852431 0.699288
vt 0.853763 0.698734
vt 0.855185 0.698475
vt 0.856731 0.698526
vt 0.858407 0.698944
vt 0.860165 0.699793
vt 0.861909 0.701115
vt 0.863509 0.702903
vt 0.864833 0.705092
vt 0.656555 0.404814
vt 0.659191 0.404757
vt 0.659391 0.428443
vt 0.656840 0.428293
vt 0.718177 0.567604
vt 0.720715 0.567739
vt 0.721211 0.591081
vt 0.718757 0.591153
vt 0.770295 0.578293
vt 0.770295 0.580745
vt 0.769865 0.583074
vt 0.769072 0.585138
vt 0.768017 0.586835
vt 0.766818 0.588124
vt 0.765572 0.589017
vt 0.764334 0.589565
vt 0.763102 0.589825
vt 0.761837 0.589820
vt 0.760500 0.589528
vt 0.759086 0.588892
vt 0.757647 0.587850
vt 0.756283 0.586373
vt 0.755116 0.584487
vt 0.754267 0.582273
vt 0.753822 0.579861
vt 0.753822 0.577409
vt 0.754252 0.575079
vt 0.755046 0.573016
vt 0.756101 0.571318
vt 0.757300 0.570029
vt 0.758546 0.569137
vt 0.759784 0.568588
vt 0.761016 0.568328
vt 0.762281 0.568333
vt 0.763618 0.568625
vt 0.765032 0.569262
vt 0.766471 0.570304
vt 0.767835 0.571780
vt 0.769001 0.573666
vt 0.769851 0.575880
vt 0.644870 0.405604
vt 0.646521 0.405414
vt 0.647118 0.428057
vt 0.645514 0.428097
vt 0.723450 0.567816
vt 0.723854 0.590938
vt 0.651100 0.405057
vt 0.653799 0.404916
vt 0.654172 0.428173
vt 0.651558 0.428092
vt 0.648628 0.405227
vt 0.649161 0.428053
vt 0.726211 0.567828
vt 0.726519 0.590731
vt 0.661551 0.404745
vt 0.663522 0.404773
vt 0.663575 0.428783
vt 0.661672 0.428610
vt 0.728821 0.567777
vt 0.729035 0.590476
vt 0.665047 0.404832
vt 0.665047 0.428949
vt 0.731127 0.567670
vt 0.731257 0.590192
vt 0.693503 0.567315
vt 0.694866 0.567244
vt 0.694883 0.591416
vt 0.693509 0.591414
vt 0.733024 0.567522
vt 0.733081 0.589901
vt 0.696257 0.567214
vt 0.696280 0.591427
vt 0.734463 0.567349
vt 0.734463 0.589622
vt 0.697664 0.567220
vt 0.697690 0.591445
vt 0.815093 0.702611
vt 0.816437 0.703008
vt 0.816450 0.723662
vt 0.815093 0.723345
vt 0.699117 0.567261
vt 0.699143 0.591471
vt 0.817815 0.703251
vt 0.817835 0.723859
vt 0.700648 0.567338
vt 0.700670 0.591506
vt 0.819217 0.703361
vt 0.819240 0.723953
vt 0.702253 0.567459
vt 0.702267 0.591551
vt 0.820670 0.703347
vt 0.820693 0.723951
vt 0.703877 0.567627
vt 0.703877 0.591606
vt 0.822208 0.703200
vt 0.822226 0.723845
vt 0.714229 0.567214
vt 0.715983 0.567424
vt 0.716632 0.591155
vt 0.714931 0.591094
vt 0.656798 0.429225
vt 0.654297 0.429112
vt 0.659182 0.429365
vt 0.661302 0.429521
vt 0.663053 0.429680
vt 0.664390 0.429831
vt 0.695323 0.592309
vt 0.694091 0.592307
vt 0.696554 0.592318
vt 0.697786 0.592335
vt 0.699057 0.592357
vt 0.700407 0.592388
vt 0.701842 0.592428
vt 0.703311 0.592478
vt 0.757002 0.588291
vt 0.755524 0.586691
vt 0.754272 0.584664
vt 0.753364 0.582298
vt 0.752889 0.579726
vt 0.752888 0.577110
vt 0.753347 0.574618
vt 0.754199 0.572397
vt 0.755343 0.570552
vt 0.756660 0.569134
vt 0.758051 0.568135
vt 0.759455 0.567512
vt 0.760865 0.567214
vt 0.762311 0.567220
vt 0.763823 0.567550
vt 0.765397 0.568259
vt 0.766974 0.569402
vt 0.768452 0.571002
vt 0.769704 0.573029
vt 0.651845 0.429036
vt 0.649603 0.429000
s 1
usemtl Material.002
f 1690/1/1 1048/2/1 96/3/2 1687/4/3 1688/5/1 1689/6/1
f 96/3/4 1048/2/4 1141/7/4 1142/8/4
f 1722/9/5 292/10/5 1043/11/5 1727/12/5
f 1118/13/5 1723/14/5 1725/15/5 1724/16/5 1726/17/5 1729/18/5 1728/19/5
f 438/20/6 1084/21/6 1143/22/6 1144/23/6
f 1131/24/7 476/25/7 1099/26/7
f 1135/27/8 562/28/8 1104/29/8
f 1211/30/9 1213/31/9 1183/32/9 1107/33/9 1122/34/9 96/35/9 1212/36/9
f 1732/37/10 1723/14/10 1118/13/10 1127/38/10 1731/39/10
f 1730/40/10 292/10/10 1722/9/10
f 1139/41/11 1132/42/11 1150/43/11 1153/44/11
f 1131/45/12 1136/46/12 476/47/12
f 1111/48/13 562/49/13 1135/50/13
f 749/51/14 1137/52/14 1815/53/14 1816/54/14
f 1818/55/15 856/56/15 1138/57/15 1817/58/15
f 1820/59/16 976/60/16 1139/61/16 1819/62/16
f 1821/63/17 1003/64/17 1140/65/17 1822/66/17
f 1023/67/18 1823/68/18 1824/69/18
f 1825/70/19 1003/64/19 1821/63/19
f 1822/66/20 1140/65/20 1826/71/20
f 1826/71/21 1140/65/21 976/60/21 1820/59/21
f 1819/62/22 1139/61/22 1827/72/22
f 1139/61/23 856/56/23 1818/55/23 1827/72/23
f 1138/57/24 1828/73/24 1817/58/24
f 1828/73/25 1138/57/25 749/51/25 1816/54/25
f 1815/53/26 1137/52/26 1829/74/26
f 1829/74/27 1137/52/27 1023/67/27 1824/69/27
f 1023/75/28 1111/48/28 1830/76/28 1823/77/28
f 1830/76/29 1111/48/29 1135/50/29 1831/78/29
f 1831/79/30 1135/27/30 1003/80/30 1825/81/30
f 1140/82/31 1003/80/31 1136/46/31
f 1140/82/32 1136/46/32 1131/45/32
f 976/83/33 1140/82/33 1131/45/33
f 1139/84/34 976/85/34 1132/86/34
f 1150/43/35 1132/42/35 438/87/35 1144/88/35 1151/89/35
f 1124/90/36 856/91/36 1139/92/36 1186/93/36
f 856/94/37 1127/38/37 1138/95/37
f 1138/95/38 1127/38/38 1118/13/38
f 1138/95/39 1118/13/39 749/96/39
f 749/96/40 1122/97/40 1137/98/40
f 1137/99/41 1122/34/41 1107/33/41
f 1137/99/42 1107/33/42 1023/100/42
f 1003/80/43 1135/27/43 1136/46/43
f 1136/46/44 1135/27/44 1104/29/44
f 1136/46/45 1104/29/45 476/47/45
f 976/85/46 1131/24/46 1132/86/46
f 1132/86/47 1131/24/47 1099/26/47
f 1132/86/48 1099/26/48 438/101/48
f 856/91/49 1124/90/49 1127/102/49
f 1127/102/50 1124/90/50 1084/103/50
f 1731/39/51 1127/38/51 1084/104/51 292/10/51 1730/40/51 1733/105/51 1735/106/51 1734/107/51 1736/108/51
f 749/96/52 1118/13/52 1122/97/52
f 1737/109/53 1727/12/53 1043/11/53 1122/97/53 1118/13/53 1728/19/53 1738/110/53 1741/111/53 1742/112/53 1739/113/53 1740/114/53
f 1122/97/54 1043/11/54 96/115/54
f 1161/116/55 1154/117/55 1159/118/55
f 1111/48/56 1048/119/56 562/49/56
f 1104/120/57 562/121/57 1694/122/57 1693/123/57 1692/124/57 1691/125/57
f 1104/120/58 1691/125/58 1695/126/58
f 476/127/59 1104/120/59 1695/126/59 1696/128/59 1697/129/59 1698/130/59
f 1099/131/60 476/127/60 1698/130/60 1701/132/60 1700/133/60 1699/134/60
f 1099/131/61 1699/134/61 1702/135/61
f 1703/136/62 1705/137/62 438/20/62 1099/131/62 1702/135/62 1704/138/62
f 1708/139/63 1707/140/63 1084/21/63 438/20/63 1705/137/63 1706/141/63
f 1707/140/64 1709/142/64 1084/21/64
f 1711/143/65 1712/144/66 292/145/67 1084/21/65 1709/142/65 1710/146/65
f 1694/122/68 562/121/68 1048/2/68 1715/147/68 1714/148/68 1713/149/68
f 1715/147/69 1048/2/69 1690/1/69
f 1716/150/70 1043/151/70 292/145/67 1712/144/66 1718/152/70 1717/153/70
f 1716/150/71 1719/154/71 1043/151/71
f 1687/4/3 96/3/2 1043/151/72 1719/154/72 1720/155/72 1721/156/72
f 1023/157/73 1107/158/73 1155/159/73 1162/160/73
f 1154/117/74 1157/161/74 1141/162/74 1160/163/74 1159/118/74
f 1111/164/75 1023/165/75 1162/166/75 1158/167/75
f 1142/168/76 1141/162/76 1157/161/76 1156/169/76
f 1160/170/77 1141/171/77 1048/172/77 1111/164/77 1158/167/77
f 1147/173/78 1146/174/78 1149/175/78 1151/176/78 1144/177/78
f 1149/175/79 1146/174/79 1187/178/79 1152/179/79
f 1145/180/80 1148/181/80 1166/182/80 1167/183/80
f 1144/177/81 1143/184/81 1148/185/81 1147/173/81
f 1145/186/82 1146/187/82 1147/188/82 1148/189/82
f 1151/190/83 1149/191/83 1150/192/83
f 1149/175/84 1152/179/84 1153/193/84 1150/194/84
f 1187/195/85 1146/187/85 1145/186/85 1188/196/85
f 1186/197/86 1139/198/86 1153/199/86 1188/200/86
f 1154/201/87 1155/159/87 1156/202/87 1157/203/87
f 1158/204/88 1159/205/88 1160/206/88
f 1158/167/89 1162/166/89 1161/207/89 1159/208/89
f 1162/160/90 1155/159/90 1154/201/90 1161/209/90
f 1183/210/91 1213/211/91 1184/212/91
f 1169/213/92 1212/214/92 96/215/92
f 1166/216/93 1163/217/93 1173/218/93 1176/219/93
f 1084/220/94 1124/221/94 1165/222/94 1164/223/94
f 1124/221/95 1145/180/95 1167/183/95 1165/222/95
f 1148/181/96 1143/224/96 1163/225/96 1166/182/96
f 1143/224/97 1084/220/97 1164/223/97 1163/225/97
f 1212/226/98 1169/227/98 1179/228/98 1185/229/98 1211/230/98
f 1155/231/99 1107/232/99 1168/233/99 1171/234/99
f 1142/235/100 1156/236/100 1172/237/100 1170/238/100
f 1156/236/101 1155/231/101 1171/234/101 1172/237/101
f 96/215/102 1142/235/102 1170/238/102 1169/213/102
f 1175/239/103 1177/240/103 1210/241/103 1208/242/103
f 1167/243/104 1166/244/104 1176/245/104 1177/240/104
f 1163/246/105 1164/247/105 1174/248/105 1173/249/105
f 1165/250/106 1167/243/106 1177/240/106 1175/239/106
f 1164/251/107 1165/252/107 1175/253/107 1174/254/107
f 1180/255/108 1182/256/108 1204/257/108 1202/258/108
f 1171/259/109 1168/260/109 1178/261/109 1181/262/109
f 1169/227/110 1170/263/110 1180/264/110 1179/228/110
f 1170/265/111 1172/266/111 1182/256/111 1180/255/111
f 1172/267/112 1171/259/112 1181/262/112 1182/268/112
f 1185/269/113 1178/270/113 1168/271/113 1184/272/113 1213/273/113 1211/274/113
f 1107/232/114 1183/275/114 1184/276/114 1168/233/114
f 1124/221/115 1186/197/115 1188/200/115 1145/180/115
f 1152/277/116 1187/195/116 1188/196/116 1153/278/116
f 1191/279/117 1193/280/117 1192/281/117 1189/282/117 1749/283/117 1744/284/117 1743/285/117 1745/286/117 1747/287/117 1746/288/117 1750/289/117
f 1748/290/118 1189/282/118 1190/291/118
f 1189/292/119 1748/293/119 1749/294/119
f 1754/295/120 1207/296/120 1174/254/120 1175/253/120 1208/297/120 1755/298/120 1756/299/120 1751/300/120 1752/301/120 1753/302/120
f 1176/219/121 1173/218/121 1206/303/121 1209/304/121
f 1177/240/122 1176/245/122 1209/305/122 1210/241/122
f 1173/249/123 1174/248/123 1207/306/123 1206/307/123
f 1758/308/124 1757/309/124 1195/310/124 1196/311/124 1198/312/124 1197/313/124 1199/314/124 1194/315/124 1759/316/124
f 1182/268/125 1181/262/125 1203/317/125 1204/318/125
f 1765/319/126 1185/229/126 1179/228/126 1201/320/126 1760/321/126 1764/322/126 1766/323/126
f 1200/324/127 1762/325/127 1763/326/127 1761/327/127
f 1181/262/128 1178/261/128 1205/328/128 1203/317/128
f 1200/329/129 1205/330/129 1178/270/129 1185/269/129 1765/331/129 1767/332/129 1762/333/129
f 1179/228/130 1180/264/130 1202/334/130 1201/320/130
f 1194/315/131 1200/335/131 1761/336/131 1770/337/131 1759/316/131
f 1772/338/132 1760/339/132 1201/340/132 1195/310/132 1757/309/132 1769/341/132 1768/342/132 1771/343/132
f 1196/311/133 1195/310/133 1201/340/133 1202/344/133
f 1197/345/134 1198/346/134 1204/318/134 1203/317/134
f 1199/347/135 1197/345/135 1203/317/135 1205/328/135
f 1198/312/136 1196/311/136 1202/344/136 1204/348/136
f 1194/349/137 1199/350/137 1205/330/137 1200/329/137
f 1190/291/138 1189/282/138 1206/351/138 1207/352/138
f 1748/353/139 1190/354/139 1207/296/139 1754/295/139 1773/355/139
f 1774/356/140 1755/298/140 1208/297/140 1191/357/140 1750/358/140
f 1192/359/141 1193/360/141 1210/241/141 1209/305/141
f 1193/360/142 1191/361/142 1208/242/142 1210/241/142
f 1189/282/143 1192/281/143 1209/362/143 1206/351/143
f 1786/363/144 1775/364/144 1776/365/144 1778/366/144 1777/367/144 1785/368/144 1781/369/144 1780/370/144 1779/371/144 1784/372/144 1782/373/144 1798/374/144 1797/375/144 1793/376/144 1794/377/144 1795/378/144 1796/379/144 1799/380/144 1790/381/144 1789/382/144 1791/383/144 1792/384/144 1788/385/144 1787/386/144
f 1784/372/144 1783/387/144 1782/373/144
f 1218/388/145 1219/389/145 684/390/145 945/391/145 467/392/145 595/393/145 1215/394/145 1217/395/145 1214/396/145 1221/397/145 1216/398/145 1220/399/145
f 467/400/146 945/401/146 1802/402/146 1784/403/146 1779/404/146 1801/405/146 1800/406/146
f 1804/407/147 1805/408/147 684/409/147 1219/410/147 1225/411/147 1220/412/147 1216/413/147 1224/414/147 1223/415/147 1222/416/147 1215/417/147 595/418/147 1803/419/147 1806/420/147 1788/421/147 1792/422/147 1807/423/147
f 1810/424/148 1802/425/148 945/426/148 684/427/148 1805/428/148 1812/429/148 1808/430/148 1809/431/148 1793/432/148 1797/433/148 1811/434/148
f 1776/435/149 1813/436/149 1803/437/149 595/438/149 467/439/149 1800/440/149 1814/441/149 1778/442/149
f 871/443/150 1226/444/150 1227/445/150
f 1222/446/150 817/447/150 1229/448/150 1228/449/150 1230/450/150 1231/451/150 1232/452/150 1217/453/150 1215/454/150
f 1237/455/151 1233/456/151 1236/457/151
f 1241/458/151 1242/459/151 1115/460/151 1240/461/151 1239/462/151 1238/463/151 1234/464/151 1051/465/151 1235/466/151
f 1220/467/152 1225/468/152 175/469/152 678/470/152 1243/471/152 1244/472/152 1218/473/152
f 871/443/153 1245/474/153 1226/444/153
f 817/447/154 1222/446/154 1223/475/154 1224/476/154 1216/477/154 1221/478/154 1214/479/154 1217/453/154 1232/452/154 1246/480/154 1247/481/154 1243/471/154 678/470/154
f 1249/482/155 1250/483/155 1251/484/155 1252/485/155 1248/486/155
f 393/487/156 1254/488/156 1253/489/156
f 1027/490/157 1257/491/157 1255/492/157
f 1248/486/158 1252/485/158 1258/493/158 1256/494/158 1260/495/158 1259/496/158 1262/497/158
f 1252/485/144 1261/498/144 1258/493/144
f 1027/490/159 1255/492/159 1263/499/159
f 1264/500/160 1267/501/160 1113/502/160 1071/503/160 1092/504/160 1266/505/160 1265/506/160
f 1240/461/161 1115/460/161 1071/503/161 1113/502/161 1133/507/161 1121/508/161 1051/465/161 1234/464/161 1269/509/161 1271/510/161 1270/511/161 1272/512/161 1273/513/161 1832/514/161 1833/515/161
f 1273/516/145 1268/517/145 1240/518/145
f 1833/519/162 1832/520/162 1273/521/162 1240/522/162
f 1274/523/163 1275/524/163 1102/525/163
f 1277/526/164 1102/525/164 1276/527/164 1278/528/164
f 1279/529/164 1280/530/164 1281/531/164 1095/532/164 1282/533/164
f 1276/527/165 1102/525/165 1275/524/165 1294/534/165 1290/535/165
f 1294/534/166 1288/536/166 1290/535/166
f 1292/537/145 1095/532/145 1281/531/145 1293/538/145
f 1295/539/167 1283/540/167 1286/541/167 1284/542/167 1287/543/167 1285/544/167 1129/545/167 1125/546/167 1291/547/167 1289/548/167
f 1121/508/168 1133/507/168 1125/546/168 1129/545/168
f 1298/549/169 1229/550/169 817/551/169 1115/552/169 1242/553/169
f 1233/554/170 1296/555/170 1297/556/170 1236/557/170
f 1296/558/171 1299/559/171 1297/560/171
f 1301/561/172 1230/562/172 1228/563/172
f 1235/564/173 1051/565/173 871/566/173 1227/567/173 1302/568/173 1300/569/173
f 1303/570/174 1257/571/174 1027/572/174 1129/573/174 1285/574/174 1260/575/174 1256/576/174
f 1304/577/175 1245/578/175 871/566/175 1051/565/175 1121/579/175 1305/580/175
f 678/581/176 175/582/176 1092/583/176 1071/584/176
f 1306/585/177 1125/586/177 1133/587/177 1307/588/177
f 1282/589/178 1095/590/178 1309/591/178 1254/592/178 393/593/178 1308/594/178
f 1291/595/179 1125/586/179 1306/585/179 1309/591/179 1095/590/179 1292/596/179 1310/597/179
f 1274/598/180 1102/599/180 1311/600/180 1251/601/180 1250/602/180
f 1121/579/181 1129/573/181 1027/572/181 1263/603/181 1312/604/181 1305/580/181
f 1113/605/182 1267/606/182 1313/607/182
f 1092/608/182 175/609/182 1225/610/182 1219/611/182 1218/612/182 1244/613/182 1266/614/182
f 1307/588/183 1133/587/183 1113/605/183 1313/607/183
f 1315/615/184 1311/600/184 1102/599/184 1277/616/184
f 1253/617/184 1314/618/184 1280/619/184 1279/620/184 1308/621/184 393/622/184
f 817/551/185 678/581/185 1071/584/185 1115/552/185
f 1232/452/144 1231/451/144 38/623/144 310/624/144 444/625/144 142/626/144 1265/627/144 1266/628/144 1244/472/144 1243/471/144 1247/481/144 1246/480/144
f 1833/629/144 1239/630/144 1240/631/144
f 1833/629/144 1240/631/144 1273/632/144
f 1320/633/145 1300/634/145 1302/635/145 590/636/145 1316/637/145
f 1305/638/145 1312/639/145 1304/640/145
f 1269/509/145 1234/464/145 1238/463/145 1270/511/145 1271/510/145
f 1321/641/145 1314/642/145 1253/643/145 1254/644/145 1309/645/145 1306/646/145 1307/647/145 1313/648/145 1267/501/145 1264/500/145 1319/649/145 1317/650/145 1318/651/145 779/652/145 842/653/145 541/654/145 1303/655/145 1256/656/145 1258/657/145 1252/658/145 1251/659/145 1311/660/145 1315/661/145
f 444/662/186 310/663/186 541/664/186 842/665/186
f 1273/666/187 1272/667/187 1270/668/187 1238/669/187 1239/670/187 1833/671/187 1832/672/187
f 1832/672/188 1833/671/188 1273/666/188
f 1316/673/187 590/674/187 38/675/187 1231/676/187 1230/677/187 1301/678/187 1322/679/187
f 1319/680/187 1264/681/187 1265/682/187 142/683/187 779/684/187 1318/685/187 1323/686/187
f 142/687/189 444/688/189 842/689/189 779/690/189
f 1303/570/190 541/691/190 310/692/190 38/693/190 590/694/190 1302/568/190 1227/567/190 1226/695/190 1245/578/190 1304/577/190 1312/604/190 1263/603/190 1255/696/190 1257/571/190
f 798/697/191 1323/698/191 1318/699/191 1317/700/191 1328/701/191 1324/702/191 1330/703/191 1325/704/191
f 1326/705/192 1329/706/192 1327/707/192 66/708/192
f 1334/709/193 1332/710/193 1333/711/193
f 1331/712/194 1119/713/194 1332/714/194 1337/715/194 1336/716/194 1335/717/194
f 1229/448/195 1298/718/195 87/719/195 1322/720/195 1301/721/195 1228/449/195
f 1338/722/195 667/723/195 1241/724/195 1235/725/195 1300/726/195 1320/727/195 489/728/195 1340/729/195 1339/730/195
f 1319/731/196 1323/698/196 798/697/196 667/723/196 1338/722/196 1343/732/196 1341/733/196 1328/701/196 1317/700/196
f 489/728/197 1342/734/197 1340/729/197
f 1345/735/198 1351/736/198 1347/737/198 1346/738/198
f 332/739/198 1002/740/198 1348/741/198 1349/742/198
f 1344/743/199 1351/744/199 1350/745/199
f 983/746/200 1352/747/200 1353/748/200
f 1354/749/201 1359/750/201 1358/751/201
f 1356/752/200 1359/753/200 1360/754/200 1361/755/200
f 1356/756/202 1357/757/202 1355/758/202
f 983/746/203 1353/748/203 1362/759/203 1366/760/203 1450/761/203
f 1002/740/204 1368/762/204 1363/763/204 1348/741/204
f 1345/735/205 1346/738/205 1364/764/205 1367/765/205 1369/766/205 1376/767/205 1377/768/205 1365/769/205
f 1370/770/206 1034/771/206 1545/772/206 1372/773/206 1374/774/206 1371/775/206 1373/776/206
f 1369/777/207 1375/778/207 1378/779/207
f 1034/771/208 1380/780/208 1379/781/208 1545/772/208
f 1112/782/209 1381/783/209 1383/784/209
f 1384/785/210 1385/786/210 1070/787/210
f 1297/788/209 1087/789/209 1385/790/209 1381/791/209 1388/792/209 1387/793/209 1386/794/209 1237/455/209 1236/457/209
f 1381/791/209 1087/789/209 1297/788/209 1299/795/209 1382/796/209 1388/792/209
f 1112/782/211 1383/784/211 1389/797/211 1391/798/211 1390/799/211
f 1397/800/212 1400/801/212 1384/785/212 1070/787/212
f 1393/802/213 1400/803/213 1397/804/213
f 1398/805/214 1392/806/215 1396/807/215
f 1397/808/216 1119/713/216 1331/712/216 1395/809/216 1336/716/216 1337/715/216 1399/810/216 1396/811/216 1394/812/216
f 1392/813/217 1394/812/217 1396/811/217
f 1404/814/218 1402/815/218 1406/816/218 1403/817/218 1405/818/218
f 1401/819/219 1407/820/219 1408/821/219
f 1409/822/220 1096/823/220 1410/824/220
f 1100/825/221 1413/826/221 1414/827/221
f 1411/828/221 1412/829/221 1415/830/221
f 1405/831/222 1403/663/222 1416/832/222 1417/833/222 1418/834/222
f 1410/824/145 1096/823/145 1446/835/145 1516/836/145
f 1119/837/223 798/838/223 1325/839/223 1332/840/223
f 1332/841/223 1420/842/223 1421/843/223 1419/844/223 1333/845/223
f 1420/846/224 1326/847/224 66/848/224
f 1421/849/225 1420/850/225 1423/851/225
f 1420/852/226 66/853/226 1327/854/226 1422/855/226 1425/856/226 1424/857/226
f 1426/858/227 1375/859/227 1369/860/227 1427/861/227 1034/862/227 1370/863/227
f 1416/864/227 1368/865/227 1002/866/227 1429/867/227 1428/868/227 1417/869/227
f 1430/870/227 1369/871/227 1367/872/227
f 1425/856/228 1431/873/228 1432/874/228 1424/857/228
f 1242/553/229 1241/875/229 667/876/229 1433/877/229 1434/878/229 1385/879/229 1087/880/229 87/881/229 1298/549/229
f 1070/882/230 1385/883/230 1435/884/230
f 1436/885/231 1438/886/231 1439/887/231 1437/888/231
f 1100/889/232 1440/890/232 1413/891/232
f 1096/892/233 1409/522/233 1441/893/233
f 1415/894/232 1443/895/232 1411/896/232
f 1444/897/234 1360/898/234 1359/899/234
f 1442/900/232 1352/901/232 983/902/232 1441/903/235 1359/904/235 1354/905/232
f 1441/906/236 983/907/236 1450/908/236 1447/909/236 1448/910/236 1449/911/236
f 1446/912/236 1096/913/236 1441/906/236 1436/885/236 1437/888/236 1445/914/236
f 1454/915/237 332/916/237 1349/917/237 1401/918/237 1408/919/237 1451/920/237 1402/921/237 1404/922/237 1453/923/237 1452/924/237 1455/925/237
f 1351/926/237 1344/927/237 1456/928/237 1458/929/237
f 1457/930/237 1347/931/237 1351/932/237
f 1459/933/238 1380/934/238 1034/862/238 1427/861/238 1432/874/238 1431/873/238
f 1460/935/239 1429/867/239 1002/866/239 332/936/239 1454/937/239 1462/938/239 1461/939/239
f 1466/940/240 1464/941/241 1463/942/242 489/943/243 1320/944/243 1316/945/243 1322/946/243 87/947/243 1087/948/243 1381/949/243 1465/950/243
f 1112/951/243 1467/952/243 1381/949/243
f 1342/953/244 489/943/244 1463/942/244 1468/954/244
f 1439/887/244 1438/886/245 1467/952/245 1112/951/244 1390/955/244 1469/956/244
f 1458/929/246 1456/928/246 1357/957/246 1356/958/246
f 1100/889/247 1414/959/247 1440/890/247
f 1361/960/247 1470/930/247 1356/961/247
f 1433/877/248 667/876/248 798/838/248 1119/837/248 1397/962/248
f 1070/882/249 1435/884/249 1397/963/249
f 1437/964/144 1439/965/144 1469/966/144 1445/967/144
f 1471/968/144 1477/969/144 76/970/144
f 205/971/144 1419/972/144 1421/973/144 1423/974/144 1478/975/144 1483/976/144
f 1396/977/144 1399/978/144 1485/979/144 1484/980/144
f 1367/765/144 1364/764/144 1346/738/144 1347/737/144 1457/981/144 1476/982/144 1475/983/144 1474/984/144 1470/985/144 1361/755/144 1360/754/144 1444/986/144 1473/987/144 1472/988/144 386/989/144 448/990/144 1479/991/144 1480/992/144 1481/993/144 1482/994/144 1430/995/144
f 1503/996/145 1349/997/145 1348/998/145 1363/999/145 1368/1000/145 1416/1001/145 1403/817/145 1406/816/145 1502/1002/145 1496/1003/145 1498/1004/145 1413/826/145 1440/1005/145 462/1006/145 1497/1007/145 1487/1008/145 1488/1009/145 1495/1010/145 1489/1011/145 1492/1012/145 1493/1013/145 698/1014/145 898/1015/145 1491/1016/145 1490/1017/145
f 621/1018/145 1486/1019/145 1494/1020/145
f 1504/1021/145 1491/1016/145 898/1015/145 462/1006/145 1440/1005/145 1414/827/145 1413/826/145 1498/1004/145 1500/1022/145 1501/1023/145 1499/1024/145 1407/820/145 1401/819/145 1349/997/145 1503/996/145
f 448/1025/250 386/1026/250 462/1027/250 898/1028/250
f 1508/1029/215 1392/806/215 1398/805/214 1396/807/215 1484/1030/215 1510/1031/215 1509/1032/215
f 1505/1033/215 1334/1034/215 1333/845/215 1419/844/215 205/1035/215 698/1036/215 1493/1037/215
f 621/1038/215 76/1039/215 1477/1040/215 1506/1041/215 1486/1042/215
f 1487/1043/251 1507/1044/251 1488/1045/251
f 1512/1046/252 1479/1047/252 448/1048/252 898/1049/252 698/1050/252 205/1051/252 1483/1052/252 1511/1053/252 1513/1054/252
f 1514/1055/253 1471/1056/253 76/1057/253 621/1058/253 1494/1059/253
f 1446/912/253 1445/914/253 1469/956/253 1390/955/253 1391/1060/253 1518/1061/253 1519/1062/253 1520/1063/253 1515/1064/253 1497/1065/253 462/1066/253 386/1067/253 1472/1068/253 1517/1069/253 1443/1070/253 1415/1071/253 1412/1072/253 1521/1073/253 1522/1074/253 1523/1075/253 1516/1076/253
f 1527/1077/145 1378/1078/145 1375/1079/145 1426/1080/145 454/1081/145 245/1082/145 1442/1083/145 1354/1084/145 1358/1085/145 1533/1086/145 1524/1087/145 1355/1088/145 1357/1089/145 1456/1090/145 1344/1091/145 1350/1092/145 1525/1093/145 1528/1094/145 1526/1095/145 1377/1096/145 1376/1097/145
f 1388/792/145 5/1098/145 1387/793/145
f 1529/1099/145 1532/1100/145 1531/1101/145 1530/1102/145
f 1395/809/145 1335/717/145 1336/716/145
f 1431/1103/145 1425/1104/145 1422/1105/145 102/1106/145 1459/1107/145
f 1279/1108/144 1282/1109/144 1308/1110/144 836/1111/144 759/1112/144 1324/702/144 1328/701/144 1341/733/144 1343/732/144 1338/722/144 1339/730/144 458/1113/144 1543/1114/144 1542/1115/144 1534/1116/144 1249/482/144 1248/486/144 1262/497/144 1259/496/144 1260/495/144 1285/1117/144 1287/1118/144 1541/1119/144 1286/1120/144 1283/1121/144 1295/1122/144 1537/1123/144 1538/1124/144 1539/1125/144 1540/1126/144
f 1536/1127/144 1535/1128/144 1294/1129/144 1275/1130/144 1274/1131/144 1250/483/144 1249/482/144 1534/1116/144 1543/1114/144 458/1113/144 836/1111/144 1308/1110/144 1279/1108/144 1540/1126/144
f 1233/1132/144 1237/1133/144 1386/1134/144 578/1135/144 1382/1136/144 1299/1137/144 1296/1138/144
f 836/1139/146 458/1140/146 245/1141/146 454/1142/146
f 1395/1143/147 1331/1144/147 1335/1145/147
f 1330/1146/147 1324/1147/147 759/1148/147 102/1149/147 1422/1150/147 1327/1151/147 1329/1152/147 1544/1153/147
f 1387/1154/147 5/1155/147 578/1156/147 1386/1157/147
f 1374/1158/148 1372/1159/148 1545/1160/148 1379/1161/148 1380/934/148 1459/933/148 102/1162/148 759/1163/148 836/1164/148 454/1165/148 1426/858/148 1370/863/148 1373/1166/148 1546/1167/148
f 5/1168/149 1388/1169/149 1382/1170/149 578/1171/149
f 1362/1172/149 1353/1173/149 1352/1174/149 1442/1175/149 245/1176/149 458/1177/149 1339/1178/149 1340/1179/149 1342/953/149 1468/954/149 1547/1180/149 1530/1181/149 1531/1182/149 1548/1183/149 1447/909/149 1450/908/149 1366/1184/149
f 1549/1185/254 720/1186/254 1505/1187/254 1493/1013/254 1492/1012/254 1551/1188/254 1550/1189/254
f 1513/1190/254 1511/1191/254 892/1192/254
f 1325/704/255 1330/703/255 1544/1193/255 1067/1194/255 1332/1195/255
f 1485/979/255 1337/1196/255 1332/1197/255 1117/1198/255 1510/1199/255 1484/980/255
f 557/1200/256 1552/1201/256 1554/1202/256 1559/1203/256 1556/1204/256 1555/1205/256 622/1206/256 1507/1207/256 1487/1008/256 1497/1007/256 1515/1208/256
f 1558/1209/256 1553/1210/256 1557/1211/256
f 1513/1190/257 892/1192/257 1512/1212/257
f 557/1200/258 1515/1208/258 1520/1213/258 1519/1214/258 1518/1215/258
f 1488/1009/259 1507/1207/259 622/1206/259 720/1186/259 1549/1185/259 1560/1216/259 1567/1217/259 1564/1218/259 1563/1219/259 1562/1220/259 1566/1221/259 1565/1222/259 1561/1223/259 1551/1188/259 1492/1012/259 1489/1011/259 1495/1010/259
f 272/1224/260 1540/1225/260 1539/1226/260 1010/1227/260
f 1525/1093/260 1351/1228/260 1345/1229/260 1528/1094/260
f 1476/1230/261 1457/1231/261 1351/1232/261
f 1533/1086/262 1359/1233/262 1356/1234/262 1524/1087/262
f 994/1235/263 1521/1236/263 1412/829/263 1411/828/263 1443/1237/263 1517/1238/263
f 1473/1239/264 1444/1240/264 1359/1241/264
f 1356/1242/265 1470/1243/265 1474/1244/265
f 1010/1245/266 1539/1246/266 1538/1247/266
f 1369/1248/267 1430/1249/267 1482/1250/267
f 1527/1077/268 1376/1097/268 1369/1251/268
f 994/1235/269 1523/1252/269 1522/1253/269 1521/1236/269
f 1345/1229/270 1365/1254/270 1377/1096/270 1526/1095/270 1528/1094/270
f 1570/1255/271 1089/1256/271 1506/1257/271 1568/1258/271
f 1381/1259/271 1385/1260/271 1089/1256/271 1570/1255/271 1569/1261/271 1568/1258/271 1506/1257/271 1477/969/271 1471/968/271 1514/1262/271
f 1108/1263/272 1465/1264/272 1381/1265/272
f 1434/1266/273 1077/1267/273 1385/1268/273
f 1394/1269/274 1392/1270/274 1508/1271/274 1509/1272/274 1510/1199/274 1397/1273/274
f 1397/1273/275 1510/1199/275 1117/1198/275
f 1399/978/276 1337/1196/276 1485/979/276
f 1108/1263/277 1547/1274/277 1468/1275/277 1463/1276/277 1466/1277/277 1465/1264/277
f 1466/940/240 1463/942/242 1464/941/241
f 1397/1278/278 1077/1267/278 1434/1266/278 1433/1279/278
f 1536/1127/279 1278/1280/279 1276/1281/279 1290/1282/279 1535/1128/279
f 1449/1283/280 1448/1284/280 1094/1285/280
f 1101/1286/281 1534/1116/281 1542/1115/281
f 1546/1287/282 1371/775/282 1374/774/282
f 1289/1288/282 1291/1289/282 1310/1290/282 1537/1123/282 1295/1122/282
f 1448/1284/144 1447/1291/144 1548/1292/144 1094/1285/144
f 1535/1128/283 1290/1282/283 1294/1129/283
f 1541/1119/284 1287/1118/284 1284/1293/284 1286/1120/284
f 720/1294/285 1117/1295/285 1332/841/285 1334/1034/285 1505/1033/285
f 1332/841/286 1067/1296/286 1420/842/286
f 1423/1297/287 1420/1298/287 1478/1299/287
f 1420/1300/288 1067/1301/288 1544/1302/288 1329/1303/288 1326/1304/288
f 1478/1305/288 1420/852/288 1424/857/288 892/1306/288 1511/1053/288 1483/1052/288
f 1481/1307/289 1427/861/289 1369/860/289 1482/1308/289
f 1369/1309/290 1378/1310/290 1527/1311/290
f 1371/1312/289 1546/1167/289 1373/1166/289
f 1292/596/289 1293/1313/289 1010/1314/289 1538/1315/289 1537/1316/289 1310/597/289
f 892/1306/291 1424/857/291 1432/874/291 1480/1317/291 1479/1047/291 1512/1046/291
f 1572/1318/292 1089/1319/292 1385/1320/292 1384/1321/292 1400/803/292 622/1322/292 1555/1323/292 1573/1324/292 1557/1325/292 1553/1326/292 1571/1327/292
f 1385/883/292 1077/1328/292 1435/884/292
f 1438/886/293 1436/885/293 1532/1329/293 1529/1330/293
f 1542/1331/294 1543/1332/294 1101/1333/294
f 1359/1334/294 1533/1335/294 1358/1336/294
f 1473/1337/294 1359/904/235 1441/903/235 994/1338/294 1517/1339/294 1472/1340/294
f 1441/1341/295 1449/1342/295 1094/1343/295
f 1436/885/296 1441/906/296 1094/1344/296 1548/1183/296 1531/1182/296 1532/1329/296
f 1523/1075/296 994/1345/296 1441/906/296 1409/1346/296 1410/1347/296 1516/1076/296
f 1351/926/297 1458/929/297 1475/1348/297 1476/1349/297
f 1540/1350/297 272/1351/297 1321/1352/297 1315/615/297 1277/616/297 1278/1353/297 1536/1354/297
f 1351/1355/298 1525/1356/298 1350/1357/298
f 1480/1317/299 1432/874/299 1427/861/299 1481/1307/299
f 1280/1358/300 1314/1359/300 1321/1360/300 272/1361/300 1010/1314/300 1293/1313/300 1281/1362/300
f 1381/949/301 1467/952/301 1108/1363/301
f 1552/1364/301 557/1365/301 1389/1366/301 1383/1367/301 1381/949/301 1514/1055/301 1494/1059/301 1486/1368/301 1506/1369/301 1089/1370/301 1572/1371/301 1574/1372/301
f 1530/1181/302 1547/1180/302 1108/1363/302 1467/952/245 1438/886/245 1529/1330/302
f 1391/1060/302 1389/1366/302 557/1365/302 1518/1061/302
f 1458/929/303 1356/958/303 1474/1373/303 1475/1348/303
f 1356/1374/304 1355/1375/304 1524/1376/304
f 1543/1332/303 1534/1377/303 1101/1333/303
f 1435/884/305 1077/1328/305 1397/963/305
f 622/1322/306 1400/803/306 1393/802/306 1397/804/306 1117/1295/306 720/1294/306
f 290/1378/145 12/1379/145 1580/1380/145 1579/1381/145 1585/1382/145 1586/1383/145 1588/1384/145 1578/1385/145 1587/1386/145 136/1387/145 409/1388/145 1577/1389/145 1576/1390/145 1581/1391/145 1582/1392/145 1575/1393/145
f 1584/1394/145 1583/1395/145 1589/1396/145
f 1454/1397/144 1455/1398/144 1594/1399/144 1592/1400/144 1591/1401/144 1593/1402/144 1590/1403/144 1607/1404/144 1606/1405/144 1605/1406/144 1604/1407/144 513/1408/144 932/1409/144 740/1410/144 1550/1411/144 1551/1412/144 1561/1413/144 1565/1414/144 1596/1415/144 1597/1416/144 1595/1417/144 1601/1418/144 1598/1419/144 1599/1420/144 1600/1421/144 1462/1422/144
f 1572/1423/144 1571/1424/144 650/1425/144 1574/1426/144
f 1554/1427/144 1602/1428/144 1559/1429/144
f 1603/1430/144 1608/1431/144 1609/1432/144
f 1577/1433/146 409/1434/146 932/1435/146 513/1436/146 290/1437/146 1575/1438/146 1610/1439/146
f 1567/1440/147 1560/1441/147 1549/1442/147 1550/1443/147 740/1444/147 136/1445/147 1587/1446/147 1611/1447/147
f 1589/1448/147 1583/1449/147 1609/1450/147 1608/1451/147
f 12/1452/147 650/1453/147 1571/1327/147 1553/1326/147 1558/1454/147 1612/1455/147 1580/1456/147
f 740/1457/148 932/1458/148 409/1459/148 136/1460/148
f 650/1461/149 12/1462/149 290/1463/149 513/1464/149 1604/1465/149 1615/1466/149 1614/1467/149 1613/1468/149 1602/1469/149 1554/1470/149 1552/1364/149 1574/1372/149
f 956/1471/307 1613/1472/307 1614/1473/307
f 1618/1474/307 1579/1381/307 1580/1380/307 1612/1475/307 710/1476/307 1617/1477/307 1616/1478/307
f 1568/1258/308 1569/1261/308 1062/1479/308
f 1584/1480/309 1114/1481/309 1573/1482/309 1555/1483/309 1556/1484/309 1053/1485/309 1603/1430/309 1609/1432/309 1583/1486/309
f 1588/1384/310 611/1487/310 236/1488/310 1578/1385/310
f 1617/1477/311 710/1476/311 611/1487/311 1588/1384/311 1586/1383/311 1585/1382/311 1579/1381/311 1618/1474/311 1619/1489/311
f 956/1471/312 1614/1473/312 1615/1490/312
f 1499/1024/313 1501/1023/313 1591/1491/313 1592/1492/313
f 451/1493/314 1600/1494/314 1599/1495/314
f 1620/1496/315 1622/1497/315 1591/1491/315 1501/1023/315 1500/1022/315 1498/1004/315 1607/1498/315 1590/1499/315 1623/1500/315
f 1623/1500/316 1590/1499/316 1593/1501/316 1591/1491/316 1622/1497/316 1621/1502/316
f 1565/1414/317 1566/1503/317 1109/1504/317 1596/1415/317
f 1075/1505/317 1563/1506/317 1564/1507/317 1567/1508/317 1611/1509/317 1090/1510/317
f 1562/1511/318 1563/1506/318 1075/1505/318 1114/1481/318 1584/1480/318 1589/1512/318 1608/1431/318 1603/1430/318 1053/1485/318 1120/1513/318 1134/1514/318 1109/1504/318 1566/1503/318
f 1406/1515/319 1402/1516/319 1451/1517/319 1105/1518/319 1502/1519/319
f 1105/1518/320 1452/1520/320 1453/1521/320
f 1490/1522/320 1097/1523/320 1460/1524/320 1461/1525/320 1503/1526/320
f 1623/1527/321 1496/1528/321 1502/1529/321 1622/1530/321 1620/1531/321
f 1429/1532/144 1460/1524/144 1097/1523/144 1428/1533/144
f 1622/1534/322 1502/1519/322 1105/1518/322 1453/1521/322 1404/1535/322 1405/1536/322 1418/1537/322 1126/1538/322 1128/1539/322 1496/1540/322 1621/1541/322
f 1623/1542/323 1621/1543/323 1496/1544/323
f 1128/1539/324 1126/1538/324 1134/1514/324 1120/1513/324
f 1612/1455/325 1558/1454/325 1557/1325/325 1573/1324/325 1114/1545/325 710/1546/325
f 1570/1547/326 1062/1548/326 1569/1549/326
f 1570/1550/327 1568/1551/327 1062/1552/327
f 1613/1468/328 956/1553/328 1053/1554/328 1556/1555/328 1559/1556/328 1602/1469/328
f 1128/1557/329 1606/1558/329 1607/1559/329 1498/1560/329 1496/1561/329
f 1604/1465/330 1605/1562/330 1120/1563/330 1053/1554/330 956/1553/330 1615/1466/330
f 1075/1564/331 1090/1565/331 236/1566/331 611/1567/331
f 1595/1568/332 1134/1569/332 1126/1570/332 1601/1571/332
f 1491/1572/333 1504/1573/333 451/1574/333 1599/1575/333 1598/1576/333 1097/1577/333 1490/1578/333
f 1601/1571/334 1126/1570/334 1418/1579/334 1417/869/334 1428/868/334 1097/1577/334 1598/1576/334
f 1594/1580/335 1105/1581/335 1451/920/335 1408/919/335 1407/1582/335 1499/1583/335 1592/1584/335
f 1128/1557/336 1120/1563/336 1605/1562/336 1606/1558/336
f 1596/1585/337 1109/1586/337 1597/1587/337
f 236/1588/337 1090/1589/337 1611/1590/337 1587/1591/337 1578/613/337
f 1597/1587/338 1109/1586/338 1134/1569/338 1595/1568/338
f 1462/1592/339 1600/1593/339 451/1594/339 1504/1595/339 1503/1596/339 1461/1597/339
f 1455/925/339 1452/924/339 1105/1581/339 1594/1580/339
f 1114/1545/340 1075/1564/340 611/1567/340 710/1546/340
f 1650/1598/145 1651/1599/145 1644/1600/145 1647/1601/145
f 1639/1602/145 1628/1603/145 1635/1604/145 1634/1605/145 430/1606/145 1630/1607/145 1629/1608/145 1626/1609/145
f 1626/1609/145 1631/1610/145 1627/1611/145 1632/1612/145 1644/1600/145 1651/1599/145 1639/1602/145
f 1632/1613/145 1631/1614/145 1624/1615/145 1625/1616/145 347/1617/145 1643/1618/145 1642/1619/145
f 1640/1620/145 68/1621/145 1641/1622/145
f 1648/1623/145 185/1624/145 1636/1625/145 1638/1626/145 1633/1627/145 1637/1628/145
f 1646/1629/145 1645/1630/145 1649/1631/145
f 1666/1632/144 1664/1633/144 633/1634/144
f 1667/1635/144 531/1636/144 1652/1637/144 1669/1638/144
f 1670/1639/144 1671/1640/144 1619/1641/144 1618/1642/144 1616/1643/144 1665/1644/144 1663/1645/144 1668/1646/144 1653/1647/144 1655/1648/144 878/1649/144 1657/1650/144 1656/1651/144 1661/1652/144 1658/1653/144 802/1654/144 1672/1655/144 1662/1656/144 1659/1657/144 1660/1658/144 1654/1659/144
f 531/1660/341 347/1661/341 1625/1662/341 1673/1663/341 1652/1664/341
f 1630/1665/341 430/1666/341 878/1667/341 1655/1668/341 1674/1669/341
f 1665/1670/342 1616/1671/342 1617/1672/342 1619/1673/342 1671/1674/342 1649/1675/342 1645/1676/342
f 1675/1677/342 1672/1678/342 802/1679/342 185/1680/342 1648/1681/342
f 68/1682/342 633/1683/342 1664/1684/342 1676/1685/342 1641/1686/342
f 1657/1687/343 878/1688/343 430/1689/343 1634/1690/343
f 1636/1691/343 185/1692/343 802/1693/343 1658/1694/343 1678/1695/343 1677/1696/343
f 1679/1697/344 1666/1698/344 633/1699/344 68/1700/344 1640/1701/344
f 1643/1702/344 347/1703/344 531/1704/344 1667/1705/344
f 1683/1706/344 1647/1707/344 1644/1708/344 1668/1709/344 1663/1710/344 1682/1711/344 1681/1712/344 1680/1713/344
f 1641/1622/345 1676/1714/345 777/1715/345 911/1716/345 25/1717/345 1679/1718/345 1640/1620/345
f 1646/1719/346 1116/1720/346 1059/1721/346 1056/1722/346 1682/1723/346 1663/1645/346 1665/1644/346 1645/1724/346
f 640/1725/347 93/1726/347 523/1727/347
f 1038/1728/348 911/1716/348 777/1715/348 640/1725/348 523/1727/348 1045/1729/348
f 1625/1616/349 1624/1615/349 1016/1730/349 365/1731/349 1673/1732/349
f 422/1733/350 1016/1730/350 968/1734/350
f 1642/1619/351 1031/1735/351 1035/1736/351 968/1734/351 1016/1730/351 1624/1615/351 1631/1614/351 1685/1737/351 1684/1738/351 1686/1739/351 1835/1740/351 1834/1741/351
f 1642/1619/352 1834/1741/352 1836/1742/352 1686/1739/352 1632/1613/352
f 1835/1740/353 1686/1739/353 1836/1742/353 1834/1741/353
f 1632/1743/354 1627/1744/354 1631/1745/354 1685/1746/354 1684/1747/354 1686/1748/354
f 1045/1729/355 1035/1736/355 1031/1735/355 1038/1728/355
f 1672/1655/356 1675/1749/356 1091/1750/356 1081/1751/356 1110/1752/356 1662/1656/356
f 1660/1658/357 1110/1752/357 1081/1751/357 1116/1720/357 1646/1719/357 1649/1753/357 1671/1640/357 1670/1639/357 1654/1659/357
f 1056/1722/358 1123/1754/358 1683/1755/358 1682/1723/358
f 1682/1711/344 1683/1706/344 1680/1713/344
f 1682/1711/344 1680/1713/344 1681/1712/344
f 1106/1756/359 1674/1757/359 1655/1648/359 1653/1647/359 1576/1758/359 1577/1759/359 1610/1760/359
f 1629/1761/359 1103/1762/359 1626/1763/359
f 1628/1764/360 1639/1765/360 1103/1762/360
f 1661/1652/360 1098/1766/360 1093/1767/360 1678/1768/360 1658/1653/360
f 1626/1763/361 1103/1762/361 1639/1765/361
f 1651/1769/362 1130/1770/362 1581/1771/362 1576/1772/362 1653/1773/362 1668/1774/362 1644/1775/362
f 1685/1746/363 1631/1745/363 1626/1763/363 1639/1765/363 1651/1776/363 1644/1777/363 1632/1743/363 1836/1778/363 1834/1779/363 1835/1780/363 1686/1748/363 1684/1747/363
f 1686/1781/364 1836/1782/364 1632/1783/364
f 1678/1768/365 1093/1767/365 1677/1784/365
f 1632/1613/366 1686/1739/366 1684/1738/366 1685/1737/366 1631/1614/366
f 1123/1754/367 1130/1785/367 1651/1786/367 1650/1787/367 1647/1788/367 1683/1755/367
f 1679/1789/368 25/1790/368 1059/1791/368 1116/1792/368 777/1793/368 1676/1685/368 1664/1684/368 1666/1794/368
f 1056/1795/369 1059/1796/369 25/1797/369 911/1798/369
f 1669/1799/370 1582/1800/370 1581/1801/370 1130/1802/370 1031/1803/370 1642/1804/370 1643/1702/370 1667/1705/370
f 1123/1805/371 1056/1795/371 911/1798/371 1038/1806/371
f 1081/1807/372 1091/1808/372 93/1809/372 640/1810/372
f 1638/1811/373 1035/1812/373 1045/1813/373 1633/1814/373
f 422/1815/374 968/1816/374 1093/1817/374 1098/1818/374 1656/1819/374 1657/1687/374 1634/1690/374 1635/1820/374
f 1636/1691/375 1677/1696/375 1093/1817/375 968/1816/375 1035/1812/375 1638/1811/375
f 1630/1665/376 1674/1669/376 1106/1821/376 365/1822/376 1016/1823/376 1103/1824/376 1629/1825/376
f 1130/1802/377 1123/1805/377 1038/1806/377 1031/1803/377
f 1673/1663/378 365/1822/378 1106/1821/378 1610/1439/378 1575/1438/378 1582/1826/378 1669/1827/378 1652/1664/378
f 1659/1828/379 1662/1829/379 1110/1830/379
f 523/1831/379 93/1832/379 1091/1833/379 1675/1834/379 1648/1835/379 1637/1836/379
f 1633/1814/380 1045/1813/380 523/1831/380 1637/1836/380
f 1659/1828/380 1110/1830/380 1660/1837/380
f 1016/1823/381 422/1838/381 1635/1839/381 1628/1840/381 1103/1824/381
f 1656/1841/381 1098/1842/381 1661/1843/381
f 1116/1792/382 1081/1807/382 640/1810/382 777/1793/382
f 4/1844/383 506/1845/383 533/1846/383
f 127/1847/384 164/1848/384 10/1849/384
f 4/1844/385 533/1846/385 547/1850/385 499/1851/385
f 518/1852/386 4/1844/386 499/1851/386
f 518/1852/387 543/1853/387 4/1844/387
f 276/1854/388 10/1855/388 164/1856/388
f 19/1857/389 960/1858/389 152/1859/389 317/1860/389
f 24/1861/390 766/1862/390 747/1863/390 341/1864/390
f 252/1865/391 377/1866/391 41/1867/391
f 400/1868/392 50/1869/392 263/1870/392
f 10/1871/393 276/1872/393 325/1873/393 849/1874/393
f 19/1875/394 317/1876/394 356/1877/394 809/1878/394
f 24/1861/395 341/1864/395 381/1879/395
f 41/1880/396 377/1881/396 416/1882/396
f 400/1883/397 299/1884/397 50/1885/397
f 1714/1886/398 299/1887/398 1713/1888/398
f 1713/1888/399 299/1887/399 400/1889/399 1693/1890/399 1694/1891/399
f 1692/1892/400 1693/1893/400 400/1868/400
f 1697/1894/401 1696/1895/401 416/1896/401
f 1697/1894/402 416/1896/402 377/1897/402 1701/1898/402 1698/1899/402
f 1700/1900/403 1701/1898/403 377/1897/403
f 1703/1901/404 1704/1902/404 381/1879/404
f 1703/1901/405 381/1879/405 341/1864/405 1706/1903/405 1705/1904/405
f 1708/1905/406 1706/1903/406 341/1864/406
f 1710/1906/407 356/1907/407 1711/1908/407
f 1711/1908/408 356/1907/408 317/1860/408 1718/1909/408 1712/1910/408
f 1718/1909/409 317/1860/409 1717/1911/409
f 1720/1912/410 325/1913/410 1721/1914/410
f 1721/1915/411 325/1916/411 276/1854/411 1688/1917/411 1687/1918/411
f 1688/1917/412 276/1854/412 1689/1919/412
f 1692/1892/413 400/1868/413 416/1896/413 1696/1895/413 1695/1920/413 1691/1921/413
f 416/1896/414 400/1868/414 263/1870/414
f 416/1896/415 263/1870/415 41/1922/415
f 1700/1923/416 377/1866/416 381/1879/416 1704/1902/416 1702/1924/416 1699/1925/416
f 252/1865/417 381/1879/417 377/1866/417
f 381/1879/418 252/1865/418 24/1861/418
f 1708/1905/419 341/1864/419 356/1926/419 1710/1927/419 1709/1928/419 1707/1929/419
f 341/1864/420 747/1863/420 760/1930/420 821/1931/420 356/1926/420
f 789/1932/421 760/1930/422 215/1933/422
f 1717/1911/423 317/1860/423 325/1913/423 1720/1912/423 1719/1934/423 1716/1935/423
f 317/1860/424 152/1859/424 862/1936/424 325/1913/424
f 855/1937/425 862/1938/425 152/1939/425
f 1689/1919/426 276/1854/426 299/1887/426 1714/1886/426 1715/1940/426 1690/1941/426
f 276/1854/427 164/1856/427 299/1887/427
f 299/1887/428 164/1856/428 50/1942/428
f 263/1943/429 50/1944/430 190/1945/431
f 263/1943/429 190/1945/431 225/1946/432
f 41/1947/433 263/1943/433 225/1946/433
f 41/1947/434 225/1946/434 252/1948/434
f 252/1948/435 225/1946/436 198/1949/437
f 252/1948/435 198/1949/437 24/1950/438
f 198/1949/439 215/1951/440 766/1952/441 24/1950/441
f 215/1951/440 198/1949/439 570/1953/439 1837/1954/439 1839/1955/439 1838/1956/439
f 1837/1954/439 570/1953/439 118/1957/439 1838/1956/439 1839/1955/439
f 1841/1958/442 118/1957/442 19/1959/442
f 215/1951/442 1838/1956/442 1840/1960/442
f 1838/1956/442 118/1957/442 1841/1958/442 1840/1960/442
f 1841/1961/443 19/1962/443 791/1963/443 1845/1964/443 1846/1965/443 1850/1966/443
f 1848/1967/444 1847/1968/444 466/1969/444 789/1970/444 215/1971/444 1840/1972/444 1849/1973/444 1851/1974/444 1843/1975/444 1842/1976/444 1844/1977/444
f 1843/1975/445 1851/1974/445 1849/1973/445 1840/1972/445 1841/1961/445 1850/1966/445 1846/1965/445 1845/1964/445 1847/1968/445 1848/1967/445 1844/1977/445 1842/1976/445
f 50/1944/446 164/1848/447 190/1945/448
f 190/1945/448 164/1848/447 127/1847/449
f 992/1978/450 506/1979/450 543/1980/450 190/1981/450 127/1982/450
f 118/1957/451 971/1983/451 960/1984/451 19/1959/451
f 1854/1985/452 152/1986/452 971/1983/452 118/1957/452 616/1987/452 1852/1988/452 1853/1989/452
f 616/1987/452 127/1847/452 1854/1985/452 1853/1989/452 1852/1988/452
f 1858/1990/453 127/1847/453 10/1849/453 1856/1991/453 1857/1992/453
f 1854/1985/453 1855/1993/453 152/1986/453
f 1854/1985/453 127/1847/453 1858/1990/453 1857/1992/453 1856/1991/453 1855/1993/453
f 1859/1994/454 1860/1995/454 484/1996/454
f 831/1997/455 1861/1998/455 1862/1999/455 10/2000/455
f 1860/1995/455 1859/1994/455 1862/1999/455 1861/1998/455
f 1859/2001/456 484/2002/456 855/2003/456 152/2004/456 1855/2005/456 1868/2006/456 1867/2007/456 1864/2008/456 1863/2009/456 1865/2010/456 1866/2011/456 1871/2012/456
f 10/2013/457 1862/2014/457 1870/2015/457 1869/2016/457 1856/2017/457
f 1862/2014/458 1859/2001/458 1871/2012/458 1866/2011/458 1865/2010/458 1863/2009/458 1864/2008/458 1867/2007/458 1868/2006/458 1855/2005/458 1856/2017/458 1869/2016/458 1870/2015/458
f 791/2018/459 809/1878/459 356/1877/459 466/2019/459 1847/2020/459 1872/2021/459 1845/2022/459
f 1847/2020/460 1845/2022/460 1872/2021/460
f 831/2023/461 849/2024/461 325/2025/461 484/2026/461 1860/2027/461 1873/2028/461 1861/2029/461
f 1860/2027/462 1861/2029/462 1873/2028/462
f 573/2030/463 700/2031/463 689/2032/463
f 518/1852/464 499/1851/464 198/1949/464 225/1946/464
f 118/2033/465 533/2034/465 506/2035/465 1006/2036/465 990/2037/465 616/2038/465
f 543/2039/466 518/2040/466 225/2041/466 190/2042/466
f 4/1844/467 543/1853/467 506/1845/467
f 499/1851/468 547/1850/468 570/1953/468 198/1949/468
f 547/1850/469 533/1846/469 602/2043/469 725/2044/469 604/2045/469
f 1845/2046/470 1872/2047/470 586/2048/470 730/2049/470 602/2050/470 533/2051/470 118/2052/470 1841/2053/470 1850/2054/470 1846/2055/470
f 1872/2047/471 1845/2046/471 1846/2055/471 1850/2054/471 1841/2053/471 118/2052/471
f 547/2056/472 604/2057/472 712/2058/472 700/2059/472 573/2060/472 1844/2061/472 1842/2062/472 1843/2063/472 1851/2064/472 1849/2065/472 1840/2066/472 1838/2067/472 1839/2068/472 1837/2069/472 570/2070/472
f 570/2070/473 1837/2069/473 1839/2068/473 1838/2067/473 1840/2066/473 1849/2065/473 1851/2064/473 1843/2063/473 1842/2062/473 1844/2061/473
f 1844/2071/474 573/2072/474 689/2073/474 586/2074/474 1872/2021/474 1847/2020/474 1848/2075/474
f 1872/2021/475 118/2076/475 570/2077/475 1844/2071/475 1848/2075/475 1847/2020/475
f 646/2078/476 675/2079/476 923/2080/476 656/2081/476
f 990/2082/477 1852/1988/477 616/1987/477
f 675/2079/478 646/2078/478 1865/2083/478 1863/2084/478 1864/2085/478 1867/2086/478
f 1863/2084/479 1865/2083/479 616/2087/479 1852/2088/479 1867/2086/479 1864/2085/479
f 646/2089/480 656/2090/480 634/2091/480 1873/2092/480 1860/2093/480 1859/2094/480 1871/2095/480 1866/2096/480 1865/2097/480
f 1859/2094/481 1860/2093/481 1873/2092/481 127/2098/481 616/2099/481 1865/2097/481 1866/2096/481 1871/2095/481
f 663/2100/482 888/2101/482 630/2102/482 506/1979/482 992/1978/482
f 656/2103/483 1014/2104/483 1018/2105/483 634/2106/483
f 884/2107/484 916/2108/484 663/2109/484
f 916/2108/485 888/2110/485 663/2109/485
f 586/2111/486 689/2032/486 730/2112/486
f 730/2112/487 725/2113/487 602/2114/487
f 689/2032/488 700/2031/488 712/2115/488 725/2113/488 730/2112/488
f 712/2115/489 604/2116/489 725/2113/489
f 747/1863/420 215/1933/420 760/1930/420
f 789/1932/421 821/1931/421 760/1930/422
f 747/1863/390 766/1862/390 215/1933/390
f 791/2117/490 19/2118/490 809/2119/490
f 821/1931/491 789/1932/491 466/2120/491 356/1926/491
f 831/2023/492 10/2121/492 849/2024/492
f 862/2122/493 855/2123/493 484/2124/493 325/2125/493
f 916/2108/494 884/2107/494 923/2126/494 906/2127/494
f 675/2128/495 906/2127/495 923/2126/495
f 923/2126/496 884/2107/496 1014/2129/496 656/2130/496
f 935/2131/497 916/2132/497 906/2133/497
f 916/2108/498 948/2134/498 888/2110/498
f 916/2135/499 935/2136/499 948/2137/499
f 630/2138/500 888/2139/500 948/2140/500
f 935/2141/501 906/2127/501 675/2128/501 998/2142/501
f 971/1983/451 152/1986/502 960/1984/451
f 990/2082/503 1006/2143/503 998/2144/503 675/2145/503 1867/2146/503 1868/2147/503 1855/1993/503 1854/1985/503 1853/1989/503 1852/1988/503
f 1867/2146/504 1852/1988/504 1853/1989/504 1854/1985/504 1855/1993/504 1868/2147/504
f 1861/2029/505 1873/2028/505 634/2106/505 1018/2105/505 663/2100/505 992/1978/505 127/1982/505 1858/2148/505 1857/2149/505 1856/2150/505 1869/2151/505 1870/2152/505 1862/2153/505
f 1873/2028/506 1861/2029/506 1862/2153/506 1870/2152/506 1869/2151/506 1856/2150/506 1857/2149/506 1858/2148/506 127/1982/506
f 506/1845/507 630/2138/507 948/2140/507 935/2154/507 998/2144/507 1006/2143/507
f 1014/2104/508 884/2155/508 1018/2105/508
f 884/2155/509 663/2100/509 1018/2105/509
f 1742/1635/510 473/2156/510 55/2157/510 1739/2158/510
f 482/2159/511 74/2160/511 55/2157/511 473/2156/511
f 1766/2161/512 74/2162/512 482/2163/512 1767/2164/512 1765/2165/512
f 493/2166/513 1769/2167/513 1757/2168/513 1758/2169/513
f 1768/2170/514 1769/2167/514 493/2166/514 498/2171/514 109/2172/514 1771/2173/514
f 503/2174/515 123/2175/515 109/2172/515 498/2171/515
f 509/2176/516 141/2177/516 123/2175/516 503/2174/516
f 515/2178/517 159/2179/517 141/2177/517 509/2176/517
f 524/2180/518 178/2181/518 159/2179/518 515/2178/518
f 529/2182/519 194/2183/519 178/2184/519 524/2185/519
f 537/2186/520 208/2187/520 194/2183/520 529/2182/520
f 539/2188/521 219/2189/521 208/2187/521 537/2186/521
f 546/2190/522 238/2191/522 219/2189/522 539/2188/522
f 551/2192/523 260/2193/523 238/2191/523 546/2190/523
f 553/2194/524 283/2195/524 260/2193/524 551/2192/524
f 561/2196/525 298/2197/525 283/2195/525 553/2194/525
f 567/2198/526 313/2199/526 298/2197/526 561/2196/526
f 576/2200/527 329/2201/527 313/2199/527 567/2198/527
f 580/2202/528 343/2203/528 329/2204/528 576/2205/528
f 583/2206/529 352/2207/529 343/2203/529 580/2202/529
f 593/2208/530 369/2209/530 352/2207/530 583/2206/530
f 598/2210/531 384/2211/531 369/2209/531 593/2208/531
f 598/2210/532 1747/2212/532 1745/2213/532 1743/2214/532 384/2211/532
f 1753/2215/533 1752/2216/533 403/2217/533
f 1751/2218/534 609/2219/534 420/2220/534 403/2217/534 1752/2216/534
f 615/2221/535 437/2222/535 420/2223/535 609/2224/535
f 437/2222/536 615/2221/536 1734/2225/536 1735/2226/536
f 1737/2227/537 1740/2228/537 34/2229/537
f 1739/2230/538 55/2231/538 48/2232/538 34/2229/538 1740/2228/538
f 60/2233/539 48/2232/539 55/2231/539 74/2234/539
f 1766/323/540 1764/322/540 83/2235/540 60/2233/540 74/2234/540
f 1760/321/541 1772/2236/541 88/2237/541 83/2235/541 1764/322/541
f 1771/2238/542 109/2239/542 101/2240/542 88/2237/542 1772/2236/542
f 115/2241/543 101/2240/543 109/2239/543 123/2242/543
f 131/2243/544 115/2241/544 123/2242/544 141/2244/544
f 147/2245/545 131/2243/545 141/2244/545 159/2246/545
f 168/2247/546 147/2245/546 159/2246/546 178/2248/546
f 186/2249/547 168/2247/547 178/2248/547 194/2250/547
f 201/2251/548 186/2249/548 194/2250/548 208/2252/548
f 212/2253/549 201/2251/549 208/2252/549 219/2254/549
f 230/2255/550 212/2253/550 219/2254/550 238/2256/550
f 247/2257/551 230/2255/551 238/2256/551 260/2258/551
f 269/2259/552 247/2257/552 260/2258/552 283/2260/552
f 286/2261/553 269/2259/553 283/2260/553 298/2262/553
f 304/2263/554 286/2261/554 298/2262/554 313/2264/554
f 320/2265/555 304/2263/555 313/2264/555 329/2266/555
f 335/2267/556 320/2265/556 329/2266/556 343/2268/556
f 348/2269/557 335/2267/557 343/2268/557 352/2270/557
f 359/2271/558 348/2269/558 352/2270/558 369/2272/558
f 370/2273/559 359/2271/559 369/2272/559 384/2274/559
f 1749/294/560 392/2275/560 370/2273/560 384/2274/560 1743/2276/560 1744/2277/560
f 403/2278/561 399/2279/561 392/2275/561 1749/294/561 1748/293/561 1773/2280/561 1754/2281/561 1753/2282/561
f 412/2283/562 399/2279/562 403/2278/562 420/2284/562
f 428/2285/563 412/2283/563 420/2284/563 437/2286/563
f 428/2285/564 437/2286/564 1735/2287/564 1733/2288/564
f 1737/2227/144 34/2229/144 48/2232/144 60/2233/144 83/2235/144 88/2237/144 101/2240/144 115/2241/144 131/2243/144 147/2245/144 168/2247/144 186/2249/144 201/2251/144 212/2253/144 230/2255/144 247/2257/144 269/2259/144 286/2261/144 304/2263/144 320/2265/144 335/2267/144 348/2269/144 359/2271/144 370/2273/144 392/2275/144 399/2279/144 412/2283/144 428/2285/144 1733/2288/144 1730/2289/144 1722/2290/144 1727/2291/144
f 823/2292/145 813/2293/145 799/2294/145 784/2295/145 772/2296/145 763/2297/145 753/2298/145 737/2299/145 728/2300/145 717/2301/145 705/2302/145 691/2303/145 681/2304/145 664/2305/145 654/2306/145 644/2307/145 638/2308/145 625/2309/145 985/2310/145 981/2311/145 965/2312/145 953/2313/145 941/2314/145 930/2315/145 920/2316/145 908/2317/145 897/2318/145 881/2319/145 869/2320/145 861/2321/145 845/2322/145 833/2323/145
f 1738/2324/565 658/2325/565 1741/2326/565
f 1741/2326/566 658/2325/566 670/2327/566 473/2328/566 1742/2329/566
f 670/2327/567 687/2330/567 482/2331/567 473/2328/567
f 482/2331/568 687/2330/568 695/2332/568 1763/2333/568 1762/2334/568 1767/2335/568
f 1763/2333/569 695/2332/569 708/2336/569 493/2337/569 1758/2338/569 1759/2339/569 1770/2340/569 1761/2341/569
f 708/2336/570 723/2342/570 498/2343/570 493/2337/570
f 723/2342/571 734/2344/571 503/2345/571 498/2343/571
f 734/2344/572 742/2346/572 509/2347/572 503/2345/572
f 742/2346/573 755/2348/573 515/2349/573 509/2347/573
f 755/2348/574 771/2350/574 524/2351/574 515/2349/574
f 1804/2352/575 783/2353/575 529/2354/575 524/2351/575 771/2350/575 1812/2355/575 1805/2356/575
f 783/2353/576 794/2357/576 537/2358/576 529/2354/576
f 794/2357/577 806/2359/577 539/2360/577 537/2358/577
f 806/2359/578 814/2361/578 546/2362/578 539/2360/578
f 814/2361/579 826/2363/579 551/2364/579 546/2362/579
f 826/2363/580 838/2365/580 553/2366/580 551/2364/580
f 838/2365/581 850/2367/581 561/2368/581 553/2366/581
f 850/2367/582 867/2369/582 567/2370/582 561/2368/582
f 867/2369/583 876/2371/583 576/2372/583 567/2370/583
f 876/2371/584 889/2373/584 580/2374/584 576/2372/584
f 889/2373/585 903/2375/585 583/2376/585 580/2374/585
f 903/2375/586 913/2377/586 593/2378/586 583/2376/586
f 913/2377/587 925/2379/587 598/2380/587 593/2378/587
f 1747/2381/588 598/2380/588 925/2379/588 939/2382/588 1746/2383/588
f 1750/2384/589 1746/2383/589 939/2382/589 949/2385/589 1756/2386/589 1755/2387/589 1774/2388/589
f 1751/2389/590 1756/2386/590 949/2385/590 961/2390/590 609/2391/590
f 961/2390/591 975/2392/591 615/2393/591 609/2391/591
f 1734/2394/592 615/2393/592 975/2392/592 1736/2395/592
f 1724/2396/593 625/2309/594 638/2308/595 1726/2397/596
f 1726/2397/596 638/2308/595 644/2307/597 1729/2398/598
f 1729/2398/598 644/2307/597 654/2306/599 658/2325/600 1738/2324/601 1728/2399/601
f 670/2327/602 658/2325/600 654/2306/599 664/2305/603
f 687/2330/604 670/2327/602 664/2305/603 681/2304/605
f 1802/2400/606 1810/2401/607 695/2332/608 687/2330/604 681/2304/605 691/2303/609 1782/2402/610 1784/2403/606
f 1782/2402/610 691/2303/609 705/2302/611 1798/2404/612
f 708/2336/613 695/2332/608 1810/2401/607 1811/2405/614
f 1798/2404/612 705/2302/611 717/2301/615 723/2342/615 708/2336/613 1811/2405/614 1797/2406/616
f 734/2344/617 723/2342/615 717/2301/615 728/2300/618
f 742/2346/619 734/2344/617 728/2300/618 737/2299/620
f 1809/2407/621 755/2348/622 742/2346/619 737/2299/620 753/2298/623 1795/2408/624 1794/2409/625 1793/2410/625
f 753/2298/623 763/2297/626 1799/2411/627 1796/2412/628 1795/2408/624
f 771/2350/629 755/2348/622 1809/2407/621 1808/2413/630
f 763/2297/626 772/2296/631 1789/2414/632 1790/2415/633 1799/2411/627
f 1808/2413/630 1812/2355/634 771/2350/629
f 1807/2416/635 783/2353/632 1804/2352/636
f 772/2296/631 784/2295/637 794/2357/638 783/2353/632 1807/2416/635 1792/2417/639 1791/2418/639 1789/2414/632
f 806/2359/640 794/2357/638 784/2295/637 799/2294/641
f 814/2361/642 806/2359/640 799/2294/641 813/2293/642
f 826/2363/643 814/2361/642 813/2293/642 823/2292/644
f 838/2365/645 826/2363/643 823/2292/644 833/2323/646
f 850/2367/647 838/2365/645 833/2323/646 845/2322/648
f 867/2369/649 850/2367/647 845/2322/648 861/2321/650
f 1806/2419/651 876/2371/652 867/2369/649 861/2321/650 869/2320/653 1787/2420/652 1788/2421/654
f 1786/2422/655 1787/2420/652 869/2320/653 881/2319/656 1775/2423/657
f 889/2373/658 876/2371/652 1806/2419/651 1803/2424/659 1813/2425/660
f 1776/2426/661 1775/2423/657 881/2319/656 897/2318/662 903/2375/663 889/2373/658 1813/2425/660
f 913/2377/664 903/2375/663 897/2318/662 908/2317/664
f 925/2379/665 913/2377/664 908/2317/664 920/2316/666
f 939/2382/667 925/2379/665 920/2316/666 930/2315/668
f 949/2385/669 939/2382/667 930/2315/668 941/2314/670
f 961/2390/671 949/2385/669 941/2314/670 953/2313/672 1785/2427/673 1777/2428/674 1778/2429/674 1814/2430/675
f 1785/2427/673 953/2313/672 965/2312/676 1780/2431/677 1781/2432/678
f 975/2392/679 961/2390/671 1814/2430/675 1800/2433/680 1801/2434/681
f 1736/2395/682 975/2392/679 1801/2434/681 1779/2435/682 1780/2431/677 965/2312/676 981/2311/683 1732/2436/684 1731/2437/682
f 1732/2436/684 981/2311/683 985/2310/685 1725/2438/686 1723/2439/687
f 985/2310/685 625/2309/594 1724/2396/593 1725/2438/686
f 1875/2440/688 1876/2441/688 1874/2442/688 1883/2443/688 61/2444/688 119/2445/688 1878/2446/688 1880/2447/688 1881/2448/688 1879/2449/688 1882/2450/688 1877/2451/688
f 158/2452/689 155/2453/689 180/2454/689 188/2455/689 77/2456/689 1884/2457/689 1885/2458/689 1886/2459/689 1887/2460/689 1889/2461/689 1888/2462/689
f 82/2463/144 125/2464/144 1830/2465/144 1831/2466/144 1825/2467/144 1821/2468/144 1822/2469/144 1826/2470/144 1820/2471/144
f 1830/2465/144 125/2464/144 56/2472/144 40/2473/144 82/2463/144 1820/2471/144 1819/2474/144 1827/2475/144 1818/2476/144 1817/2477/144 1828/2478/144 1816/2479/144 1815/2480/144 1829/2481/144 1824/2482/144 1823/2483/144
f 35/2484/690 40/2485/690 30/2486/690 29/2487/690
f 125/2488/691 82/2489/691 73/2490/691 111/2491/691
f 1892/2492/145 150/2493/145 166/2494/145 220/2495/145 1893/2496/145 1894/2497/145 1895/2498/145 1896/2499/145 1891/2500/145 1890/2501/145
f 1900/2502/692 173/2503/692 166/2504/692 150/2505/692 158/2452/692 1888/2462/692 1897/2506/692 1899/2507/692 1898/2508/692 1901/2509/692
f 1904/2510/693 1907/2511/693 1908/2512/693 1905/2513/693 29/2487/693 30/2486/693 16/2514/693 22/2515/693 1902/2516/693 1903/2517/693 1906/2518/693 1909/2519/693 1910/2520/693
f 1924/2521/145 1917/2522/145 1916/2523/145 1914/2524/145 1915/2525/145 1913/2526/145 1911/2527/145 1912/2528/145 1918/2529/145 1919/2530/145 1920/2531/145 1925/2532/145 1923/2533/145 1921/2534/145 1922/2535/145
f 1878/2536/694 119/2537/694 105/2538/694 1930/2539/694 1929/2540/694 1927/2541/694 1926/2542/694 1928/2543/694
f 1914/2544/695 1916/2545/695 1931/2546/695 1932/2547/695
f 77/2456/696 84/2548/696 1935/2549/696 1934/2550/696 1933/2551/696 1884/2457/696
f 220/2495/697 166/2494/697 161/2552/697 229/2553/697
f 1936/2554/698 235/2555/698 246/2556/698 1937/2557/698 1939/2558/698 1938/2559/698 1940/2560/698 1942/2561/698 1941/2562/698 1943/2563/698 1945/2564/698
f 1936/2565/693 255/2566/693 265/2567/693
f 116/2568/699 105/2538/699 111/2491/699
f 73/2490/700 82/2489/700 84/2548/700 77/2456/700
f 105/2538/701 119/2537/701 125/2488/701 111/2491/701
f 77/2456/702 116/2568/702 111/2491/702 73/2490/702
f 1931/2546/703 1948/2569/703 1946/2570/703 1898/2508/703 1899/2507/703 1947/2571/703 1932/2547/703
f 1951/2572/704 1930/2539/704 105/2538/704 116/2568/704 1950/2573/704 1949/2574/704
f 35/2575/705 84/2576/705 82/2463/705 40/2473/705
f 119/2577/706 61/2578/706 56/2472/706 125/2464/706
f 84/2579/707 35/2580/707 1954/2581/707 1953/2582/707 1952/2583/707 1955/2584/707 1956/2585/707 1957/2586/707 1958/2587/707 1960/2588/707 1959/2589/707 1935/2590/707
f 40/2485/708 56/2591/708 16/2514/708 30/2486/708
f 1954/2592/709 35/2484/709 29/2487/709 1905/2513/709
f 1902/2516/710 22/2515/710 61/2593/710 1883/2594/710 1961/2595/710 1962/2596/710 1963/2597/710
f 56/2591/711 61/2593/711 22/2515/711 16/2514/711
f 158/2452/712 150/2505/712 155/2453/712
f 250/2598/707 180/2599/707 155/2600/707 1965/2601/707 1964/2602/707 1966/2603/707 1967/2604/707
f 259/2605/713 196/2606/713 191/2607/713 268/2608/713
f 166/2504/714 173/2503/714 161/2609/714
f 161/2610/688 196/2611/688 259/2612/688 229/2613/688
f 199/2614/715 116/2568/715 77/2456/715 188/2455/715 184/2615/715 191/2616/715
f 180/2454/716 184/2615/716 188/2455/716
f 191/2607/144 184/2617/144 237/2618/144 268/2608/144
f 161/2609/717 173/2503/717 1900/2502/717 1950/2573/717 116/2568/717 199/2614/717 196/2619/717
f 196/2619/718 199/2614/718 191/2616/718
f 180/2620/719 250/2621/719 237/2618/719 184/2617/719
f 229/2622/720 1970/2623/720 1971/2624/720 220/2625/720
f 1969/2626/721 1970/2623/721 229/2622/721
f 1968/2627/722 1969/2628/722 229/2629/722
f 1893/2630/695 220/2625/695 1971/2624/695
f 1941/2562/695 1942/2561/695 1972/2631/695 1891/2632/695 1896/2633/695
f 246/2556/723 235/2555/723 237/2634/723 250/2635/723 1974/2636/723 1975/2637/723 1973/2638/723
f 1974/2636/724 250/2635/724 1967/2639/724
f 1977/2640/724 1937/2557/724 246/2556/724 1973/2638/724 1976/2641/724
f 268/2642/725 1978/2643/725 259/2644/725
f 1978/2643/725 268/2642/725 255/2645/725
f 265/2567/726 255/2566/726 268/2646/726
f 1945/2564/694 1979/2647/694 1980/2648/694 1970/2623/694 229/2622/694 259/2644/694 1978/2643/694 1936/2554/694
f 1978/2643/694 255/2645/694 1936/2554/694
f 229/2649/145 1970/2649/145 1968/2649/145
f 268/2642/691 237/2634/691 235/2555/691 1936/2554/691 1978/2643/691
f 1936/2554/727 265/2650/727 268/2642/727 1978/2643/727
f 1965/2601/728 155/2600/728 150/2651/728 1892/2652/728
f 1/2653/729 59/2654/729 57/2655/729
f 59/2654/730 1921/2656/730 1923/2657/730
f 69/2658/730 1874/2659/730 1876/2660/730
f 79/2661/731 1/2653/731 57/2655/731
f 86/2662/732 1/2653/732 79/2661/732
f 86/2662/733 72/2663/733 1/2653/733
f 1874/2659/734 69/2658/734 95/2664/734 1961/2665/734 1883/2666/734
f 11/2667/735 64/2668/735 104/2669/735
f 1955/2670/736 113/2671/736 14/2672/736 1956/2673/736
f 126/2674/737 18/2675/737 1897/2676/737 1888/2677/737 1889/2678/737
f 91/2679/738 133/2680/738 1949/2681/738 1950/2682/738 1900/2683/738 1901/2684/738
f 95/2685/739 108/2686/739 468/2687/739 460/2688/739
f 104/2689/740 121/2690/740 315/2691/740 308/2692/740
f 1983/2693/741 14/2694/741 228/2695/741 234/2696/741 1987/2697/741 1985/2698/741 1984/2699/741 1986/2700/741 1981/2701/741 1982/2702/741
f 366/2703/742 380/2704/742 488/2705/742 485/2706/742 496/2707/742 500/2708/742
f 389/2709/743 385/2710/743 350/2711/743 344/2712/743
f 165/2713/744 26/2714/744 140/2715/744
f 174/2716/745 32/2717/745 143/2718/745
f 39/2719/746 148/2720/746 176/2721/746
f 151/2722/747 181/2723/747 42/2724/747
f 160/2725/748 170/2726/748 45/2727/748
f 181/2723/749 49/2728/749 170/2726/749
f 181/2723/750 170/2726/750 160/2725/750
f 42/2724/751 181/2723/751 160/2725/751
f 176/2721/752 49/2728/752 181/2723/752
f 151/2722/753 176/2721/753 181/2723/753
f 39/2719/754 176/2721/754 151/2722/754
f 176/2721/755 174/2716/755 49/2728/755
f 148/2720/756 174/2716/756 176/2721/756
f 148/2720/757 32/2717/757 174/2716/757
f 49/2728/758 174/2716/758 165/2729/758
f 174/2716/759 143/2718/759 165/2729/759
f 165/2713/760 143/2730/760 26/2714/760
f 49/2728/761 165/2729/761 170/2726/761
f 170/2726/762 165/2729/762 140/2731/762
f 170/2726/763 140/2731/763 45/2727/763
f 1992/2732/764 1993/2733/764 100/2734/764 160/2735/764 45/2736/764 1988/2737/764 1989/2738/764 1990/2739/764 1991/2740/764 1996/2741/764 1995/2742/764 1994/2743/764
f 160/2744/765 100/2745/765 133/2746/765
f 42/2747/766 160/2744/766 133/2746/766
f 151/2748/767 42/2747/768 135/2749/769
f 151/2748/770 135/2749/770 126/2750/770
f 39/2751/771 151/2748/771 126/2750/771
f 148/2752/772 39/2753/772 214/2754/772 2001/2755/772 2000/2756/772 2004/2757/772 2002/2758/772 2003/2759/772 1999/2760/772 1997/2761/772 1998/2762/772
f 113/2763/773 32/2764/773 148/2752/773 193/2765/773
f 32/2766/774 121/2690/775 143/2730/776
f 143/2730/776 121/2690/775 104/2689/777
f 143/2730/778 104/2689/778 26/2714/778
f 26/2714/779 108/2686/779 140/2715/779
f 140/2715/780 108/2686/780 95/2685/780
f 140/2767/781 95/2768/781 45/2736/781
f 42/2747/768 133/2746/782 135/2749/769
f 91/2679/783 135/2769/783 357/2770/783 361/2771/783
f 135/2769/784 91/2679/784 18/2772/784
f 214/2754/785 39/2753/785 126/2773/785 206/2774/785 226/2775/785
f 222/2776/786 1959/2777/786 1960/2778/786
f 289/2779/787 1885/2780/787 1884/2781/787 1933/2782/787 1934/2783/787
f 2005/2784/788 222/2785/788 1960/2786/788 1958/2787/788 14/2788/788 1983/2789/788 2010/2790/788 2011/2791/788 2007/2792/788 2008/2793/788 2009/2794/788 2006/2795/788
f 32/2766/789 113/2796/789 121/2690/789
f 1908/2797/790 121/2798/790 300/2799/790 303/2800/790 1952/2801/790 1953/2802/790 1954/2803/790 1905/2804/790
f 1907/2805/791 11/2806/791 121/2807/791 1908/2808/791
f 26/2714/792 104/2689/792 108/2686/792
f 64/2809/793 108/2810/793 323/2811/793 327/2812/793
f 1903/2813/794 108/2814/794 64/2815/794 1906/2816/794
f 2015/2817/795 2016/2818/795 100/2734/795 1993/2733/795
f 1988/2737/795 45/2736/795 95/2768/795 2012/2819/795 2013/2820/795 2014/2821/795
f 339/2822/796 423/2823/796 419/2824/796 457/2825/796 336/2826/796
f 69/2658/797 1877/2827/797 1882/2828/797 100/2829/797 2020/2830/797 2021/2831/797 2019/2832/797 2018/2833/797 2017/2834/797
f 1924/2835/798 72/2836/798 1917/2837/798
f 1948/2838/798 91/2839/798 1901/2840/798 1898/2841/798 1946/2842/798
f 72/2663/799 86/2662/799 91/2843/799 1948/2844/799 1931/2845/799 1916/2846/799 1917/2847/799
f 86/2848/800 18/2849/800 91/2850/800
f 1897/2676/801 18/2675/801 86/2662/801 1915/2851/801 1914/2852/801 1932/2853/801 1947/2854/801 1899/2855/801
f 1915/2851/802 86/2662/802 79/2661/802 1913/2856/802
f 1913/2857/803 79/2858/803 1911/2859/803
f 1957/2860/803 14/2861/803 1958/2862/803
f 1911/2859/804 79/2858/804 1912/2863/804
f 14/2861/804 1957/2860/804 1956/2864/804
f 79/2661/805 57/2655/805 1918/2865/805 1912/2866/805
f 1919/2867/806 1918/2868/806 57/2869/806
f 1904/2870/806 11/2871/806 1907/2872/806
f 72/2663/807 1924/2873/807 1922/2874/807
f 1875/2875/807 1877/2827/807 69/2658/807
f 59/2654/808 72/2663/808 1922/2874/808 1921/2656/808
f 69/2658/808 1876/2660/808 1875/2875/808
f 1/2653/809 72/2663/809 59/2654/809
f 57/2869/810 1920/2876/810 1919/2867/810
f 64/2877/810 11/2871/810 1904/2870/810 1910/2878/810
f 57/2655/811 59/2654/811 1925/2879/811 1920/2880/811
f 64/2815/812 1910/2881/812 1909/2882/812
f 59/2654/813 1923/2657/813 1925/2879/813
f 1906/2816/813 64/2815/813 1909/2882/813
f 228/2883/814 244/2884/814 241/2885/814 234/2886/814
f 148/2752/815 1998/2762/815 2025/2887/815 2024/2888/815 2026/2889/815 2023/2890/815 2022/2891/815
f 193/2765/816 148/2752/816 2022/2891/816 2029/2892/816 2028/2893/816 2027/2894/816
f 193/2765/817 204/2895/817 113/2763/817
f 204/2895/818 193/2765/818 2027/2894/818 2030/2896/818 2031/2897/818
f 113/2763/819 204/2895/819 261/2898/819 251/2899/819
f 226/2775/820 2032/2900/820 2001/2755/820 214/2754/820
f 2033/2901/820 211/2902/820 2034/2903/820
f 211/2902/820 2033/2901/820 2032/2900/820 226/2775/820 206/2774/820
f 206/2904/821 222/2905/821 211/2906/821
f 211/2907/822 222/2908/822 277/2909/822 267/2910/822
f 1987/2911/823 234/2886/823 241/2885/823 2039/2912/823 2035/2913/823 2036/2914/823 2038/2915/823 2037/2916/823
f 241/2885/824 244/2884/824 2045/2917/824 2044/2918/824 2040/2919/824 2041/2920/824 2042/2921/824 2043/2922/824 2039/2912/824
f 2045/2923/825 244/2924/825 228/2925/825 14/2926/825 2047/2927/825 2048/2928/825 2049/2929/825 2046/2930/825
f 266/2931/826 256/2932/826 251/2933/826 261/2934/826
f 14/2935/827 113/2936/827 251/2937/827 256/2938/827
f 2051/2939/828 2052/2940/828 266/2941/828 261/2898/828 204/2895/828 2031/2897/828 2050/2942/828
f 14/2943/829 256/2944/829 266/2945/829 2052/2946/829 2053/2947/829 2054/2948/829 2047/2949/829
f 267/2950/830 277/2951/830 275/2952/830
f 275/2953/831 277/2954/831 222/2955/831 2005/2956/831 2055/2957/831
f 211/2902/832 267/2958/832 275/2959/832 2055/2960/832 2056/2961/832 2034/2903/832
f 289/2779/833 294/2962/833 282/2963/833 1886/2964/833 1885/2780/833
f 206/2965/834 126/2966/834 282/2967/834 294/2968/834
f 222/2776/835 206/2969/835 294/2962/835 289/2779/835 1934/2783/835 1935/2970/835 1959/2777/835
f 1886/2971/836 282/2972/836 126/2973/836 1889/2974/836 1887/2975/836
f 303/2976/837 300/2977/837 297/2978/837
f 113/2979/838 1955/2980/838 1952/2981/838 303/2976/838 297/2978/838
f 121/2690/839 113/2796/839 297/2982/839 300/2983/839
f 315/2984/840 311/2985/840 308/2986/840
f 121/2987/841 11/2988/841 311/2985/841 315/2984/841
f 11/2988/842 104/2989/842 308/2986/842 311/2985/842
f 319/2990/843 327/2991/843 323/2992/843
f 104/2993/844 64/2994/844 327/2991/844 319/2990/844
f 108/2686/845 104/2689/845 319/2995/845 323/2996/845
f 339/2997/846 336/2998/846 331/2999/846
f 426/3000/847 423/3001/847 339/2997/847 331/2999/847
f 453/3002/848 457/3003/848 419/3004/848
f 350/2711/849 345/3005/849 344/2712/849
f 345/3006/850 350/3007/850 385/3008/850 1928/3009/850 1926/3010/850
f 389/3011/851 344/3012/851 345/3013/851 1926/3014/851 1927/3015/851 1929/3016/851
f 1980/3017/852 1979/3018/852 1944/3019/852 1945/3020/852 1943/3021/852 1941/3022/852 1896/3023/852 1895/3024/852 1894/3025/852 361/3026/852 357/3027/852 475/3028/852 479/3029/852
f 1944/3019/853 1979/3018/853 1945/3020/853
f 133/2680/854 91/2679/854 361/2771/854 353/3030/854
f 135/2749/855 133/2746/855 353/3031/855 357/3032/855
f 496/3033/856 372/3034/856 1939/3035/856 1937/3036/856 1977/3037/856
f 485/2706/857 372/3038/857 496/2707/857
f 372/3039/858 374/3040/858 1940/3041/858 1938/3042/858 1939/3043/858
f 1964/3044/859 380/3045/859 366/3046/859 1975/3047/859 1974/3048/859 1967/3049/859 1966/3050/859
f 415/3051/860 407/3052/860 380/3045/860 1964/3044/860 1965/3053/860 1892/3054/860 1890/3055/860
f 374/3056/861 410/3057/861 415/3051/861 1890/3055/861 1891/3058/861 1972/3059/861 1942/3060/861 1940/3061/861
f 407/3062/862 491/3063/862 488/2705/862 380/2704/862
f 398/3064/863 389/3011/863 1929/3016/863 1930/3065/863 1951/3066/863
f 2057/3067/864 1881/3068/864 1880/3069/864 1878/3070/864 1928/3009/864 385/3008/864 2059/3071/864 2060/3072/864 2061/3073/864 2062/3074/864 2058/3075/864
f 2065/3076/865 2059/3077/865 385/2710/865 389/2709/865 398/3078/865 2064/3079/865 2063/3080/865
f 2064/3079/866 398/3078/866 133/3081/866 100/3082/866 2068/3083/866 2067/3084/866 2066/3085/866
f 2068/3086/867 100/3087/867 1882/3088/867 1879/3089/867 1881/3068/867 2057/3067/867 2069/3090/867
f 133/3091/863 398/3064/863 1951/3066/863 1949/3092/863
f 126/2750/868 135/2749/868 410/3093/868 491/3063/868 407/3062/868
f 135/3094/869 18/3095/869 415/3051/869 410/3057/869
f 18/3095/870 126/3096/870 407/3052/870 415/3051/870
f 441/3097/871 452/3098/872 426/3099/873 453/3002/873 419/3004/873
f 452/3100/874 445/3101/874 423/2823/874 426/3102/874
f 445/3101/875 441/3103/875 419/2824/875 423/2823/875
f 2020/3104/876 100/3105/876 2072/3106/876 2071/3107/876 2073/3108/876
f 431/3109/877 69/3110/877 2017/3111/877 2070/3112/877 2074/3113/877 2075/3114/877
f 95/3115/878 69/3110/878 431/3109/878 434/3116/878
f 100/2734/879 2016/2818/879 2077/3117/879 2072/3118/879
f 2078/3119/880 2012/2819/880 95/2768/880 434/3120/880 2079/3121/880 2076/3122/880
f 441/3103/881 445/3101/881 431/3109/881 2075/3114/881 2080/3123/881 2082/3124/881 2081/3125/881 2083/3126/881 2084/3127/881 2085/3128/881
f 434/3116/882 431/3109/882 445/3101/882 452/3100/882
f 434/3120/883 452/3098/872 441/3097/871 2085/3129/883 2091/3130/883 2093/3131/883 2092/3132/883 2089/3133/883 2090/3134/883 2087/3135/883 2088/3136/883 2086/3137/883 2079/3121/883
f 468/2687/884 464/3138/884 460/2688/884
f 331/3139/885 336/3140/885 457/3003/885
f 331/3139/886 457/3003/886 453/3002/886 426/3099/886
f 108/3141/887 1903/3142/887 1902/3143/887 1963/3144/887 464/3145/887 468/3146/887
f 1962/3147/888 1961/3148/888 95/2955/888 460/3149/888 464/3150/888 1963/3151/888
f 475/3152/889 471/3153/889 479/3154/889
f 479/3029/890 471/3155/890 353/3156/890 361/3026/890 1894/3025/890 1893/3157/890 1971/3158/890 1968/2627/890 1969/2628/890 1970/2627/890 1980/3017/890
f 1968/2649/145 1971/2649/145 1970/2649/145
f 1969/2649/145 1968/2649/145 1970/2649/145
f 357/3032/891 353/3031/891 471/3159/891 475/3160/891
f 485/2706/892 488/2705/892 374/3161/892 372/3038/892
f 488/2705/893 491/3063/893 410/3093/893 374/3161/893
f 500/3162/894 496/3163/894 1977/3164/894 1976/3165/894
f 1975/3166/895 366/3167/895 500/3162/895 1976/3165/895 1973/3168/895
f 15/3169/896 293/3170/896 302/3171/896 23/3172/896
f 33/3173/897 309/3174/897 318/3175/897 44/3176/897
f 2006/3177/898 2009/3178/898 51/3179/898 44/3176/898 318/3175/898 326/3180/898 2000/3181/898 2001/3182/898 2032/3183/898 2033/3184/898 2034/3185/898 2056/3186/898 2055/3187/898 2005/3188/898
f 2007/3189/899 62/3190/899 51/3191/899 2009/3192/899 2008/3193/899
f 2000/3194/900 326/3195/900 334/3196/900 2002/3197/900 2004/3198/900
f 2011/3199/901 67/3200/901 62/3190/901 2007/3189/901
f 2002/3197/902 334/3196/902 2003/3201/902
f 1981/2701/903 67/3200/903 2011/3199/903 2010/3202/903 1982/2702/903
f 1982/2702/904 2010/3202/904 1983/2693/904
f 362/3203/905 2023/3204/905 2026/3205/905
f 2048/3206/906 94/3207/906 2049/3208/906
f 2023/3204/907 362/3203/907 368/3209/907 2028/3210/907 2029/3211/907 2022/3212/907
f 94/3207/908 2048/3206/908 2047/3213/908 2054/3214/908
f 2030/3215/909 2027/3216/909 2028/3210/909 368/3209/909 376/3217/909 107/3218/909 2050/3219/909 2031/3220/909
f 107/3218/910 376/3217/910 383/3221/910 120/3222/910
f 120/3223/911 383/3224/911 390/3225/911 129/3226/911
f 129/3226/912 390/3225/912 397/3227/912 134/3228/912
f 134/3228/913 397/3227/913 404/3229/913 145/3230/913
f 145/3230/914 404/3229/914 411/3231/914 154/3232/914
f 154/3232/915 411/3231/915 421/3233/915 163/3234/915
f 163/3234/916 421/3233/916 427/3235/916 172/3236/916
f 172/3236/917 427/3235/917 435/3237/917 183/3238/917
f 183/3239/918 435/3240/918 442/3241/918 192/3242/918
f 192/3242/919 442/3241/919 449/3243/919 200/3244/919
f 200/3244/920 449/3243/920 459/3245/920 207/3246/920
f 207/3246/921 459/3245/921 465/3247/921 213/3248/921
f 213/3248/922 465/3247/922 474/3249/922 218/3250/922
f 218/3250/923 474/3249/923 481/3251/923 227/3252/923
f 227/3252/924 481/3251/924 490/3253/924 239/3254/924
f 239/3254/925 490/3253/925 495/3255/925 249/3256/925
f 249/3256/926 495/3255/926 505/3257/926 258/3258/926
f 258/3259/927 505/3260/927 511/3261/927 270/3262/927
f 270/3262/928 511/3261/928 517/3263/928 279/3264/928
f 279/3264/929 517/3263/929 280/3265/929 6/3266/929
f 23/3172/930 302/3171/930 309/3174/930 33/3173/930
f 1997/3267/931 337/3268/931 328/3269/931 321/3270/931 312/3271/931 305/3272/931 295/3273/931 287/3274/931 284/3275/931 514/3276/931 508/3277/931 501/3278/931 494/3279/931 486/3280/931 478/3281/931 469/3282/931 463/3283/931 455/3284/931 446/3285/931 439/3286/931 432/3287/931 425/3288/931 414/3289/931 408/3290/931 401/3291/931 394/3292/931 387/3293/931 378/3294/931 371/3295/931 363/3296/931 358/3297/931 351/3298/931 2025/3299/931 1998/3300/931
f 6/3301/932 15/3302/932 520/3303/932 521/3304/932
f 15/3302/933 23/3305/933 525/3306/933 520/3303/933
f 23/3305/934 33/3307/934 528/3308/934 525/3306/934
f 33/3307/935 44/3309/935 530/3310/935 528/3308/935
f 44/3309/936 51/3311/936 535/3312/936 530/3310/936
f 2037/3313/937 538/3314/937 535/3312/937 51/3311/937 62/3315/937 1984/3316/937 1985/3317/937 1987/3318/937
f 2037/3313/938 2038/3319/938 538/3314/938
f 1984/3316/939 62/3315/939 67/3320/939 1986/3321/939
f 1986/3321/940 67/3320/940 1981/3322/940
f 94/3323/941 2046/3324/941 2049/3325/941
f 2052/3326/942 2051/3327/942 549/3328/942 2044/3329/942 2045/3330/942 2046/3324/942 94/3323/942 2054/3331/942 2053/3332/942
f 107/3333/943 550/3334/943 549/3328/943 2051/3327/943 2050/3335/943
f 107/3333/944 120/3336/944 554/3337/944 550/3334/944
f 120/3336/945 129/3338/945 556/3339/945 554/3337/945
f 129/3338/946 134/3340/946 559/3341/946 556/3339/946
f 134/3340/947 145/3342/947 563/3343/947 559/3341/947
f 145/3342/948 154/3344/948 565/3345/948 563/3343/948
f 154/3344/949 163/3346/949 568/3347/949 565/3345/949
f 163/3346/950 172/3348/950 572/3349/950 568/3347/950
f 172/3348/951 183/3350/951 575/3351/951 572/3349/951
f 183/3350/952 192/3352/952 577/3353/952 575/3351/952
f 192/3352/953 200/3354/953 582/3355/953 577/3353/953
f 200/3354/954 207/3356/954 585/3357/954 582/3355/954
f 207/3356/955 213/3358/955 588/3359/955 585/3357/955
f 213/3358/956 218/3360/956 591/3361/956 588/3359/956
f 218/3360/957 227/3362/957 594/3363/957 591/3361/957
f 227/3362/958 239/3364/958 597/3365/958 594/3363/958
f 239/3364/959 249/3366/959 599/3367/959 597/3365/959
f 249/3366/960 258/3368/960 603/3369/960 599/3367/960
f 258/3368/961 270/3370/961 606/3371/961 603/3369/961
f 270/3370/962 279/3372/962 607/3373/962 606/3371/962
f 279/3372/963 6/3301/963 521/3304/963 607/3373/963
f 177/3374/964 187/3375/964 736/3376/964 732/3377/964
f 293/3170/965 280/3265/965 284/3378/965 287/3379/965
f 302/3171/966 293/3170/966 287/3379/966 295/3380/966
f 309/3174/967 302/3171/967 295/3380/967 305/3381/967
f 318/3175/968 309/3174/968 305/3381/968 312/3382/968
f 326/3195/969 318/3383/969 312/3384/969 321/3385/969
f 334/3196/970 326/3195/970 321/3385/970 328/3386/970
f 328/3386/971 337/3387/971 1999/3388/971 2003/3201/971 334/3196/971
f 1999/3388/972 337/3387/972 1997/3389/972
f 2025/3390/973 351/3391/973 2024/3392/973
f 2024/3392/974 351/3391/974 358/3393/974 362/3203/974 2026/3205/974
f 368/3209/975 362/3203/975 358/3393/975 363/3394/975
f 376/3217/976 368/3209/976 363/3394/976 371/3395/976
f 383/3221/977 376/3217/977 371/3395/977 378/3396/977
f 390/3397/978 383/3398/978 378/3294/978 387/3293/978
f 397/3399/979 390/3397/979 387/3293/979 394/3292/979
f 404/3229/980 397/3227/980 394/3400/980 401/3401/980
f 411/3231/981 404/3229/981 401/3401/981 408/3402/981
f 421/3403/982 411/3404/982 408/3290/982 414/3289/982
f 427/3405/983 421/3403/983 414/3289/983 425/3288/983
f 435/3406/984 427/3405/984 425/3288/984 432/3287/984
f 442/3407/985 435/3406/985 432/3287/985 439/3286/985
f 449/3408/986 442/3407/986 439/3286/986 446/3285/986
f 459/3245/987 449/3243/987 446/3409/987 455/3410/987
f 465/3247/988 459/3245/988 455/3410/988 463/3411/988
f 474/3249/989 465/3247/989 463/3411/989 469/3412/989
f 481/3251/990 474/3249/990 469/3412/990 478/3413/990
f 490/3253/991 481/3251/991 478/3413/991 486/3414/991
f 495/3415/992 490/3416/992 486/3280/992 494/3279/992
f 505/3417/993 495/3415/993 494/3279/993 501/3278/993
f 511/3418/994 505/3417/994 501/3278/994 508/3277/994
f 517/3263/995 511/3261/995 508/3419/995 514/3420/995
f 280/3265/996 517/3263/996 514/3420/996 284/3378/996
f 6/3266/997 280/3265/997 293/3170/997 15/3169/997
f 9/3421/998 3/3422/998 521/3304/998 520/3303/998
f 20/3423/998 9/3421/998 520/3303/998 525/3306/998
f 28/3424/998 20/3423/998 525/3306/998 528/3308/998
f 37/3425/998 28/3424/998 528/3308/998 530/3310/998
f 47/3426/998 37/3425/998 530/3310/998 535/3312/998
f 53/3427/998 47/3426/998 535/3312/998 538/3314/998
f 2036/3428/998 63/3429/998 53/3427/998 538/3314/998 2038/3319/998
f 2043/3430/998 71/3431/998 63/3429/998 2036/3428/998 2035/3432/998 2039/3433/998
f 2042/3434/998 80/3435/998 71/3431/998 2043/3430/998
f 2041/3436/998 90/3437/998 80/3435/998 2042/3434/998
f 2044/3329/998 549/3328/998 98/3438/998 90/3437/998 2041/3436/998 2040/3439/998
f 106/3440/998 98/3438/998 549/3328/998 550/3334/998
f 112/3441/998 106/3440/998 550/3334/998 554/3337/998
f 122/3442/998 112/3441/998 554/3337/998 556/3339/998
f 132/3443/998 122/3442/998 556/3339/998 559/3341/998
f 138/3444/998 132/3443/998 559/3341/998 563/3343/998
f 149/3445/998 138/3444/998 563/3343/998 565/3345/998
f 157/3446/998 149/3445/998 565/3345/998 568/3347/998
f 169/3447/998 157/3446/998 568/3347/998 572/3349/998
f 177/3448/998 169/3447/998 572/3349/998 575/3351/998
f 187/3449/998 177/3448/998 575/3351/998 577/3353/998
f 197/3450/998 187/3449/998 577/3353/998 582/3355/998
f 203/3451/998 197/3450/998 582/3355/998 585/3357/998
f 210/3452/998 203/3451/998 585/3357/998 588/3359/998
f 217/3453/998 210/3452/998 588/3359/998 591/3361/998
f 223/3454/998 217/3453/998 591/3361/998 594/3363/998
f 232/3455/998 223/3454/998 594/3363/998 597/3365/998
f 242/3456/998 232/3455/998 597/3365/998 599/3367/998
f 253/3457/998 242/3456/998 599/3367/998 603/3369/998
f 262/3458/998 253/3457/998 603/3369/998 606/3371/998
f 273/3459/998 262/3458/998 606/3371/998 607/3373/998
f 3/3422/998 273/3459/998 607/3373/998 521/3304/998
f 9/3460/999 20/3461/999 624/3462/999 610/3463/999
f 63/3464/1000 71/3465/1000 660/3466/1000 652/3467/1000
f 187/3468/1001 197/3469/1001 743/3470/1001 736/3471/1001
f 71/3465/1002 80/3472/1002 665/3473/1002 660/3466/1002
f 197/3469/1003 203/3474/1003 748/3475/1003 743/3470/1003
f 80/3472/1004 90/3476/1004 672/3477/1004 665/3473/1004
f 203/3474/1005 210/3478/1005 756/3479/1005 748/3475/1005
f 90/3476/1006 98/3480/1006 676/3481/1006 672/3477/1006
f 210/3478/1007 217/3482/1007 761/3483/1007 756/3479/1007
f 98/3480/1008 106/3484/1008 683/3485/1008 676/3481/1008
f 217/3482/1009 223/3486/1009 767/3487/1009 761/3483/1009
f 106/3488/1010 112/3489/1010 688/3490/1010 683/3491/1010
f 223/3486/1011 232/3492/1011 773/3493/1011 767/3487/1011
f 112/3489/1012 122/3494/1012 694/3495/1012 688/3490/1012
f 232/3492/1013 242/3496/1013 778/3497/1013 773/3493/1013
f 122/3494/1014 132/3498/1014 702/3499/1014 694/3495/1014
f 776/3500/1015 781/3501/1015 1066/3502/1015 1060/3503/1015
f 242/3496/1016 253/3504/1016 785/3505/1016 778/3497/1016
f 132/3498/1017 138/3506/1017 706/3507/1017 702/3499/1017
f 273/3508/1018 3/3509/1018 619/3510/1018 796/3511/1018
f 253/3512/1019 262/3513/1019 790/3514/1019 785/3515/1019
f 138/3506/1020 149/3516/1020 713/3517/1020 706/3507/1020
f 28/3518/1021 37/3519/1021 636/3520/1021 629/3521/1021
f 262/3513/1022 273/3508/1022 796/3511/1022 790/3514/1022
f 149/3516/1023 157/3522/1023 719/3523/1023 713/3517/1023
f 37/3519/1024 47/3524/1024 641/3525/1024 636/3520/1024
f 157/3522/1025 169/3526/1025 726/3527/1025 719/3523/1025
f 47/3528/1026 53/3529/1026 647/3530/1026 641/3531/1026
f 20/3461/1027 28/3518/1027 629/3521/1027 624/3462/1027
f 169/3526/1028 177/3374/1028 732/3377/1028 726/3527/1028
f 53/3529/1029 63/3464/1029 652/3467/1029 647/3530/1029
f 803/3532/1030 805/3533/1030 619/3510/1030 610/3463/1030
f 810/3534/1031 803/3532/1031 610/3463/1031 624/3462/1031
f 812/3535/1032 810/3534/1032 624/3462/1032 629/3521/1032
f 816/3536/1033 812/3537/1033 629/3538/1033 636/3539/1033
f 818/3540/1034 816/3536/1034 636/3539/1034 641/3541/1034
f 820/3542/1035 818/3540/1035 641/3541/1035 647/3543/1035
f 825/3544/1036 820/3542/1036 647/3543/1036 652/3545/1036
f 827/3546/1037 825/3547/1037 652/3467/1037 660/3466/1037
f 829/3548/1038 827/3546/1038 660/3466/1038 665/3473/1038
f 834/3549/1039 829/3548/1039 665/3473/1039 672/3477/1039
f 837/3550/1040 834/3549/1040 672/3477/1040 676/3481/1040
f 839/3551/1041 837/3552/1041 676/3553/1041 683/3554/1041
f 841/3555/1042 839/3551/1042 683/3554/1042 688/3556/1042
f 844/3557/1043 841/3555/1043 688/3556/1043 694/3558/1043
f 848/3559/1044 844/3557/1044 694/3558/1044 702/3560/1044
f 852/3561/1045 848/3559/1045 702/3560/1045 706/3562/1045
f 853/3563/1046 852/3561/1046 706/3562/1046 713/3564/1046
f 858/3565/1047 853/3563/1047 713/3564/1047 719/3566/1047
f 860/3567/1048 858/3565/1048 719/3566/1048 726/3568/1048
f 864/3569/1049 860/3567/1049 726/3568/1049 732/3570/1049
f 865/3571/1050 864/3569/1050 732/3570/1050 736/3572/1050
f 870/3573/1051 865/3571/1051 736/3572/1051 743/3574/1051
f 873/3575/1052 870/3573/1052 743/3574/1052 748/3576/1052
f 875/3577/1053 873/3575/1053 748/3576/1053 756/3578/1053
f 877/3579/1054 875/3577/1054 756/3578/1054 761/3580/1054
f 880/3581/1055 877/3579/1055 761/3580/1055 767/3582/1055
f 883/3583/1056 880/3581/1056 767/3582/1056 773/3584/1056
f 886/3585/1057 883/3583/1057 773/3584/1057 778/3586/1057
f 891/3587/1058 886/3585/1058 778/3586/1058 785/3588/1058
f 894/3589/1059 891/3587/1059 785/3588/1059 790/3590/1059
f 895/3591/1060 894/3589/1060 790/3590/1060 796/3592/1060
f 805/3533/1061 895/3593/1061 796/3511/1061 619/3510/1061
f 3/3509/1062 9/3460/1062 610/3463/1062 619/3510/1062
f 614/3594/1063 617/3595/1063 805/3596/1063 803/3597/1063
f 626/3598/1063 614/3594/1063 803/3597/1063 810/3599/1063
f 632/3600/1064 626/3598/1063 810/3599/1063 812/3537/1064
f 637/3601/1063 632/3600/1064 812/3537/1064 816/3536/1064
f 645/3602/1063 637/3601/1063 816/3536/1064 818/3540/1063
f 651/3603/1063 645/3602/1063 818/3540/1063 820/3542/1063
f 657/3604/1064 651/3603/1063 820/3542/1063 825/3544/1064
f 662/3605/1063 657/3604/1064 825/3544/1064 827/3606/1063
f 669/3607/1063 662/3605/1063 827/3606/1063 829/3608/1063
f 673/3609/1064 669/3607/1063 829/3608/1063 834/3610/1064
f 679/3611/1063 673/3609/1064 834/3610/1064 837/3552/1063
f 685/3612/1064 679/3611/1063 837/3552/1063 839/3551/1064
f 692/3613/1063 685/3612/1064 839/3551/1064 841/3555/1063
f 699/3614/1063 692/3613/1063 841/3555/1063 844/3557/1063
f 703/3615/1063 699/3614/1063 844/3557/1063 848/3559/1063
f 711/3616/1063 703/3615/1063 848/3559/1063 852/3561/1063
f 716/3617/1063 711/3616/1063 852/3561/1063 853/3563/1063
f 722/3618/1063 716/3617/1063 853/3563/1063 858/3565/1063
f 727/3619/1064 722/3618/1063 858/3565/1063 860/3567/1064
f 733/3620/1063 727/3619/1064 860/3567/1064 864/3569/1063
f 741/3621/1063 733/3620/1063 864/3569/1063 865/3571/1063
f 746/3622/1064 741/3621/1063 865/3571/1063 870/3573/1064
f 751/3623/1064 746/3622/1064 870/3573/1064 873/3575/1064
f 757/3624/1063 751/3623/1064 873/3575/1064 875/3577/1063
f 764/3625/1063 757/3624/1063 875/3577/1063 877/3579/1063
f 769/3626/1063 764/3625/1063 877/3579/1063 880/3581/1063
f 776/3627/1063 769/3626/1063 880/3581/1063 883/3583/1063
f 781/3628/1064 776/3627/1063 883/3583/1063 886/3585/1064
f 787/3629/1064 781/3628/1064 886/3585/1064 891/3587/1064
f 795/3630/1063 787/3629/1064 891/3587/1064 894/3589/1063
f 801/3631/1064 795/3630/1063 894/3589/1063 895/3591/1064
f 617/3595/1063 801/3631/1064 895/3591/1064 805/3596/1063
f 614/3632/1065 626/3633/1065 910/3634/1065 899/3635/1065
f 699/3636/1066 703/3637/1066 988/3638/1066 984/3639/1066
f 905/3640/1067 901/3641/1067 915/3642/1067 919/3643/1067 926/3644/1067 931/3645/1067 938/3646/1067 943/3647/1067 951/3648/1067 955/3649/1067 963/3650/1067 969/3651/1067 973/3652/1067 980/3653/1067 986/3654/1067 991/3655/1067 999/3656/1067 1004/3657/1067 1011/3658/1067 1017/3659/1067 1022/3660/1067 1026/3661/1067 1032/3662/1067 1039/3663/1067 1044/3664/1067 1052/3665/1067 1058/3666/1067 1064/3667/1067 1069/3668/1067 1076/3669/1067 1080/3670/1067 1086/3671/1067
f 781/3672/1068 787/3673/1068 1072/3674/1068 1066/3675/1068
f 703/3637/1069 711/3676/1069 995/3677/1069 988/3638/1069
f 801/3678/1070 617/3679/1070 909/3680/1070 1085/3681/1070
f 787/3673/1071 795/3682/1071 1079/3683/1071 1072/3674/1071
f 711/3676/1072 716/3684/1072 1000/3685/1072 995/3677/1072
f 632/3686/1073 637/3687/1073 922/3688/1073 917/3689/1073
f 795/3682/1074 801/3678/1074 1085/3681/1074 1079/3683/1074
f 716/3684/1075 722/3690/1075 1008/3691/1075 1000/3685/1075
f 637/3687/1076 645/3692/1076 928/3693/1076 922/3688/1076
f 722/3690/1077 727/3694/1077 1012/3695/1077 1008/3691/1077
f 645/3696/1078 651/3697/1078 934/3698/1078 928/3699/1078
f 626/3633/1079 632/3686/1079 917/3689/1079 910/3634/1079
f 727/3694/1080 733/3700/1080 1019/3701/1080 1012/3695/1080
f 651/3697/1081 657/3702/1081 940/3703/1081 934/3698/1081
f 733/3700/1082 741/3704/1082 1024/3705/1082 1019/3701/1082
f 657/3702/1083 662/3706/1083 946/3707/1083 940/3703/1083
f 741/3708/1084 746/3709/1084 1030/3710/1084 1024/3711/1084
f 662/3706/1085 669/3712/1085 952/3713/1085 946/3707/1085
f 746/3709/1086 751/3714/1086 1037/3715/1086 1030/3710/1086
f 669/3712/1087 673/3716/1087 958/3717/1087 952/3713/1087
f 751/3714/1088 757/3718/1088 1041/3719/1088 1037/3715/1088
f 673/3716/1089 679/3720/1089 966/3721/1089 958/3717/1089
f 757/3718/1090 764/3722/1090 1049/3723/1090 1041/3719/1090
f 679/3720/1091 685/3724/1091 972/3725/1091 966/3721/1091
f 764/3722/1092 769/3726/1092 1055/3727/1092 1049/3723/1092
f 685/3728/1093 692/3729/1093 977/3730/1093 972/3731/1093
f 769/3726/1094 776/3500/1094 1060/3503/1094 1055/3727/1094
f 692/3729/1095 699/3636/1095 984/3639/1095 977/3730/1095
f 901/3732/1096 905/3733/1096 909/3680/1096 899/3635/1096
f 915/3734/1097 901/3732/1097 899/3635/1097 910/3634/1097
f 919/3735/1098 915/3734/1098 910/3634/1098 917/3689/1098
f 926/3736/1099 919/3735/1099 917/3689/1099 922/3688/1099
f 931/3645/1100 926/3644/1100 922/3737/1100 928/3738/1100
f 938/3646/1101 931/3645/1101 928/3738/1101 934/3739/1101
f 943/3740/1102 938/3741/1102 934/3698/1102 940/3703/1102
f 951/3742/1103 943/3740/1103 940/3703/1103 946/3707/1103
f 955/3743/1104 951/3742/1104 946/3707/1104 952/3713/1104
f 963/3744/1105 955/3743/1105 952/3713/1105 958/3717/1105
f 969/3651/1106 963/3650/1106 958/3745/1106 966/3746/1106
f 973/3652/1107 969/3651/1107 966/3746/1107 972/3747/1107
f 980/3653/1108 973/3652/1108 972/3747/1108 977/3748/1108
f 986/3654/1109 980/3653/1109 977/3748/1109 984/3749/1109
f 991/3655/1110 986/3654/1110 984/3749/1110 988/3750/1110
f 999/3656/1111 991/3655/1111 988/3750/1111 995/3751/1111
f 1004/3657/1112 999/3656/1112 995/3751/1112 1000/3752/1112
f 1011/3658/1113 1004/3657/1113 1000/3752/1113 1008/3753/1113
f 1017/3659/1114 1011/3658/1114 1008/3753/1114 1012/3754/1114
f 1022/3660/1115 1017/3659/1115 1012/3754/1115 1019/3755/1115
f 1026/3661/1116 1022/3660/1116 1019/3755/1116 1024/3756/1116
f 1032/3662/1117 1026/3661/1117 1024/3756/1117 1030/3757/1117
f 1039/3663/1118 1032/3662/1118 1030/3757/1118 1037/3758/1118
f 1044/3664/1119 1039/3663/1119 1037/3758/1119 1041/3759/1119
f 1052/3665/1120 1044/3664/1120 1041/3759/1120 1049/3760/1120
f 1058/3666/1121 1052/3665/1121 1049/3760/1121 1055/3761/1121
f 1064/3667/1122 1058/3666/1122 1055/3761/1122 1060/3762/1122
f 1069/3668/1123 1064/3667/1123 1060/3762/1123 1066/3763/1123
f 1076/3669/1124 1069/3668/1124 1066/3763/1124 1072/3764/1124
f 1080/3670/1125 1076/3669/1125 1072/3764/1125 1079/3765/1125
f 1086/3671/1126 1080/3670/1126 1079/3765/1126 1085/3766/1126
f 905/3733/1127 1086/3767/1127 1085/3681/1127 909/3680/1127
f 617/3679/1128 614/3632/1128 899/3635/1128 909/3680/1128
f 13/3768/1129 291/3769/1129 301/3770/1129 21/3771/1129
f 31/3772/1130 307/3773/1130 316/3774/1130 43/3775/1130
f 43/3775/1131 316/3774/1131 324/3776/1131 52/3777/1131
f 52/3778/1132 324/3779/1132 333/3780/1132 58/3781/1132
f 58/3781/1133 333/3780/1133 340/3782/1133 70/3783/1133
f 70/3783/1134 340/3782/1134 346/3784/1134 78/3785/1134
f 78/3785/1135 346/3784/1135 354/3786/1135 85/3787/1135
f 85/3787/1136 354/3786/1136 360/3788/1136 92/3789/1136
f 92/3789/1137 360/3788/1137 367/3790/1137 99/3791/1137
f 99/3791/1138 367/3790/1138 375/3792/1138 110/3793/1138
f 110/3794/1139 375/3795/1139 382/3796/1139 117/3797/1139
f 117/3797/1140 382/3796/1140 391/3798/1140 128/3799/1140
f 128/3799/1141 391/3798/1141 396/3800/1141 137/3801/1141
f 137/3801/1142 396/3800/1142 405/3802/1142 144/3803/1142
f 144/3803/1143 405/3802/1143 413/3804/1143 153/3805/1143
f 153/3805/1144 413/3804/1144 418/3806/1144 162/3807/1144
f 162/3807/1145 418/3806/1145 429/3808/1145 171/3809/1145
f 171/3809/1146 429/3808/1146 436/3810/1146 182/3811/1146
f 2088/3812/1147 182/3811/1147 436/3810/1147 443/3813/1147 2078/3814/1147 2076/3815/1147 2079/3816/1147 2086/3817/1147
f 443/3818/1148 450/3819/1148 2013/3820/1148 2012/3821/1148 2078/3822/1148
f 2080/3123/1149 2075/3114/1149 2074/3113/1149
f 450/3819/1150 2014/3823/1150 2013/3820/1150
f 2017/3111/1151 2018/3824/1151 2082/3124/1151 2080/3123/1151 2074/3113/1151 2070/3112/1151
f 2018/3824/1152 2019/3825/1152 221/3826/1152 2081/3125/1152 2082/3124/1152
f 1991/3827/1153 472/3828/1153 1996/3829/1153
f 2021/3830/1154 231/3831/1154 221/3826/1154 2019/3825/1154
f 480/3832/1155 1994/3833/1155 1995/3834/1155 1996/3829/1155 472/3828/1155
f 231/3831/1156 2021/3830/1156 2020/3104/1156 2073/3108/1156 2071/3107/1156 2069/3835/1156 2057/3836/1156 2058/3837/1156 2062/3838/1156 240/3839/1156
f 480/3832/1157 487/3840/1157 2015/3841/1157 1993/3842/1157 1992/3843/1157 1994/3833/1157
f 2063/3844/1158 2064/3845/1158 2066/3846/1158 2067/3847/1158
f 2061/3848/1159 2060/3849/1159 240/3839/1159 2062/3838/1159
f 2015/3841/1160 487/3840/1160 497/3850/1160 248/3851/1160 2065/3852/1160 2063/3844/1160 2067/3847/1160 2068/3853/1160 2069/3835/1160 2071/3107/1160 2072/3106/1160 2077/3854/1160 2016/3855/1160
f 248/3856/1161 497/3857/1161 504/3858/1161 257/3859/1161
f 257/3859/1162 504/3858/1162 510/3860/1162 271/3861/1162
f 271/3861/1163 510/3860/1163 516/3862/1163 278/3863/1163
f 278/3863/1164 516/3862/1164 281/3864/1164 7/3865/1164
f 21/3771/1165 301/3770/1165 307/3773/1165 31/3772/1165
f 338/3866/1166 330/3867/1166 322/3868/1166 314/3869/1166 306/3870/1166 296/3871/1166 288/3872/1166 285/3873/1166 512/3874/1166 507/3875/1166 502/3876/1166 492/3877/1166 483/3878/1166 477/3879/1166 470/3880/1166 461/3881/1166 456/3882/1166 447/3883/1166 440/3884/1166 433/3885/1166 424/3886/1166 417/3887/1166 406/3888/1166 402/3889/1166 395/3890/1166 388/3891/1166 379/3892/1166 373/3893/1166 364/3894/1166 355/3895/1166 349/3896/1166 342/3897/1166
f 7/3898/1167 13/3899/1167 519/3900/1167 522/3901/1167
f 13/3899/1168 21/3902/1168 526/3903/1168 519/3900/1168
f 21/3902/1169 31/3904/1169 527/3905/1169 526/3903/1169
f 31/3904/1170 43/3906/1170 532/3907/1170 527/3905/1170
f 43/3906/1171 52/3908/1171 534/3909/1171 532/3907/1171
f 52/3908/1172 58/3910/1172 536/3911/1172 534/3909/1172
f 58/3910/1173 70/3912/1173 540/3913/1173 536/3911/1173
f 70/3783/1174 78/3785/1174 542/3914/1174 540/3915/1174
f 78/3785/1175 85/3787/1175 544/3916/1175 542/3914/1175
f 85/3787/1176 92/3789/1176 545/3917/1176 544/3916/1176
f 92/3789/1177 99/3791/1177 548/3918/1177 545/3917/1177
f 99/3919/1178 110/3920/1178 552/3921/1178 548/3922/1178
f 110/3920/1179 117/3923/1179 555/3924/1179 552/3921/1179
f 117/3923/1180 128/3925/1180 558/3926/1180 555/3924/1180
f 128/3925/1181 137/3927/1181 560/3928/1181 558/3926/1181
f 137/3927/1182 144/3929/1182 564/3930/1182 560/3928/1182
f 144/3929/1183 153/3931/1183 566/3932/1183 564/3930/1183
f 153/3931/1184 162/3933/1184 569/3934/1184 566/3932/1184
f 162/3933/1185 171/3935/1185 571/3936/1185 569/3934/1185
f 171/3935/1186 182/3937/1186 574/3938/1186 571/3936/1186
f 2088/3939/1187 2087/3940/1187 579/3941/1187 574/3938/1187 182/3937/1187
f 2090/3942/1188 581/3943/1188 579/3941/1188 2087/3940/1188
f 2089/3944/1189 584/3945/1189 581/3943/1189 2090/3942/1189
f 2092/3946/1190 587/3947/1190 584/3945/1190 2089/3944/1190
f 221/3948/1191 2083/3949/1191 2081/3950/1191
f 2093/3951/1192 589/3952/1192 587/3947/1192 2092/3946/1192
f 221/3948/1193 231/3953/1193 2084/3954/1193 2083/3949/1193
f 2091/3955/1194 592/3956/1194 589/3952/1194 2093/3951/1194
f 231/3953/1195 240/3957/1195 596/3958/1195 592/3956/1195 2091/3955/1195 2085/3959/1195 2084/3954/1195
f 2059/3960/1196 2065/3961/1196 248/3962/1196 600/3963/1196 596/3958/1196 240/3957/1196 2060/3964/1196
f 248/3962/1197 257/3965/1197 601/3966/1197 600/3963/1197
f 257/3965/1198 271/3967/1198 605/3968/1198 601/3966/1198
f 271/3967/1199 278/3969/1199 608/3970/1199 605/3968/1199
f 278/3969/1200 7/3898/1200 522/3901/1200 608/3970/1200
f 179/3971/1201 189/3972/1201 738/3973/1201 731/3974/1201
f 291/3769/1202 281/3864/1202 285/3975/1202 288/3976/1202
f 301/3770/1203 291/3769/1203 288/3976/1203 296/3977/1203
f 307/3773/1204 301/3770/1204 296/3977/1204 306/3978/1204
f 316/3979/1205 307/3980/1205 306/3870/1205 314/3869/1205
f 324/3981/1206 316/3979/1206 314/3869/1206 322/3868/1206
f 333/3982/1207 324/3981/1207 322/3868/1207 330/3867/1207
f 340/3983/1208 333/3982/1208 330/3867/1208 338/3866/1208
f 346/3984/1209 340/3983/1209 338/3866/1209 342/3897/1209
f 354/3786/1210 346/3784/1210 342/3985/1210 349/3986/1210
f 360/3987/1211 354/3988/1211 349/3896/1211 355/3895/1211
f 367/3989/1212 360/3987/1212 355/3895/1212 364/3894/1212
f 375/3990/1213 367/3989/1213 364/3894/1213 373/3893/1213
f 382/3991/1214 375/3990/1214 373/3893/1214 379/3892/1214
f 391/3992/1215 382/3991/1215 379/3892/1215 388/3891/1215
f 396/3993/1216 391/3992/1216 388/3891/1216 395/3890/1216
f 405/3802/1217 396/3800/1217 395/3994/1217 402/3995/1217
f 413/3804/1218 405/3802/1218 402/3995/1218 406/3996/1218
f 418/3806/1219 413/3804/1219 406/3996/1219 417/3997/1219
f 429/3998/1220 418/3999/1220 417/3887/1220 424/3886/1220
f 436/4000/1221 429/3998/1221 424/3886/1221 433/3885/1221
f 443/4001/1222 436/4000/1222 433/3885/1222 440/3884/1222
f 450/3819/1223 443/3818/1223 440/4002/1223 447/4003/1223
f 450/3819/1224 447/4003/1224 456/4004/1224 1989/4005/1224 1988/4006/1224 2014/3823/1224
f 1989/4005/1225 456/4004/1225 461/4007/1225 1990/4008/1225
f 1991/3827/1226 1990/4008/1226 461/4007/1226 470/4009/1226 472/3828/1226
f 480/3832/1227 472/3828/1227 470/4009/1227 477/4010/1227
f 487/3840/1228 480/3832/1228 477/4010/1228 483/4011/1228
f 497/3850/1229 487/3840/1229 483/4011/1229 492/4012/1229
f 504/4013/1230 497/4014/1230 492/3877/1230 502/3876/1230
f 510/4015/1231 504/4013/1231 502/3876/1231 507/3875/1231
f 516/3862/1232 510/3860/1232 507/4016/1232 512/4017/1232
f 281/3864/1233 516/3862/1233 512/4017/1233 285/3975/1233
f 7/3865/1234 281/3864/1234 291/3769/1234 13/3768/1234
f 8/4018/1235 2/4019/1235 522/3901/1235 519/3900/1235
f 17/4020/1235 8/4018/1235 519/3900/1235 526/3903/1235
f 27/4021/1235 17/4020/1235 526/3903/1235 527/3905/1235
f 36/4022/1235 27/4021/1235 527/3905/1235 532/3907/1235
f 46/4023/1235 36/4022/1235 532/3907/1235 534/3909/1235
f 54/4024/1235 46/4023/1235 534/3909/1235 536/3911/1235
f 65/4025/1235 54/4024/1235 536/3911/1235 540/3913/1235
f 75/4026/1235 65/4025/1235 540/3913/1235 542/4027/1235
f 81/4028/1235 75/4026/1235 542/4027/1235 544/4029/1235
f 89/4030/1235 81/4028/1235 544/4029/1235 545/4031/1235
f 97/4032/1235 89/4030/1235 545/4031/1235 548/3922/1235
f 103/4033/1235 97/4032/1235 548/3922/1235 552/3921/1235
f 114/4034/1235 103/4033/1235 552/3921/1235 555/3924/1235
f 124/4035/1235 114/4034/1235 555/3924/1235 558/3926/1235
f 130/4036/1235 124/4035/1235 558/3926/1235 560/3928/1235
f 139/4037/1235 130/4036/1235 560/3928/1235 564/3930/1235
f 146/4038/1235 139/4037/1235 564/3930/1235 566/3932/1235
f 156/4039/1235 146/4038/1235 566/3932/1235 569/3934/1235
f 167/4040/1235 156/4039/1235 569/3934/1235 571/3936/1235
f 179/4041/1235 167/4040/1235 571/3936/1235 574/3938/1235
f 189/4042/1235 179/4041/1235 574/3938/1235 579/3941/1235
f 195/4043/1235 189/4042/1235 579/3941/1235 581/3943/1235
f 202/4044/1235 195/4043/1235 581/3943/1235 584/3945/1235
f 209/4045/1235 202/4044/1235 584/3945/1235 587/3947/1235
f 216/4046/1235 209/4045/1235 587/3947/1235 589/3952/1235
f 224/4047/1235 216/4046/1235 589/3952/1235 592/3956/1235
f 233/4048/1235 224/4047/1235 592/3956/1235 596/3958/1235
f 243/4049/1235 233/4048/1235 596/3958/1235 600/3963/1235
f 254/4050/1235 243/4049/1235 600/3963/1235 601/3966/1235
f 264/4051/1235 254/4050/1235 601/3966/1235 605/3968/1235
f 274/4052/1235 264/4051/1235 605/3968/1235 608/3970/1235
f 2/4019/1235 274/4052/1235 608/3970/1235 522/3901/1235
f 8/4053/1236 17/4054/1236 623/4055/1236 612/4056/1236
f 65/4057/1237 75/4058/1237 659/4059/1237 653/4060/1237
f 189/4061/1238 195/4062/1238 744/4063/1238 738/4064/1238
f 75/4058/1239 81/4065/1239 666/4066/1239 659/4059/1239
f 195/4062/1240 202/4067/1240 750/4068/1240 744/4063/1240
f 81/4065/1241 89/4069/1241 671/4070/1241 666/4066/1241
f 202/4067/1242 209/4071/1242 754/4072/1242 750/4068/1242
f 89/4069/1243 97/4073/1243 677/4074/1243 671/4070/1243
f 209/4071/1244 216/4075/1244 762/4076/1244 754/4072/1244
f 97/4073/1245 103/4077/1245 682/4078/1245 677/4074/1245
f 216/4075/1246 224/4079/1246 768/4080/1246 762/4076/1246
f 103/4081/1247 114/4082/1247 690/4083/1247 682/4084/1247
f 224/4079/1248 233/4085/1248 774/4086/1248 768/4080/1248
f 114/4082/1249 124/4087/1249 696/4088/1249 690/4083/1249
f 233/4085/1250 243/4089/1250 780/4090/1250 774/4086/1250
f 124/4087/1251 130/4091/1251 701/4092/1251 696/4088/1251
f 775/4093/1252 782/4094/1252 1065/4095/1252 1061/4096/1252
f 243/4097/1253 254/4098/1253 786/4099/1253 780/4100/1253
f 130/4091/1254 139/4101/1254 707/4102/1254 701/4092/1254
f 274/4103/1255 2/4104/1255 620/4105/1255 797/4106/1255
f 254/4098/1256 264/4107/1256 792/4108/1256 786/4099/1256
f 139/4101/1257 146/4109/1257 714/4110/1257 707/4102/1257
f 27/4111/1258 36/4112/1258 635/4113/1258 628/4114/1258
f 264/4107/1259 274/4103/1259 797/4106/1259 792/4108/1259
f 146/4109/1260 156/4115/1260 718/4116/1260 714/4110/1260
f 36/4112/1261 46/4117/1261 642/4118/1261 635/4113/1261
f 156/4115/1262 167/4119/1262 724/4120/1262 718/4116/1262
f 46/4121/1263 54/4122/1263 648/4123/1263 642/4124/1263
f 17/4054/1264 27/4111/1264 628/4114/1264 623/4055/1264
f 167/4119/1265 179/3971/1265 731/3974/1265 724/4120/1265
f 54/4122/1266 65/4057/1266 653/4060/1266 648/4123/1266
f 804/4125/1267 807/4126/1267 620/4105/1267 612/4056/1267
f 808/4127/1268 804/4125/1268 612/4056/1268 623/4055/1268
f 811/4128/1269 808/4127/1269 623/4055/1269 628/4114/1269
f 815/4129/1270 811/4128/1270 628/4114/1270 635/4113/1270
f 819/4130/1271 815/4129/1271 635/4113/1271 642/4118/1271
f 822/4131/1272 819/4132/1272 642/4124/1272 648/4123/1272
f 824/4133/1273 822/4131/1273 648/4123/1273 653/4060/1273
f 828/4134/1274 824/4133/1274 653/4060/1274 659/4059/1274
f 830/4135/1275 828/4134/1275 659/4059/1275 666/4066/1275
f 832/4136/1276 830/4135/1276 666/4066/1276 671/4070/1276
f 835/4137/1277 832/4136/1277 671/4070/1277 677/4074/1277
f 840/4138/1278 835/4137/1278 677/4074/1278 682/4078/1278
f 843/4139/1279 840/4140/1279 682/4141/1279 690/4142/1279
f 846/4143/1280 843/4139/1280 690/4142/1280 696/4144/1280
f 847/4145/1281 846/4143/1281 696/4144/1281 701/4146/1281
f 851/4147/1282 847/4145/1282 701/4146/1282 707/4148/1282
f 854/4149/1283 851/4147/1283 707/4148/1283 714/4150/1283
f 857/4151/1284 854/4149/1284 714/4150/1284 718/4152/1284
f 859/4153/1285 857/4151/1285 718/4152/1285 724/4154/1285
f 863/4155/1286 859/4153/1286 724/4154/1286 731/4156/1286
f 866/4157/1287 863/4155/1287 731/4156/1287 738/4158/1287
f 868/4159/1288 866/4157/1288 738/4158/1288 744/4160/1288
f 872/4161/1289 868/4159/1289 744/4160/1289 750/4162/1289
f 874/4163/1290 872/4161/1290 750/4162/1290 754/4164/1290
f 879/4165/1291 874/4163/1291 754/4164/1291 762/4166/1291
f 882/4167/1292 879/4165/1292 762/4166/1292 768/4168/1292
f 885/4169/1293 882/4167/1293 768/4168/1293 774/4170/1293
f 887/4171/1294 885/4169/1294 774/4170/1294 780/4172/1294
f 890/4173/1295 887/4171/1295 780/4172/1295 786/4174/1295
f 893/4175/1296 890/4173/1296 786/4174/1296 792/4176/1296
f 896/4177/1297 893/4175/1297 792/4176/1297 797/4178/1297
f 807/4126/1298 896/4179/1298 797/4106/1298 620/4105/1298
f 2/4104/1299 8/4053/1299 612/4056/1299 620/4105/1299
f 613/4180/1300 618/4181/1300 807/4182/1300 804/4183/1300
f 627/4184/1300 613/4180/1300 804/4183/1300 808/4185/1300
f 631/4186/1300 627/4184/1300 808/4185/1300 811/4187/1300
f 639/4188/1300 631/4186/1300 811/4187/1300 815/4189/1300
f 643/4190/1300 639/4188/1300 815/4189/1300 819/4191/1300
f 649/4192/1300 643/4190/1300 819/4191/1300 822/4193/1300
f 655/4194/1300 649/4192/1300 822/4193/1300 824/4195/1300
f 661/4196/1300 655/4194/1300 824/4195/1300 828/4197/1300
f 668/4198/1300 661/4196/1300 828/4197/1300 830/4199/1300
f 674/4200/1300 668/4198/1300 830/4199/1300 832/4201/1300
f 680/4202/1300 674/4200/1300 832/4201/1300 835/4203/1300
f 686/4204/1300 680/4202/1300 835/4203/1300 840/4140/1300
f 693/4205/1300 686/4204/1300 840/4140/1300 843/4139/1300
f 697/4206/1300 693/4205/1300 843/4139/1300 846/4143/1300
f 704/4207/1300 697/4206/1300 846/4143/1300 847/4145/1300
f 709/4208/1300 704/4207/1300 847/4145/1300 851/4147/1300
f 715/4209/1300 709/4208/1300 851/4147/1300 854/4149/1300
f 721/4210/1300 715/4209/1300 854/4149/1300 857/4151/1300
f 729/4211/1300 721/4210/1300 857/4151/1300 859/4153/1300
f 735/4212/1300 729/4211/1300 859/4153/1300 863/4155/1300
f 739/4213/1300 735/4212/1300 863/4155/1300 866/4157/1300
f 745/4214/1300 739/4213/1300 866/4157/1300 868/4159/1300
f 752/4215/1300 745/4214/1300 868/4159/1300 872/4161/1300
f 758/4216/1300 752/4215/1300 872/4161/1300 874/4163/1300
f 765/4217/1300 758/4216/1300 874/4163/1300 879/4165/1300
f 770/4218/1300 765/4217/1300 879/4165/1300 882/4167/1300
f 775/4219/1300 770/4218/1300 882/4167/1300 885/4169/1300
f 782/4220/1300 775/4219/1300 885/4169/1300 887/4171/1300
f 788/4221/1300 782/4220/1300 887/4171/1300 890/4173/1300
f 793/4222/1300 788/4221/1300 890/4173/1300 893/4175/1300
f 800/4223/1300 793/4222/1300 893/4175/1300 896/4177/1300
f 618/4181/1300 800/4223/1300 896/4177/1300 807/4182/1300
f 613/4224/1301 627/4225/1301 912/4226/1301 900/4227/1301
f 697/4228/1302 704/4229/1302 989/4230/1302 982/4231/1302
f 904/4232/1303 902/4233/1303 914/4234/1303 921/4235/1303 927/4236/1303 933/4237/1303 937/4238/1303 944/4239/1303 950/4240/1303 957/4241/1303 962/4242/1303 967/4243/1303 974/4244/1303 979/4245/1303 987/4246/1303 993/4247/1303 997/4248/1303 1005/4249/1303 1009/4250/1303 1015/4251/1303 1021/4252/1303 1028/4253/1303 1033/4254/1303 1040/4255/1303 1046/4256/1303 1050/4257/1303 1057/4258/1303 1063/4259/1303 1068/4260/1303 1074/4261/1303 1082/4262/1303 1088/4263/1303
f 782/4264/1304 788/4265/1304 1073/4266/1304 1065/4267/1304
f 704/4229/1305 709/4268/1305 996/4269/1305 989/4230/1305
f 800/4270/1306 618/4271/1306 907/4272/1306 1083/4273/1306
f 788/4265/1307 793/4274/1307 1078/4275/1307 1073/4266/1307
f 709/4268/1308 715/4276/1308 1001/4277/1308 996/4269/1308
f 631/4278/1309 639/4279/1309 924/4280/1309 918/4281/1309
f 793/4274/1310 800/4270/1310 1083/4273/1310 1078/4275/1310
f 715/4276/1311 721/4282/1311 1007/4283/1311 1001/4277/1311
f 639/4279/1312 643/4284/1312 929/4285/1312 924/4280/1312
f 721/4282/1313 729/4286/1313 1013/4287/1313 1007/4283/1313
f 643/4288/1314 649/4289/1314 936/4290/1314 929/4291/1314
f 627/4225/1315 631/4278/1315 918/4281/1315 912/4226/1315
f 729/4286/1316 735/4292/1316 1020/4293/1316 1013/4287/1316
f 649/4289/1317 655/4294/1317 942/4295/1317 936/4290/1317
f 735/4292/1318 739/4296/1318 1025/4297/1318 1020/4293/1318
f 655/4294/1319 661/4298/1319 947/4299/1319 942/4295/1319
f 739/4300/1320 745/4301/1320 1029/4302/1320 1025/4303/1320
f 661/4298/1321 668/4304/1321 954/4305/1321 947/4299/1321
f 745/4301/1322 752/4306/1322 1036/4307/1322 1029/4302/1322
f 668/4304/1323 674/4308/1323 959/4309/1323 954/4305/1323
f 752/4306/1324 758/4310/1324 1042/4311/1324 1036/4307/1324
f 674/4308/1325 680/4312/1325 964/4313/1325 959/4309/1325
f 758/4310/1326 765/4314/1326 1047/4315/1326 1042/4311/1326
f 680/4312/1327 686/4316/1327 970/4317/1327 964/4313/1327
f 765/4314/1328 770/4318/1328 1054/4319/1328 1047/4315/1328
f 686/4320/1329 693/4321/1329 978/4322/1329 970/4323/1329
f 770/4318/1330 775/4093/1330 1061/4096/1330 1054/4319/1330
f 693/4321/1331 697/4228/1331 982/4231/1331 978/4322/1331
f 902/4324/1332 904/4325/1332 907/4272/1332 900/4227/1332
f 914/4326/1333 902/4324/1333 900/4227/1333 912/4226/1333
f 921/4327/1334 914/4326/1334 912/4226/1334 918/4281/1334
f 927/4328/1335 921/4327/1335 918/4281/1335 924/4280/1335
f 933/4329/1336 927/4328/1336 924/4280/1336 929/4285/1336
f 937/4330/1337 933/4331/1337 929/4291/1337 936/4290/1337
f 944/4332/1338 937/4330/1338 936/4290/1338 942/4295/1338
f 950/4333/1339 944/4332/1339 942/4295/1339 947/4299/1339
f 957/4334/1340 950/4333/1340 947/4299/1340 954/4305/1340
f 962/4335/1341 957/4334/1341 954/4305/1341 959/4309/1341
f 967/4336/1342 962/4335/1342 959/4309/1342 964/4313/1342
f 974/4337/1343 967/4336/1343 964/4313/1343 970/4317/1343
f 979/4245/1344 974/4244/1344 970/4338/1344 978/4339/1344
f 987/4246/1345 979/4245/1345 978/4339/1345 982/4340/1345
f 993/4247/1346 987/4246/1346 982/4340/1346 989/4341/1346
f 997/4248/1347 993/4247/1347 989/4341/1347 996/4342/1347
f 1005/4249/1348 997/4248/1348 996/4342/1348 1001/4343/1348
f 1009/4250/1349 1005/4249/1349 1001/4343/1349 1007/4344/1349
f 1015/4251/1350 1009/4250/1350 1007/4344/1350 1013/4345/1350
f 1021/4252/1351 1015/4251/1351 1013/4345/1351 1020/4346/1351
f 1028/4253/1352 1021/4252/1352 1020/4346/1352 1025/4347/1352
f 1033/4254/1353 1028/4253/1353 1025/4347/1353 1029/4348/1353
f 1040/4255/1354 1033/4254/1354 1029/4348/1354 1036/4349/1354
f 1046/4256/1355 1040/4255/1355 1036/4349/1355 1042/4350/1355
f 1050/4257/1356 1046/4256/1356 1042/4350/1356 1047/4351/1356
f 1057/4258/1357 1050/4257/1357 1047/4351/1357 1054/4352/1357
f 1063/4259/1358 1057/4258/1358 1054/4352/1358 1061/4353/1358
f 1068/4260/1359 1063/4259/1359 1061/4353/1359 1065/4354/1359
f 1074/4261/1360 1068/4260/1360 1065/4354/1360 1073/4355/1360
f 1082/4262/1361 1074/4261/1361 1073/4355/1361 1078/4356/1361
f 1088/4357/1362 1082/4358/1362 1078/4275/1362 1083/4273/1362
f 904/4325/1363 1088/4357/1363 1083/4273/1363 907/4272/1363
f 618/4271/1364 613/4224/1364 900/4227/1364 907/4272/1364
